workstream,evidence_item,classification,evidence_status,unit_or_granularity,supports,does_not_support,authoritative_record,public_mirror_record
M0,whole-connectome reservoir/value-retention assay,NEGATIVE|ENGINEERING_ONLY,complete frozen bounded negative,simulated task and graph realization,tested topology did not meet frozen selective-retention criterion,universal connectome uselessness or biological memory failure,PHASE1_FALSIFICATION_REPORT.md,NOT_IN_PUBLIC_MIRROR
M3,Fish1.5 Experiment 1 primary recurrence-persistence association,NEGATIVE|BOUNDARY,primary positive direction unsupported; combined E1 indeterminate,82 neurons within one retrospective specimen,within-specimen non-support for frozen positive association,population effect causality or general absence of biological recurrence,results/experiment1/FISH15_EXPERIMENT1_SUMMARY.md,NOT_IN_PUBLIC_MIRROR
M3,Fish1.5 frozen topology-null family,INVALID|BOUNDARY,861 of 1000 correlations undefined; node-specific weighted strengths not preserved,null graph rewires,invalid/indeterminate frozen null inference,a valid null p-value or a biological negative,results/experiment1/FISH15_NULL_MODEL_RESULTS.csv,summery/FISH15_E1_TASK_COMPLIANCE_AUDIT_01/README.md
M3,Fish1.5 post-result conditioned-null diagnostic,ENGINEERING_ONLY|BOUNDARY,descriptive sensitivity only; mixing and saved-state limitations,1000-chain graph samples,observed association within descriptive range under the conditioned null,confirmatory calibrated graph-null inference or motif absence,model/FISH15_POSTRESULT_RECURRENCE_NULL_V1/README.md,summery/FISH15_POSTRESULT_RECURRENCE_NULL_V1/README.md
Biology,C. elegans AFD-AIY-RIM published mechanism,SUPPORTING,cell-class-level published intervention evidence,cell class and published animal experiments,RIM-dependent motor-state signal influences AIY representation and forward-run persistence in tested thermotaxis context,independent project replication unique synaptic carrier or left-right identity,BIOLOGICAL_COMPUTATION_EXTRACTION.md,NOT_IN_PUBLIC_MIRROR
Biology,C. elegans E4-v1 functional and behavioral public-data test,BOUNDARY|INVALID,blocked by data schema; not run,functional temperature alignment and behavioral animal identity,public source does not currently expose a deterministic frozen-contrast join,biological mechanism failure or animal-level E4 result,results/candidate_screen/CE_AFD_AIY_RIM_E4_SCHEMA_CLOSURE_REPORT.md,NOT_IN_PUBLIC_MIRROR
R20,R20-01 mPOA Nts to VTA,BOUNDARY,blocked by public substrate; E3 closed,maximum AXON_PROJECTION granularity,projectome-side marker/soma/VTA projection identity,local synapse-resolved Nts identity or tested recurrence mechanism,results/candidate_screen/R20_01_R22_PROJECTOME_CLOSURE_REPORT.md,NOT_IN_PUBLIC_MIRROR
R16,R16-1 larval MB plus DAN-c1,BOUNDARY,DATA_LIMITATION; E3 not opened,candidate circuit and public reconstruction,mechanism variable/identity substrate absent or incomplete,mechanism failure,results/candidate_screen/R16_1_ACQUISITION_FREEZE.md,NOT_IN_PUBLIC_MIRROR
R16,R16-2 larval MB DL1 plus DAN-f1/g1,BOUNDARY,PARTIAL / EXTERNALLY_UNDERDETERMINED,calcium records with unpublished identity bridge,measured source activity exists,publicly auditable identity alignment or E3-E5 result,results/candidate_screen/R16_2_ACQUISITION_FREEZE.md,NOT_IN_PUBLIC_MIRROR
R16,R16-3 C. elegans tyramine/olfactory sequence,NEGATIVE,SEALED E4 FAIL,one frozen candidate/task unit,matched counterfactual failed for this frozen chain,N2/N3 subresults as overall support or general circuit failure,results/candidate_screen/R16_3_E4_SEAL.md,NOT_IN_PUBLIC_MIRROR
R16,R16-4/R16-5,INVALID,NOT_CANDIDATE / mechanism-defining evidence unavailable,candidate screen,screening exclusions and evidence limits,a tested mechanism effect,results/candidate_screen/R16_CANDIDATE_SCREEN.md,NOT_IN_PUBLIC_MIRROR
R17,R17-A/B/C candidate screen,BOUNDARY|SUPPORTING,Stage-1 candidates only; acquisition/E3 incomplete,candidate-level literature/public artifact review,candidates exist for later independently frozen review,mechanism clearance or experiment result,results/candidate_screen/R17_STAGE1_SCREEN.md,NOT_IN_PUBLIC_MIRROR
R17,R17-D/E candidate screen,INVALID,NOT_CANDIDATE under stated C3/C6 screens,candidate-level evidence,documented exclusion reasons,mechanism test result,results/candidate_screen/R17_STAGE1_SCREEN.md,NOT_IN_PUBLIC_MIRROR
R18,R18-C Drosophila T4/T5 bounded biological reproduction,SUPPORTING,biological gate/reproduction passed within frozen claim,published source contrasts and bounded dataset,replication of declared figure contrasts within that evidence chain,independent cross-system recurrence motif or broad AI transfer,results/candidate_screen/R18_C_AI_TRANSFER_REVIEW.md,NOT_IN_PUBLIC_MIRROR
R18,R18-C artificial transfer,NEGATIVE|ENGINEERING_ONLY,sealed FAIL; implementation-specific and mechanistically inconclusive,frozen artificial test,that transfer implementation failed its declared criteria,biological mechanism failure or all artificial abstractions failing,results/candidate_screen/R18_C_AI_TRANSFER_REVIEW.md,NOT_IN_PUBLIC_MIRROR
R19,R19-A/B/C candidate screen,BOUNDARY|SUPPORTING,Stage-1 candidate only; no acquisition/E3,R19 candidate pairs,literature candidates for future distinct preregistration,biological result or clearance,results/candidate_screen/R19_STAGE1_SCREEN.md,NOT_IN_PUBLIC_MIRROR
FAFB,transmitter-axis mechanism candidate,NEGATIVE,executed E3 dispersion gate FAIL,declared axis in connectome reconstruction,axis lacks required identifiability under frozen gate,transmitter mechanism absence in biology,results/e3_fafb_transmitter/FAFB_MECHANISM_SEAL.md,NOT_IN_PUBLIC_MIRROR
FAFB,landing-DN gating candidate,BOUNDARY,DATA_LIMITATION; assay not opened,mechanism-defining variable absent from reconstruction,public reconstruction limitation,biological mechanism failure,results/candidate_screen/R13_DATA_LIMITATION_SEAL.md,NOT_IN_PUBLIC_MIRROR
MICRONS,MICrONS P1 mechanism identifiability,NEGATIVE|BOUNDARY,acquisition verified; E3 STRUCTURALLY UNIDENTIFIABLE,mouse VISp/higher-visual connectome candidate,declared mechanism fails measurement/identifiability gate,biological mechanism failure,results/candidate_screen/P1_E3_SEAL.md,NOT_IN_PUBLIC_MIRROR
BANC,BANC acquisition and paper reproduction,BOUNDARY|SUPPORTING,acquisition and reconciliation partial; tier-2 closed,public connectome and paper-defined populations,parts of published population/influence comparison reproduced after correcting specification,full E2-E5 clearance or model result,results/e2_reconciliation/R4_POPULATION_RECONCILIATION.md,NOT_IN_PUBLIC_MIRROR
M1-RR19,RR19 higher-order motion correction,BOUNDARY|ENGINEERING_ONLY,partial exploratory H1-H3; H4 post-result; no overall verdict,scene-derived units,partial estimator behavior and source-correlation boundaries,completed RR19 verdict or biological connectome evidence,experiments/m1_higher_order/RR19_STEP4_PARTIAL_RESULTS.md,NOT_IN_PUBLIC_MIRROR
M2,M2 source-data Figure 6C RIM-ablation reanalysis,BOUNDARY|SUPPORTING,event-level descriptive reanalysis; no animal-level inference,event/trajectory,source records contain RIM activity and event-level association,animal-level intervention contrast or independent replication,summery/M2_RIM_ABLATION_SOURCE_REANALYSIS/RESULTS.md,summery/M2_RIM_ABLATION_SOURCE_REANALYSIS/RESULTS.md
M2,M2 reproduction of Ji Figure 7 source model,POSITIVE|ENGINEERING_ONLY,post-result model reproduction,source-model simulation,source-model behavior under reproduced settings,independent biological validation or novel AI benefit,summery/M2_JI2021_FEEDBACK_DYNAMICS/RESULTS.md,summery/M2_JI2021_FEEDBACK_DYNAMICS/RESULTS.md
M2,M2 feedback site specificity V3/V4,BOUNDARY|ENGINEERING_ONLY,V3 source-model contrast; V4 persistence-match failed,model simulation and matched model controls,site-placement-dependent source-model behavior under tested model,matched persistence-mediated causal carrier or biological transfer,summery/M2_FEEDBACK_SITE_SPECIFICITY_V4/RESULTS.md,summery/M2_FEEDBACK_SITE_SPECIFICITY_V4/RESULTS.md
M2,M2 fixed and learned state-gated controllers,NEGATIVE|BOUNDARY|ENGINEERING_ONLY,mixed exploratory; corrected V1 invalid; V2/V3 conditional; closed-loop and parameter-matched comparisons adverse; targeted gain inconclusive,synthetic episodes and training seeds,task-dependent behavior of these specific policies,robust general AI gain or biological mechanism failure,experiments/m2_feedback/README.md,summery/M2_FORWARD_STATE_SENSORY_GATE_V3/RESULTS.md
M4,CA3-inspired Hopfield versus MAP partial-cue task,NEGATIVE|ENGINEERING_ONLY,post-result method-corrected implementation comparison,independent memory-set seeds,MAP outperformed tested Hopfield implementation under this generator,CA3 mechanism failure or resource-matched recurrent-memory conclusion,experiments/m4_ca3_partial_cue/RESULTS.md,summery/M4_CA3/RESULTS.md
M5,cerebellar-inspired eligibility trace v3 and task-generator follow-up,POSITIVE|NEGATIVE|BOUNDARY|ENGINEERING_ONLY,post-result; trace beats no-trace in tested conditions but replay/batch stronger and delay/input-dependent,task seeds with nested delays,gain over specified no-trace update on tested synthetic tasks,measured cerebellar rule broad AI advantage or biological validation,summery/M5_CEREBELLAR/RESULTS.md,summery/M5_CEREBELLAR/RESULTS.md
M5,delayed-reward and recurrent-reservoir bandit follow-ups,POSITIVE|NEGATIVE|BOUNDARY|ENGINEERING_ONLY,post-result; small trace advantage vs no-trace; replay remains stronger,task seeds and delays,limited online-learning contrast in two specific policy setups,architecture family generalization or replay superiority,summery/M5_DELAYED_REWARD_BANDIT/RESULTS.md,summery/M5_DELAYED_REWARD_BANDIT/RESULTS.md
M6,state-gated inference benchmark,NEGATIVE|BOUNDARY|ENGINEERING_ONLY,corrected exploratory; loses to generic innovation-adaptive filter and exact HMM,held-out synthetic episodes,gate can beat one global-gain baseline in a stipulated regime,biological feedback falsification or general AI benefit,summery/M6_STATE_GATED_INFERENCE/RESULTS.md,summery/M6_STATE_GATED_INFERENCE/RESULTS.md
M7,eligibility by temporal-correlation boundary,BOUNDARY|ENGINEERING_ONLY,exploratory; trace/no-trace direction varies with correlation and delay; replay wins all cells,paired task seeds within distinct objectives,correlation/delay boundary for fixed trace,uniform benefit or biological learning rule,summery/M7_TEMPORAL_CORRELATION_BOUNDARY/RESULTS.md,summery/M7_TEMPORAL_CORRELATION_BOUNDARY/RESULTS.md
M8,eligibility horizon frontier and equal-history replay,POSITIVE|NEGATIVE|BOUNDARY|ENGINEERING_ONLY,longer horizon helps some delays; exact replay beats trace under equal nominal history,task seeds,performance/history frontier for tested implementation,universal replay superiority or total-memory efficiency,summery/M8_TRACE_HORIZON_FRONTIER/RESULTS.md,summery/M8_MEMORY_MATCHED_REPLAY_ANALYSIS/RESULTS.md
M9,eligibility recurrent association v1/v2,POSITIVE|NEGATIVE|BOUNDARY|ENGINEERING_ONLY,v1 near no-trace/BPTT; v2 trace beats no-trace but falls below BPTT and D64 is not robust,task seeds with nested delays,limited trace update gain in revised task,superiority to BPTT or biological transfer,experiments/m9_m5_eprop_recurrent_association_v2/results/M9V2_RESULTS.md,summery/M9_M5_EPROP_RECURRENT_ASSOCIATION_V2/README.md
M10,delayed XOR eligibility benchmark,INVALID|BOUNDARY|ENGINEERING_ONLY,task-viability gate failed because BPTT was near chance; V2 short-delay optimization is post-result and below BPTT,task seeds,benchmark viability failure and short-delay optimization behavior,negative learning-rule conclusion on a viable task,experiments/m10_m5_eprop_temporal_xor/results/M10_RESULTS.md,summery/M10_M5_EPROP_TEMPORAL_XOR_V1/README.md
Drosophila-counterevidence,natural-scene and cue-ablation synthetic stress test,BOUNDARY|ENGINEERING_ONLY,constructed cue-sufficiency result with distribution-shift limits,synthetic scene seeds,feature sufficiency and failure after cue removal in constructed classifier,biological neural/behavioral validation or broad vision advantage,summery/DROSOPHILA_COUNTEREVIDENCE_NATURAL_SCENE_V1/RESULTS.md,summery/DROSOPHILA_COUNTEREVIDENCE_NATURAL_SCENE_V1/RESULTS.md
RR18-RR19,separately owned visual-motion project line,BOUNDARY|ENGINEERING_ONLY,RR18 sealed at A0; RR19 partial and separate,source-specific units and model outputs,only each lane's frozen engineering/source claim,mainline confirmation or authority to edit those files,RR18/README.md,NOT_IN_PUBLIC_MIRROR
