train_seed,policy,n_parameters,raw_parameters
42000,MODE_GAIN_FILTER,4,"[5.075288772583008, -1.5723493099212646, 2.0794332027435303, -0.00699416920542717]"
42000,GENERIC_RNN_1D,4,"[0.34132376313209534, -0.00019286184397060424, 0.9625090956687927, -0.0044040619395673275]"
42000,CONSTANT_GAIN_FILTER,3,"[6.286334037780762, -0.929729700088501, -0.030454395338892937]"
42001,MODE_GAIN_FILTER,4,"[5.045838832855225, -1.6677935123443604, 2.10746693611145, -0.00824026484042406]"
42001,GENERIC_RNN_1D,4,"[0.32612961530685425, 0.0014714628923684359, 0.9918661713600159, -0.003960166592150927]"
42001,CONSTANT_GAIN_FILTER,3,"[6.331549644470215, -0.9931071400642395, -0.005054863635450602]"
42002,MODE_GAIN_FILTER,4,"[4.947190284729004, -1.5299080610275269, 2.1708552837371826, -0.004348964896053076]"
42002,GENERIC_RNN_1D,4,"[0.326591432094574, 0.0026510083116590977, 0.9893472790718079, -0.0011519263498485088]"
42002,CONSTANT_GAIN_FILTER,3,"[6.358667373657227, -1.0012965202331543, -0.0021617894526571035]"
42003,MODE_GAIN_FILTER,4,"[5.3669304847717285, -1.7827154397964478, 2.28818941116333, -0.009131396189332008]"
42003,GENERIC_RNN_1D,4,"[0.3007751703262329, 0.0013102996163070202, 0.9980148673057556, 0.0005997031112201512]"
42003,CONSTANT_GAIN_FILTER,3,"[6.290367603302002, -0.9164649844169617, -0.01704324223101139]"
42004,MODE_GAIN_FILTER,4,"[5.018963813781738, -1.6486175060272217, 2.072474956512451, 0.01459722314029932]"
42004,GENERIC_RNN_1D,4,"[0.2902977466583252, -0.004363958723843098, 1.0096899271011353, -0.0038032641168683767]"
42004,CONSTANT_GAIN_FILTER,3,"[6.44541072845459, -1.0676168203353882, 0.005724363494664431]"
42005,MODE_GAIN_FILTER,4,"[5.287108898162842, -1.524285912513733, 2.1765739917755127, 0.011013703420758247]"
42005,GENERIC_RNN_1D,4,"[0.3305022716522217, -0.006375035271048546, 0.9858037829399109, -0.00013101790682412684]"
42005,CONSTANT_GAIN_FILTER,3,"[6.385942459106445, -1.02056884765625, 0.052090346813201904]"
42006,MODE_GAIN_FILTER,4,"[5.055324554443359, -1.6745396852493286, 2.168154239654541, -0.005713033024221659]"
42006,GENERIC_RNN_1D,4,"[0.2979949712753296, 0.002529960125684738, 1.0093063116073608, -0.0004921007202938199]"
42006,CONSTANT_GAIN_FILTER,3,"[6.348328113555908, -0.9715206623077393, -0.008209897205233574]"
42007,MODE_GAIN_FILTER,4,"[5.352840900421143, -1.6827754974365234, 2.1820638179779053, 0.004903486929833889]"
42007,GENERIC_RNN_1D,4,"[0.3189403712749481, -0.0018792729824781418, 1.0097154378890991, 0.001521935686469078]"
42007,CONSTANT_GAIN_FILTER,3,"[6.246551036834717, -0.889624834060669, -0.008504672907292843]"
42008,MODE_GAIN_FILTER,4,"[5.097655296325684, -1.490514874458313, 1.9308587312698364, -0.005040433257818222]"
42008,GENERIC_RNN_1D,4,"[0.3470040261745453, 0.00306201190687716, 0.978005588054657, -0.0007057715556584299]"
42008,CONSTANT_GAIN_FILTER,3,"[6.217782020568848, -0.8744118809700012, -0.01986798457801342]"
42009,MODE_GAIN_FILTER,4,"[5.194808006286621, -1.635332703590393, 2.1313416957855225, 0.0013083673547953367]"
42009,GENERIC_RNN_1D,4,"[0.32520949840545654, 0.003994499333202839, 1.0099889039993286, 0.0037560986820608377]"
42009,CONSTANT_GAIN_FILTER,3,"[6.287701606750488, -0.9288411140441895, -0.00341364205814898]"
42010,MODE_GAIN_FILTER,4,"[4.992028713226318, -1.4405295848846436, 1.977362036705017, 0.008500669151544571]"
42010,GENERIC_RNN_1D,4,"[0.3094188868999481, -0.0029347946401685476, 0.9915773272514343, 0.00010918567568296567]"
42010,CONSTANT_GAIN_FILTER,3,"[6.301446914672852, -0.9386539459228516, 0.0007332175155170262]"
42011,MODE_GAIN_FILTER,4,"[4.985293865203857, -1.6327664852142334, 2.1503219604492188, -0.013042032718658447]"
42011,GENERIC_RNN_1D,4,"[0.2971130907535553, 0.003978377673774958, 0.9997997283935547, 0.00014803471276536584]"
42011,CONSTANT_GAIN_FILTER,3,"[6.421862602233887, -1.0566188097000122, -0.01657930202782154]"
42012,MODE_GAIN_FILTER,4,"[5.369973182678223, -1.6386126279830933, 2.2260401248931885, -0.011748237535357475]"
42012,GENERIC_RNN_1D,4,"[0.3292367160320282, 0.006361410021781921, 1.0027670860290527, -0.0011421478120610118]"
42012,CONSTANT_GAIN_FILTER,3,"[6.339127540588379, -0.9763392806053162, -0.03185014799237251]"
42013,MODE_GAIN_FILTER,4,"[5.105999946594238, -1.5767583847045898, 2.083895444869995, 6.676949851680547e-06]"
42013,GENERIC_RNN_1D,4,"[0.3135387599468231, 0.0014229535590857267, 1.0036194324493408, -0.000587326823733747]"
42013,CONSTANT_GAIN_FILTER,3,"[6.280867099761963, -0.9275520443916321, -0.007856469601392746]"
42014,MODE_GAIN_FILTER,4,"[5.323799133300781, -1.6878379583358765, 2.185168743133545, -0.016968486830592155]"
42014,GENERIC_RNN_1D,4,"[0.30524736642837524, 0.0016580581432208419, 1.0118173360824585, -0.003293693996965885]"
42014,CONSTANT_GAIN_FILTER,3,"[6.240694046020508, -0.873181164264679, -0.06939507275819778]"
42015,MODE_GAIN_FILTER,4,"[4.939757347106934, -1.557356357574463, 2.054413080215454, -0.017552221193909645]"
42015,GENERIC_RNN_1D,4,"[0.3284785747528076, 0.0036437276285141706, 0.9669429659843445, -0.003144277958199382]"
42015,CONSTANT_GAIN_FILTER,3,"[6.232611656188965, -0.8897939920425415, -0.049290768802165985]"
42016,MODE_GAIN_FILTER,4,"[5.159333229064941, -1.7020610570907593, 2.1923534870147705, -0.0028817420825362206]"
42016,GENERIC_RNN_1D,4,"[0.2910851240158081, -0.0027435116935521364, 1.0036543607711792, -0.0010660740081220865]"
42016,CONSTANT_GAIN_FILTER,3,"[6.367382049560547, -0.9966955184936523, 0.009989218786358833]"
42017,MODE_GAIN_FILTER,4,"[5.274638652801514, -1.5869739055633545, 2.088036298751831, -0.012267325073480606]"
42017,GENERIC_RNN_1D,4,"[0.341500461101532, 0.005662810523062944, 1.014595627784729, 0.002795911394059658]"
42017,CONSTANT_GAIN_FILTER,3,"[6.287841796875, -0.9203665852546692, -0.0005885441787540913]"
42018,MODE_GAIN_FILTER,4,"[4.820026874542236, -1.5471928119659424, 1.9744032621383667, -0.013020944781601429]"
42018,GENERIC_RNN_1D,4,"[0.33729442954063416, 0.0028421576134860516, 0.962448000907898, 0.00012215739116072655]"
42018,CONSTANT_GAIN_FILTER,3,"[6.161974906921387, -0.8286359906196594, -0.011288133449852467]"
42019,MODE_GAIN_FILTER,4,"[5.205170154571533, -1.5813798904418945, 2.2036144733428955, -0.006776073947548866]"
42019,GENERIC_RNN_1D,4,"[0.34498244524002075, 0.002837189706042409, 0.988702654838562, 0.00012612377759069204]"
42019,CONSTANT_GAIN_FILTER,3,"[6.340725421905518, -0.9968444108963013, -0.01574862375855446]"
