rho,delay,mean_exact_replay_minus_matched_horizon,ci_low,ci_high
0.0,4,0.5114333333333333,0.4892000000000001,0.5338008333333332
0.0,16,0.5119333333333334,0.4890658333333333,0.5358999999999999
0.0,64,0.49346666666666666,0.4757333333333334,0.5114
0.5,4,0.088,0.08039916666666665,0.09559999999999998
0.5,16,0.2644,0.24663333333333337,0.2827675
0.5,64,0.45380000000000004,0.4369666666666667,0.47080000000000005
0.9,4,0.024333333333333325,0.020033333333333327,0.028133333333333333
0.9,16,0.09206666666666669,0.08356666666666664,0.10026666666666666
0.9,64,0.33393333333333336,0.3192658333333333,0.34836666666666666
