seed,exact_replay_minus_matched_horizon
0,0.2835555555555555
1,0.29466666666666663
2,0.30800000000000005
3,0.2981111111111111
4,0.29
5,0.2951111111111111
6,0.3253333333333333
7,0.29277777777777775
8,0.30466666666666664
9,0.31444444444444447
10,0.3348888888888889
11,0.2918888888888889
12,0.3443333333333333
13,0.30433333333333334
14,0.27888888888888885
15,0.30244444444444446
16,0.3296666666666667
17,0.32433333333333336
18,0.32577777777777783
19,0.3105555555555556
20,0.3287777777777778
21,0.3184444444444445
22,0.31555555555555553
23,0.3158888888888889
24,0.3264444444444445
25,0.299
26,0.31566666666666665
27,0.27022222222222214
28,0.29488888888888887
29,0.3058888888888889
