generator,seed,delay,trace_minus_no_trace,trace_minus_exact_replay
IID_GAUSSIAN,0,1,0.316,-0.21899999999999997
IID_GAUSSIAN,0,4,0.22800000000000004,-0.20999999999999996
IID_GAUSSIAN,0,16,0.259,-0.21299999999999997
IID_GAUSSIAN,0,64,0.07400000000000001,-0.34199999999999997
IID_GAUSSIAN,1,1,0.45799999999999996,-0.09900000000000009
IID_GAUSSIAN,1,4,0.43700000000000006,-0.138
IID_GAUSSIAN,1,16,0.366,-0.18800000000000006
IID_GAUSSIAN,1,64,0.10100000000000003,-0.445
IID_GAUSSIAN,2,1,0.34900000000000003,-0.11199999999999999
IID_GAUSSIAN,2,4,0.406,-0.128
IID_GAUSSIAN,2,16,0.26800000000000007,-0.18499999999999994
IID_GAUSSIAN,2,64,0.166,-0.346
IID_GAUSSIAN,3,1,0.31299999999999994,-0.16100000000000003
IID_GAUSSIAN,3,4,0.23699999999999993,-0.15900000000000003
IID_GAUSSIAN,3,16,0.22200000000000003,-0.18399999999999994
IID_GAUSSIAN,3,64,0.121,-0.323
IID_GAUSSIAN,4,1,0.467,-0.135
IID_GAUSSIAN,4,4,0.324,-0.16100000000000003
IID_GAUSSIAN,4,16,0.31499999999999995,-0.2280000000000001
IID_GAUSSIAN,4,64,0.17600000000000005,-0.336
IID_GAUSSIAN,5,1,0.373,-0.18700000000000006
IID_GAUSSIAN,5,4,0.299,-0.18900000000000006
IID_GAUSSIAN,5,16,0.32299999999999995,-0.19200000000000006
IID_GAUSSIAN,5,64,0.209,-0.35500000000000004
IID_GAUSSIAN,6,1,0.338,-0.121
IID_GAUSSIAN,6,4,0.441,-0.136
IID_GAUSSIAN,6,16,0.25199999999999995,-0.17400000000000004
IID_GAUSSIAN,6,64,0.10899999999999999,-0.403
IID_GAUSSIAN,7,1,0.34199999999999997,-0.16500000000000004
IID_GAUSSIAN,7,4,0.33399999999999996,-0.18300000000000005
IID_GAUSSIAN,7,16,0.36100000000000004,-0.21699999999999997
IID_GAUSSIAN,7,64,0.10900000000000001,-0.427
IID_GAUSSIAN,8,1,0.332,-0.119
IID_GAUSSIAN,8,4,0.389,-0.09899999999999998
IID_GAUSSIAN,8,16,0.26699999999999996,-0.14600000000000002
IID_GAUSSIAN,8,64,0.127,-0.33599999999999997
IID_GAUSSIAN,9,1,0.243,-0.15400000000000003
IID_GAUSSIAN,9,4,0.25299999999999995,-0.17400000000000004
IID_GAUSSIAN,9,16,0.30600000000000005,-0.20899999999999996
IID_GAUSSIAN,9,64,0.21099999999999997,-0.29100000000000004
IID_GAUSSIAN,10,1,0.392,-0.10199999999999998
IID_GAUSSIAN,10,4,0.326,-0.11299999999999999
IID_GAUSSIAN,10,16,0.16899999999999993,-0.16900000000000004
IID_GAUSSIAN,10,64,0.19499999999999998,-0.38
IID_GAUSSIAN,11,1,0.36300000000000004,-0.20099999999999996
IID_GAUSSIAN,11,4,0.26100000000000007,-0.19899999999999995
IID_GAUSSIAN,11,16,0.20800000000000002,-0.22199999999999998
IID_GAUSSIAN,11,64,0.136,-0.374
IID_GAUSSIAN,12,1,0.395,-0.09999999999999998
IID_GAUSSIAN,12,4,0.41400000000000003,-0.11699999999999999
IID_GAUSSIAN,12,16,0.292,-0.17900000000000005
IID_GAUSSIAN,12,64,0.10899999999999999,-0.403
IID_GAUSSIAN,13,1,0.401,-0.08999999999999997
IID_GAUSSIAN,13,4,0.413,-0.12
IID_GAUSSIAN,13,16,0.269,-0.18899999999999995
IID_GAUSSIAN,13,64,0.139,-0.35
IID_GAUSSIAN,14,1,0.378,-0.14600000000000002
IID_GAUSSIAN,14,4,0.365,-0.15800000000000003
IID_GAUSSIAN,14,16,0.29699999999999993,-0.20400000000000007
IID_GAUSSIAN,14,64,0.10899999999999999,-0.398
IID_GAUSSIAN,15,1,0.374,-0.19800000000000006
IID_GAUSSIAN,15,4,0.24199999999999994,-0.20200000000000007
IID_GAUSSIAN,15,16,0.36000000000000004,-0.22899999999999998
IID_GAUSSIAN,15,64,0.15899999999999997,-0.36500000000000005
IID_GAUSSIAN,16,1,0.32199999999999995,-0.2280000000000001
IID_GAUSSIAN,16,4,0.31000000000000005,-0.264
IID_GAUSSIAN,16,16,0.24,-0.29100000000000004
IID_GAUSSIAN,16,64,0.07800000000000001,-0.467
IID_GAUSSIAN,17,1,0.419,-0.16300000000000003
IID_GAUSSIAN,17,4,0.325,-0.16800000000000004
IID_GAUSSIAN,17,16,0.277,-0.22799999999999998
IID_GAUSSIAN,17,64,0.253,-0.36400000000000005
IID_GAUSSIAN,18,1,0.40900000000000003,-0.11699999999999999
IID_GAUSSIAN,18,4,0.404,-0.11299999999999999
IID_GAUSSIAN,18,16,0.44,-0.136
IID_GAUSSIAN,18,64,0.10000000000000003,-0.408
IID_GAUSSIAN,19,1,0.354,-0.14900000000000002
IID_GAUSSIAN,19,4,0.355,-0.139
IID_GAUSSIAN,19,16,0.38599999999999995,-0.17900000000000005
IID_GAUSSIAN,19,64,0.19899999999999998,-0.34400000000000003
IID_GAUSSIAN,20,1,0.374,-0.134
IID_GAUSSIAN,20,4,0.42900000000000005,-0.128
IID_GAUSSIAN,20,16,0.327,-0.15400000000000003
IID_GAUSSIAN,20,64,0.065,-0.383
IID_GAUSSIAN,21,1,0.47000000000000003,-0.128
IID_GAUSSIAN,21,4,0.37000000000000005,-0.139
IID_GAUSSIAN,21,16,0.29,-0.20600000000000007
IID_GAUSSIAN,21,64,0.258,-0.29900000000000004
IID_GAUSSIAN,22,1,0.392,-0.09999999999999998
IID_GAUSSIAN,22,4,0.41900000000000004,-0.10799999999999998
IID_GAUSSIAN,22,16,0.376,-0.135
IID_GAUSSIAN,22,64,0.21300000000000002,-0.357
IID_GAUSSIAN,23,1,0.416,-0.14800000000000002
IID_GAUSSIAN,23,4,0.283,-0.16200000000000003
IID_GAUSSIAN,23,16,0.28400000000000003,-0.21599999999999997
IID_GAUSSIAN,23,64,0.118,-0.384
IID_GAUSSIAN,24,1,0.4680000000000001,-0.1299999999999999
IID_GAUSSIAN,24,4,0.49400000000000005,-0.1489999999999999
IID_GAUSSIAN,24,16,0.346,-0.242
IID_GAUSSIAN,24,64,0.177,-0.44299999999999995
IID_GAUSSIAN,25,1,0.397,-0.136
IID_GAUSSIAN,25,4,0.30799999999999994,-0.16400000000000003
IID_GAUSSIAN,25,16,0.278,-0.18999999999999995
IID_GAUSSIAN,25,64,0.08499999999999999,-0.442
IID_GAUSSIAN,26,1,0.38299999999999995,-0.17700000000000005
IID_GAUSSIAN,26,4,0.32699999999999996,-0.18900000000000006
IID_GAUSSIAN,26,16,0.24000000000000005,-0.21499999999999997
IID_GAUSSIAN,26,64,0.122,-0.333
IID_GAUSSIAN,27,1,0.463,-0.10399999999999998
IID_GAUSSIAN,27,4,0.398,-0.11299999999999999
IID_GAUSSIAN,27,16,0.326,-0.129
IID_GAUSSIAN,27,64,0.061,-0.386
IID_GAUSSIAN,28,1,0.4,-0.129
IID_GAUSSIAN,28,4,0.42200000000000004,-0.139
IID_GAUSSIAN,28,16,0.43200000000000005,-0.11499999999999999
IID_GAUSSIAN,28,64,0.273,-0.35300000000000004
IID_GAUSSIAN,29,1,0.33299999999999996,-0.16200000000000003
IID_GAUSSIAN,29,4,0.27799999999999997,-0.16700000000000004
IID_GAUSSIAN,29,16,0.365,-0.259
IID_GAUSSIAN,29,64,0.19799999999999998,-0.41500000000000004
AR1_GAUSSIAN,0,1,-0.127,-0.13
AR1_GAUSSIAN,0,4,-0.05700000000000005,-0.10199999999999998
AR1_GAUSSIAN,0,16,0.40700000000000003,-0.09499999999999997
AR1_GAUSSIAN,0,64,0.269,-0.241
AR1_GAUSSIAN,1,1,-0.14200000000000002,-0.16400000000000003
AR1_GAUSSIAN,1,4,-0.015999999999999903,-0.11299999999999999
AR1_GAUSSIAN,1,16,0.44399999999999995,-0.10300000000000009
AR1_GAUSSIAN,1,64,0.20199999999999999,-0.36800000000000005
AR1_GAUSSIAN,2,1,-0.121,-0.132
AR1_GAUSSIAN,2,4,-0.020000000000000018,-0.08700000000000008
AR1_GAUSSIAN,2,16,0.473,-0.09400000000000008
AR1_GAUSSIAN,2,64,0.127,-0.29400000000000004
AR1_GAUSSIAN,3,1,-0.07999999999999996,-0.09299999999999997
AR1_GAUSSIAN,3,4,0.08699999999999997,-0.050000000000000044
AR1_GAUSSIAN,3,16,0.3509999999999999,-0.08800000000000008
AR1_GAUSSIAN,3,64,0.11300000000000002,-0.446
AR1_GAUSSIAN,4,1,-0.15000000000000002,-0.15800000000000003
AR1_GAUSSIAN,4,4,-0.04699999999999993,-0.124
AR1_GAUSSIAN,4,16,0.37400000000000005,-0.08999999999999997
AR1_GAUSSIAN,4,64,0.237,-0.28300000000000003
AR1_GAUSSIAN,5,1,-0.122,-0.14700000000000002
AR1_GAUSSIAN,5,4,-0.007000000000000006,-0.09399999999999997
AR1_GAUSSIAN,5,16,0.365,-0.125
AR1_GAUSSIAN,5,64,0.138,-0.321
AR1_GAUSSIAN,6,1,-0.134,-0.15600000000000003
AR1_GAUSSIAN,6,4,-0.03399999999999992,-0.09399999999999997
AR1_GAUSSIAN,6,16,0.389,-0.10299999999999998
AR1_GAUSSIAN,6,64,0.21100000000000002,-0.258
AR1_GAUSSIAN,7,1,-0.119,-0.134
AR1_GAUSSIAN,7,4,-0.017999999999999905,-0.08499999999999996
AR1_GAUSSIAN,7,16,0.399,-0.09199999999999997
AR1_GAUSSIAN,7,64,0.185,-0.312
AR1_GAUSSIAN,8,1,-0.15399999999999991,-0.1479999999999999
AR1_GAUSSIAN,8,4,-0.040000000000000036,-0.10199999999999998
AR1_GAUSSIAN,8,16,0.305,-0.06899999999999995
AR1_GAUSSIAN,8,64,0.21399999999999997,-0.22299999999999998
AR1_GAUSSIAN,9,1,-0.09599999999999997,-0.12
AR1_GAUSSIAN,9,4,0.008000000000000007,-0.08999999999999997
AR1_GAUSSIAN,9,16,0.31000000000000005,-0.09999999999999998
AR1_GAUSSIAN,9,64,0.21300000000000002,-0.21199999999999997
AR1_GAUSSIAN,10,1,-0.119,-0.13
AR1_GAUSSIAN,10,4,-0.015999999999999903,-0.09799999999999998
AR1_GAUSSIAN,10,16,0.34700000000000003,-0.09999999999999998
AR1_GAUSSIAN,10,64,0.10600000000000004,-0.31
AR1_GAUSSIAN,11,1,-0.14400000000000002,-0.15600000000000003
AR1_GAUSSIAN,11,4,-0.052999999999999936,-0.10999999999999999
AR1_GAUSSIAN,11,16,0.399,-0.10699999999999998
AR1_GAUSSIAN,11,64,0.21200000000000002,-0.252
AR1_GAUSSIAN,12,1,-0.17699999999999994,-0.19999999999999996
AR1_GAUSSIAN,12,4,-0.041000000000000036,-0.15600000000000003
AR1_GAUSSIAN,12,16,0.29500000000000004,-0.15799999999999992
AR1_GAUSSIAN,12,64,0.12799999999999997,-0.361
AR1_GAUSSIAN,13,1,-0.13,-0.14100000000000001
AR1_GAUSSIAN,13,4,0.01100000000000001,-0.10599999999999998
AR1_GAUSSIAN,13,16,0.26999999999999996,-0.121
AR1_GAUSSIAN,13,64,0.13999999999999996,-0.263
AR1_GAUSSIAN,14,1,-0.15900000000000003,-0.16300000000000003
AR1_GAUSSIAN,14,4,-0.025999999999999912,-0.11199999999999999
AR1_GAUSSIAN,14,16,0.432,-0.14400000000000002
AR1_GAUSSIAN,14,64,0.23600000000000002,-0.324
AR1_GAUSSIAN,15,1,-0.08299999999999996,-0.10399999999999998
AR1_GAUSSIAN,15,4,-0.030999999999999917,-0.07399999999999995
AR1_GAUSSIAN,15,16,0.42100000000000004,-0.08399999999999996
AR1_GAUSSIAN,15,64,0.132,-0.27099999999999996
AR1_GAUSSIAN,16,1,-0.08199999999999996,-0.09599999999999997
AR1_GAUSSIAN,16,4,0.0050000000000000044,-0.07099999999999995
AR1_GAUSSIAN,16,16,0.37100000000000005,-0.08699999999999997
AR1_GAUSSIAN,16,64,0.23600000000000004,-0.22499999999999998
AR1_GAUSSIAN,17,1,-0.13,-0.16400000000000003
AR1_GAUSSIAN,17,4,-0.03400000000000003,-0.125
AR1_GAUSSIAN,17,16,0.299,-0.133
AR1_GAUSSIAN,17,64,0.157,-0.378
AR1_GAUSSIAN,18,1,-0.05699999999999994,-0.06399999999999995
AR1_GAUSSIAN,18,4,0.039999999999999925,-0.03600000000000003
AR1_GAUSSIAN,18,16,0.36300000000000004,-0.08299999999999996
AR1_GAUSSIAN,18,64,0.14,-0.27599999999999997
AR1_GAUSSIAN,19,1,-0.125,-0.15200000000000002
AR1_GAUSSIAN,19,4,-0.007000000000000006,-0.122
AR1_GAUSSIAN,19,16,0.288,-0.14800000000000002
AR1_GAUSSIAN,19,64,0.22,-0.321
AR1_GAUSSIAN,20,1,-0.14200000000000002,-0.15900000000000003
AR1_GAUSSIAN,20,4,-0.010000000000000009,-0.10699999999999998
AR1_GAUSSIAN,20,16,0.35400000000000004,-0.11699999999999999
AR1_GAUSSIAN,20,64,0.22499999999999998,-0.267
AR1_GAUSSIAN,21,1,-0.10899999999999999,-0.129
AR1_GAUSSIAN,21,4,-0.017000000000000015,-0.10099999999999998
AR1_GAUSSIAN,21,16,0.35300000000000004,-0.09999999999999998
AR1_GAUSSIAN,21,64,0.28800000000000003,-0.311
AR1_GAUSSIAN,22,1,-0.10899999999999999,-0.135
AR1_GAUSSIAN,22,4,0.04200000000000004,-0.07699999999999996
AR1_GAUSSIAN,22,16,0.45199999999999996,-0.05600000000000005
AR1_GAUSSIAN,22,64,0.307,-0.252
AR1_GAUSSIAN,23,1,-0.11099999999999999,-0.13
AR1_GAUSSIAN,23,4,0.01100000000000001,-0.10699999999999998
AR1_GAUSSIAN,23,16,0.258,-0.12
AR1_GAUSSIAN,23,64,0.17100000000000004,-0.289
AR1_GAUSSIAN,24,1,-0.14900000000000002,-0.17200000000000004
AR1_GAUSSIAN,24,4,-0.06000000000000005,-0.129
AR1_GAUSSIAN,24,16,0.367,-0.139
AR1_GAUSSIAN,24,64,0.13999999999999996,-0.323
AR1_GAUSSIAN,25,1,-0.09499999999999997,-0.11499999999999999
AR1_GAUSSIAN,25,4,0.02200000000000002,-0.08499999999999996
AR1_GAUSSIAN,25,16,0.395,-0.10599999999999998
AR1_GAUSSIAN,25,64,0.23099999999999998,-0.243
AR1_GAUSSIAN,26,1,-0.125,-0.136
AR1_GAUSSIAN,26,4,-0.040999999999999925,-0.11099999999999999
AR1_GAUSSIAN,26,16,0.33499999999999996,-0.15300000000000002
AR1_GAUSSIAN,26,64,0.268,-0.302
AR1_GAUSSIAN,27,1,-0.128,-0.133
AR1_GAUSSIAN,27,4,-0.02200000000000002,-0.09800000000000009
AR1_GAUSSIAN,27,16,0.39299999999999996,-0.09800000000000009
AR1_GAUSSIAN,27,64,0.275,-0.322
AR1_GAUSSIAN,28,1,-0.10499999999999998,-0.121
AR1_GAUSSIAN,28,4,0.0030000000000000027,-0.07899999999999996
AR1_GAUSSIAN,28,16,0.29800000000000004,-0.07399999999999995
AR1_GAUSSIAN,28,64,0.10700000000000004,-0.31399999999999995
AR1_GAUSSIAN,29,1,-0.10499999999999998,-0.125
AR1_GAUSSIAN,29,4,0.0,-0.09599999999999997
AR1_GAUSSIAN,29,16,0.323,-0.09999999999999998
AR1_GAUSSIAN,29,64,0.18600000000000005,-0.24399999999999994
SPARSE_SIGN,0,1,0.309,-0.11199999999999999
SPARSE_SIGN,0,4,0.484,-0.127
SPARSE_SIGN,0,16,0.432,-0.13
SPARSE_SIGN,0,64,0.21400000000000002,-0.253
SPARSE_SIGN,1,1,0.395,-0.119
SPARSE_SIGN,1,4,0.326,-0.11299999999999999
SPARSE_SIGN,1,16,0.26400000000000007,-0.19299999999999995
SPARSE_SIGN,1,64,0.19099999999999998,-0.377
SPARSE_SIGN,2,1,0.269,-0.20899999999999996
SPARSE_SIGN,2,4,0.29300000000000004,-0.21799999999999997
SPARSE_SIGN,2,16,0.28900000000000003,-0.283
SPARSE_SIGN,2,64,0.08699999999999997,-0.388
SPARSE_SIGN,3,1,0.364,-0.10699999999999998
SPARSE_SIGN,3,4,0.392,-0.129
SPARSE_SIGN,3,16,0.39299999999999996,-0.16600000000000004
SPARSE_SIGN,3,64,0.16799999999999998,-0.393
SPARSE_SIGN,4,1,0.289,-0.15200000000000002
SPARSE_SIGN,4,4,0.302,-0.14500000000000002
SPARSE_SIGN,4,16,0.258,-0.15700000000000003
SPARSE_SIGN,4,64,0.11199999999999999,-0.34
SPARSE_SIGN,5,1,0.32899999999999996,-0.20300000000000007
SPARSE_SIGN,5,4,0.285,-0.21900000000000008
SPARSE_SIGN,5,16,0.31100000000000005,-0.279
SPARSE_SIGN,5,64,0.05399999999999999,-0.461
SPARSE_SIGN,6,1,0.398,-0.126
SPARSE_SIGN,6,4,0.32699999999999996,-0.14700000000000002
SPARSE_SIGN,6,16,0.335,-0.20099999999999996
SPARSE_SIGN,6,64,0.07700000000000001,-0.372
SPARSE_SIGN,7,1,0.384,-0.17000000000000004
SPARSE_SIGN,7,4,0.306,-0.18800000000000006
SPARSE_SIGN,7,16,0.31999999999999995,-0.2230000000000001
SPARSE_SIGN,7,64,0.068,-0.48300000000000004
SPARSE_SIGN,8,1,0.42000000000000004,-0.126
SPARSE_SIGN,8,4,0.447,-0.14900000000000002
SPARSE_SIGN,8,16,0.362,-0.18700000000000006
SPARSE_SIGN,8,64,0.08899999999999997,-0.42300000000000004
SPARSE_SIGN,9,1,0.33699999999999997,-0.19500000000000006
SPARSE_SIGN,9,4,0.393,-0.22499999999999998
SPARSE_SIGN,9,16,0.29500000000000004,-0.269
SPARSE_SIGN,9,64,0.166,-0.40900000000000003
SPARSE_SIGN,10,1,0.384,-0.124
SPARSE_SIGN,10,4,0.443,-0.136
SPARSE_SIGN,10,16,0.32399999999999995,-0.19700000000000006
SPARSE_SIGN,10,64,0.176,-0.34700000000000003
SPARSE_SIGN,11,1,0.31600000000000006,-0.11299999999999999
SPARSE_SIGN,11,4,0.381,-0.122
SPARSE_SIGN,11,16,0.27999999999999997,-0.20100000000000007
SPARSE_SIGN,11,64,0.21599999999999997,-0.36600000000000005
SPARSE_SIGN,12,1,0.42900000000000005,-0.14100000000000001
SPARSE_SIGN,12,4,0.39,-0.16500000000000004
SPARSE_SIGN,12,16,0.407,-0.18700000000000006
SPARSE_SIGN,12,64,0.15699999999999997,-0.35000000000000003
SPARSE_SIGN,13,1,0.351,-0.17200000000000004
SPARSE_SIGN,13,4,0.40599999999999997,-0.17000000000000004
SPARSE_SIGN,13,16,0.31100000000000005,-0.20999999999999996
SPARSE_SIGN,13,64,0.162,-0.365
SPARSE_SIGN,14,1,0.436,-0.11499999999999999
SPARSE_SIGN,14,4,0.27999999999999997,-0.123
SPARSE_SIGN,14,16,0.23599999999999993,-0.15200000000000002
SPARSE_SIGN,14,64,0.065,-0.422
SPARSE_SIGN,15,1,0.37500000000000006,-0.09599999999999997
SPARSE_SIGN,15,4,0.29000000000000004,-0.09999999999999998
SPARSE_SIGN,15,16,0.314,-0.16000000000000003
SPARSE_SIGN,15,64,0.17099999999999999,-0.34700000000000003
SPARSE_SIGN,16,1,0.30000000000000004,-0.275
SPARSE_SIGN,16,4,0.21700000000000003,-0.29000000000000004
SPARSE_SIGN,16,16,0.282,-0.32700000000000007
SPARSE_SIGN,16,64,0.19,-0.42400000000000004
SPARSE_SIGN,17,1,0.37899999999999995,-0.15900000000000003
SPARSE_SIGN,17,4,0.29900000000000004,-0.19099999999999995
SPARSE_SIGN,17,16,0.25400000000000006,-0.19399999999999995
SPARSE_SIGN,17,64,0.10400000000000004,-0.32999999999999996
SPARSE_SIGN,18,1,0.39199999999999996,-0.18700000000000006
SPARSE_SIGN,18,4,0.345,-0.17600000000000005
SPARSE_SIGN,18,16,0.342,-0.21899999999999997
SPARSE_SIGN,18,64,0.10899999999999999,-0.33
SPARSE_SIGN,19,1,0.42700000000000005,-0.14700000000000002
SPARSE_SIGN,19,4,0.447,-0.136
SPARSE_SIGN,19,16,0.31199999999999994,-0.21100000000000008
SPARSE_SIGN,19,64,0.151,-0.41500000000000004
SPARSE_SIGN,20,1,0.375,-0.14200000000000002
SPARSE_SIGN,20,4,0.32599999999999996,-0.14500000000000002
SPARSE_SIGN,20,16,0.25000000000000006,-0.17299999999999993
SPARSE_SIGN,20,64,0.02799999999999997,-0.43
SPARSE_SIGN,21,1,0.288,-0.19900000000000007
SPARSE_SIGN,21,4,0.2919999999999999,-0.20400000000000007
SPARSE_SIGN,21,16,0.20700000000000002,-0.22599999999999998
SPARSE_SIGN,21,64,0.14500000000000002,-0.37
SPARSE_SIGN,22,1,0.416,-0.17200000000000004
SPARSE_SIGN,22,4,0.355,-0.19500000000000006
SPARSE_SIGN,22,16,0.195,-0.271
SPARSE_SIGN,22,64,0.12299999999999997,-0.41700000000000004
SPARSE_SIGN,23,1,0.422,-0.16400000000000003
SPARSE_SIGN,23,4,0.39299999999999996,-0.18600000000000005
SPARSE_SIGN,23,16,0.241,-0.269
SPARSE_SIGN,23,64,0.07899999999999999,-0.463
SPARSE_SIGN,24,1,0.401,-0.09399999999999997
SPARSE_SIGN,24,4,0.337,-0.09699999999999998
SPARSE_SIGN,24,16,0.345,-0.11599999999999999
SPARSE_SIGN,24,64,0.15399999999999997,-0.375
SPARSE_SIGN,25,1,0.45699999999999996,-0.18600000000000005
SPARSE_SIGN,25,4,0.363,-0.20400000000000007
SPARSE_SIGN,25,16,0.28700000000000003,-0.266
SPARSE_SIGN,25,64,0.065,-0.44300000000000006
SPARSE_SIGN,26,1,0.297,-0.14
SPARSE_SIGN,26,4,0.24299999999999994,-0.15300000000000002
SPARSE_SIGN,26,16,0.268,-0.21399999999999997
SPARSE_SIGN,26,64,0.09000000000000002,-0.32999999999999996
SPARSE_SIGN,27,1,0.316,-0.139
SPARSE_SIGN,27,4,0.37399999999999994,-0.16800000000000004
SPARSE_SIGN,27,16,0.266,-0.23099999999999998
SPARSE_SIGN,27,64,0.18699999999999997,-0.337
SPARSE_SIGN,28,1,0.26899999999999996,-0.2290000000000001
SPARSE_SIGN,28,4,0.276,-0.252
SPARSE_SIGN,28,16,0.17000000000000004,-0.259
SPARSE_SIGN,28,64,0.07800000000000001,-0.43300000000000005
SPARSE_SIGN,29,1,0.366,-0.16500000000000004
SPARSE_SIGN,29,4,0.4049999999999999,-0.18500000000000005
SPARSE_SIGN,29,16,0.31300000000000006,-0.22899999999999998
SPARSE_SIGN,29,64,0.23099999999999998,-0.327
