generator,seed,delay,arm,test_accuracy,test_cross_entropy,n_train,n_test
IID_GAUSSIAN,0,1,EXACT_REPLAY,0.724,1.0978739002989935,3000,1000
IID_GAUSSIAN,0,1,ELIGIBILITY_TRACE_NORM_MATCHED,0.505,1.316631289487436,3000,1000
IID_GAUSSIAN,0,1,NO_TRACE,0.189,1.3968307934939057,3000,1000
IID_GAUSSIAN,0,4,EXACT_REPLAY,0.724,1.097808603354506,3000,1000
IID_GAUSSIAN,0,4,ELIGIBILITY_TRACE_NORM_MATCHED,0.514,1.3190570267046309,3000,1000
IID_GAUSSIAN,0,4,NO_TRACE,0.286,1.3809894885037102,3000,1000
IID_GAUSSIAN,0,16,EXACT_REPLAY,0.724,1.0975360890857822,3000,1000
IID_GAUSSIAN,0,16,ELIGIBILITY_TRACE_NORM_MATCHED,0.511,1.3355569669050702,3000,1000
IID_GAUSSIAN,0,16,NO_TRACE,0.252,1.3878403607727785,3000,1000
IID_GAUSSIAN,0,64,EXACT_REPLAY,0.724,1.0964951741675186,3000,1000
IID_GAUSSIAN,0,64,ELIGIBILITY_TRACE_NORM_MATCHED,0.382,1.362181320352099,3000,1000
IID_GAUSSIAN,0,64,NO_TRACE,0.308,1.3812614415302014,3000,1000
IID_GAUSSIAN,1,1,EXACT_REPLAY,0.787,1.046706860931452,3000,1000
IID_GAUSSIAN,1,1,ELIGIBILITY_TRACE_NORM_MATCHED,0.688,1.3058401002710491,3000,1000
IID_GAUSSIAN,1,1,NO_TRACE,0.23,1.3903291300340308,3000,1000
IID_GAUSSIAN,1,4,EXACT_REPLAY,0.787,1.0466262074706818,3000,1000
IID_GAUSSIAN,1,4,ELIGIBILITY_TRACE_NORM_MATCHED,0.649,1.3108920760648202,3000,1000
IID_GAUSSIAN,1,4,NO_TRACE,0.212,1.3904628342086824,3000,1000
IID_GAUSSIAN,1,16,EXACT_REPLAY,0.787,1.0462956291290963,3000,1000
IID_GAUSSIAN,1,16,ELIGIBILITY_TRACE_NORM_MATCHED,0.599,1.324909230859547,3000,1000
IID_GAUSSIAN,1,16,NO_TRACE,0.233,1.386489819013514,3000,1000
IID_GAUSSIAN,1,64,EXACT_REPLAY,0.787,1.044988629500353,3000,1000
IID_GAUSSIAN,1,64,ELIGIBILITY_TRACE_NORM_MATCHED,0.342,1.3726779307341888,3000,1000
IID_GAUSSIAN,1,64,NO_TRACE,0.241,1.3865406617648013,3000,1000
IID_GAUSSIAN,2,1,EXACT_REPLAY,0.744,1.088508139323577,3000,1000
IID_GAUSSIAN,2,1,ELIGIBILITY_TRACE_NORM_MATCHED,0.632,1.3058179471283538,3000,1000
IID_GAUSSIAN,2,1,NO_TRACE,0.283,1.3796453894824998,3000,1000
IID_GAUSSIAN,2,4,EXACT_REPLAY,0.744,1.0884484895218092,3000,1000
IID_GAUSSIAN,2,4,ELIGIBILITY_TRACE_NORM_MATCHED,0.616,1.3093760949843003,3000,1000
IID_GAUSSIAN,2,4,NO_TRACE,0.21,1.3944994309497252,3000,1000
IID_GAUSSIAN,2,16,EXACT_REPLAY,0.744,1.0881875808240264,3000,1000
IID_GAUSSIAN,2,16,ELIGIBILITY_TRACE_NORM_MATCHED,0.559,1.3232677321224724,3000,1000
IID_GAUSSIAN,2,16,NO_TRACE,0.291,1.3829379858045794,3000,1000
IID_GAUSSIAN,2,64,EXACT_REPLAY,0.744,1.0870994524626767,3000,1000
IID_GAUSSIAN,2,64,ELIGIBILITY_TRACE_NORM_MATCHED,0.398,1.3633567486544629,3000,1000
IID_GAUSSIAN,2,64,NO_TRACE,0.232,1.3879284553860254,3000,1000
IID_GAUSSIAN,3,1,EXACT_REPLAY,0.732,1.0878366237400157,3000,1000
IID_GAUSSIAN,3,1,ELIGIBILITY_TRACE_NORM_MATCHED,0.571,1.3096005187345117,3000,1000
IID_GAUSSIAN,3,1,NO_TRACE,0.258,1.3852949464366042,3000,1000
IID_GAUSSIAN,3,4,EXACT_REPLAY,0.732,1.0877632651517466,3000,1000
IID_GAUSSIAN,3,4,ELIGIBILITY_TRACE_NORM_MATCHED,0.573,1.3144118871832093,3000,1000
IID_GAUSSIAN,3,4,NO_TRACE,0.336,1.3757852111204165,3000,1000
IID_GAUSSIAN,3,16,EXACT_REPLAY,0.731,1.0874782072785714,3000,1000
IID_GAUSSIAN,3,16,ELIGIBILITY_TRACE_NORM_MATCHED,0.547,1.327292736190419,3000,1000
IID_GAUSSIAN,3,16,NO_TRACE,0.325,1.3791831816831486,3000,1000
IID_GAUSSIAN,3,64,EXACT_REPLAY,0.731,1.086350017412486,3000,1000
IID_GAUSSIAN,3,64,ELIGIBILITY_TRACE_NORM_MATCHED,0.408,1.3549672672192323,3000,1000
IID_GAUSSIAN,3,64,NO_TRACE,0.287,1.3828343977280761,3000,1000
IID_GAUSSIAN,4,1,EXACT_REPLAY,0.797,1.0419176187174504,3000,1000
IID_GAUSSIAN,4,1,ELIGIBILITY_TRACE_NORM_MATCHED,0.662,1.3028407839726848,3000,1000
IID_GAUSSIAN,4,1,NO_TRACE,0.195,1.39216140045344,3000,1000
IID_GAUSSIAN,4,4,EXACT_REPLAY,0.797,1.0418356955936903,3000,1000
IID_GAUSSIAN,4,4,ELIGIBILITY_TRACE_NORM_MATCHED,0.636,1.303391918265694,3000,1000
IID_GAUSSIAN,4,4,NO_TRACE,0.312,1.3721301925453182,3000,1000
IID_GAUSSIAN,4,16,EXACT_REPLAY,0.797,1.0414939782336814,3000,1000
IID_GAUSSIAN,4,16,ELIGIBILITY_TRACE_NORM_MATCHED,0.569,1.31969049147531,3000,1000
IID_GAUSSIAN,4,16,NO_TRACE,0.254,1.3862343673899096,3000,1000
IID_GAUSSIAN,4,64,EXACT_REPLAY,0.796,1.0401291361306186,3000,1000
IID_GAUSSIAN,4,64,ELIGIBILITY_TRACE_NORM_MATCHED,0.46,1.3541787113322143,3000,1000
IID_GAUSSIAN,4,64,NO_TRACE,0.284,1.3823406804411293,3000,1000
IID_GAUSSIAN,5,1,EXACT_REPLAY,0.772,1.0791476344670412,3000,1000
IID_GAUSSIAN,5,1,ELIGIBILITY_TRACE_NORM_MATCHED,0.585,1.3071752555313465,3000,1000
IID_GAUSSIAN,5,1,NO_TRACE,0.212,1.3925411870433213,3000,1000
IID_GAUSSIAN,5,4,EXACT_REPLAY,0.772,1.0790829099463624,3000,1000
IID_GAUSSIAN,5,4,ELIGIBILITY_TRACE_NORM_MATCHED,0.583,1.312609699257977,3000,1000
IID_GAUSSIAN,5,4,NO_TRACE,0.284,1.3842021218114628,3000,1000
IID_GAUSSIAN,5,16,EXACT_REPLAY,0.771,1.0788031205953066,3000,1000
IID_GAUSSIAN,5,16,ELIGIBILITY_TRACE_NORM_MATCHED,0.579,1.322275551686792,3000,1000
IID_GAUSSIAN,5,16,NO_TRACE,0.256,1.3856895256862698,3000,1000
IID_GAUSSIAN,5,64,EXACT_REPLAY,0.768,1.0776751075924895,3000,1000
IID_GAUSSIAN,5,64,ELIGIBILITY_TRACE_NORM_MATCHED,0.413,1.3567264716380327,3000,1000
IID_GAUSSIAN,5,64,NO_TRACE,0.204,1.3959457826276334,3000,1000
IID_GAUSSIAN,6,1,EXACT_REPLAY,0.765,1.0742289925902737,3000,1000
IID_GAUSSIAN,6,1,ELIGIBILITY_TRACE_NORM_MATCHED,0.644,1.2957766472550083,3000,1000
IID_GAUSSIAN,6,1,NO_TRACE,0.306,1.3771963370084732,3000,1000
IID_GAUSSIAN,6,4,EXACT_REPLAY,0.765,1.0741508806117708,3000,1000
IID_GAUSSIAN,6,4,ELIGIBILITY_TRACE_NORM_MATCHED,0.629,1.3024594276632246,3000,1000
IID_GAUSSIAN,6,4,NO_TRACE,0.188,1.3991270665388469,3000,1000
IID_GAUSSIAN,6,16,EXACT_REPLAY,0.765,1.0738533500009189,3000,1000
IID_GAUSSIAN,6,16,ELIGIBILITY_TRACE_NORM_MATCHED,0.591,1.3159377228527542,3000,1000
IID_GAUSSIAN,6,16,NO_TRACE,0.339,1.3747464487859933,3000,1000
IID_GAUSSIAN,6,64,EXACT_REPLAY,0.765,1.0726766772932124,3000,1000
IID_GAUSSIAN,6,64,ELIGIBILITY_TRACE_NORM_MATCHED,0.362,1.3583612606790982,3000,1000
IID_GAUSSIAN,6,64,NO_TRACE,0.253,1.3847781295504218,3000,1000
IID_GAUSSIAN,7,1,EXACT_REPLAY,0.77,1.0614859255178426,3000,1000
IID_GAUSSIAN,7,1,ELIGIBILITY_TRACE_NORM_MATCHED,0.605,1.3092844325542383,3000,1000
IID_GAUSSIAN,7,1,NO_TRACE,0.263,1.3871480076053735,3000,1000
IID_GAUSSIAN,7,4,EXACT_REPLAY,0.77,1.0614099548762814,3000,1000
IID_GAUSSIAN,7,4,ELIGIBILITY_TRACE_NORM_MATCHED,0.587,1.3129192861016166,3000,1000
IID_GAUSSIAN,7,4,NO_TRACE,0.253,1.3896327846568453,3000,1000
IID_GAUSSIAN,7,16,EXACT_REPLAY,0.77,1.0611038970417288,3000,1000
IID_GAUSSIAN,7,16,ELIGIBILITY_TRACE_NORM_MATCHED,0.553,1.332935899364924,3000,1000
IID_GAUSSIAN,7,16,NO_TRACE,0.192,1.3946080433420753,3000,1000
IID_GAUSSIAN,7,64,EXACT_REPLAY,0.768,1.0598433734963626,3000,1000
IID_GAUSSIAN,7,64,ELIGIBILITY_TRACE_NORM_MATCHED,0.341,1.3762953775699787,3000,1000
IID_GAUSSIAN,7,64,NO_TRACE,0.232,1.3880041396677485,3000,1000
IID_GAUSSIAN,8,1,EXACT_REPLAY,0.733,1.100176070842111,3000,1000
IID_GAUSSIAN,8,1,ELIGIBILITY_TRACE_NORM_MATCHED,0.614,1.3081996086967438,3000,1000
IID_GAUSSIAN,8,1,NO_TRACE,0.282,1.3813671680962862,3000,1000
IID_GAUSSIAN,8,4,EXACT_REPLAY,0.733,1.1001174419433144,3000,1000
IID_GAUSSIAN,8,4,ELIGIBILITY_TRACE_NORM_MATCHED,0.634,1.3119176036733584,3000,1000
IID_GAUSSIAN,8,4,NO_TRACE,0.245,1.3878786289516378,3000,1000
IID_GAUSSIAN,8,16,EXACT_REPLAY,0.733,1.0998551885405863,3000,1000
IID_GAUSSIAN,8,16,ELIGIBILITY_TRACE_NORM_MATCHED,0.587,1.3249224692188308,3000,1000
IID_GAUSSIAN,8,16,NO_TRACE,0.32,1.3808056557400483,3000,1000
IID_GAUSSIAN,8,64,EXACT_REPLAY,0.732,1.0988018603185827,3000,1000
IID_GAUSSIAN,8,64,ELIGIBILITY_TRACE_NORM_MATCHED,0.396,1.3636383784904522,3000,1000
IID_GAUSSIAN,8,64,NO_TRACE,0.269,1.386076610003751,3000,1000
IID_GAUSSIAN,9,1,EXACT_REPLAY,0.768,1.044793435130119,3000,1000
IID_GAUSSIAN,9,1,ELIGIBILITY_TRACE_NORM_MATCHED,0.614,1.2901337536192583,3000,1000
IID_GAUSSIAN,9,1,NO_TRACE,0.371,1.3680086760833932,3000,1000
IID_GAUSSIAN,9,4,EXACT_REPLAY,0.768,1.0447104589459608,3000,1000
IID_GAUSSIAN,9,4,ELIGIBILITY_TRACE_NORM_MATCHED,0.594,1.2929782681886501,3000,1000
IID_GAUSSIAN,9,4,NO_TRACE,0.341,1.3684520638927073,3000,1000
IID_GAUSSIAN,9,16,EXACT_REPLAY,0.768,1.0443741845006471,3000,1000
IID_GAUSSIAN,9,16,ELIGIBILITY_TRACE_NORM_MATCHED,0.559,1.3064431694532763,3000,1000
IID_GAUSSIAN,9,16,NO_TRACE,0.253,1.3839856593217597,3000,1000
IID_GAUSSIAN,9,64,EXACT_REPLAY,0.767,1.0430608053795036,3000,1000
IID_GAUSSIAN,9,64,ELIGIBILITY_TRACE_NORM_MATCHED,0.476,1.3402201871086405,3000,1000
IID_GAUSSIAN,9,64,NO_TRACE,0.265,1.38572076657886,3000,1000
IID_GAUSSIAN,10,1,EXACT_REPLAY,0.739,1.0704168492511401,3000,1000
IID_GAUSSIAN,10,1,ELIGIBILITY_TRACE_NORM_MATCHED,0.637,1.3076201106746486,3000,1000
IID_GAUSSIAN,10,1,NO_TRACE,0.245,1.3854971997872911,3000,1000
IID_GAUSSIAN,10,4,EXACT_REPLAY,0.739,1.0703371022407915,3000,1000
IID_GAUSSIAN,10,4,ELIGIBILITY_TRACE_NORM_MATCHED,0.626,1.3127691023625265,3000,1000
IID_GAUSSIAN,10,4,NO_TRACE,0.3,1.3838368253330486,3000,1000
IID_GAUSSIAN,10,16,EXACT_REPLAY,0.739,1.0700325272851867,3000,1000
IID_GAUSSIAN,10,16,ELIGIBILITY_TRACE_NORM_MATCHED,0.57,1.3252609851239985,3000,1000
IID_GAUSSIAN,10,16,NO_TRACE,0.401,1.3658382023748687,3000,1000
IID_GAUSSIAN,10,64,EXACT_REPLAY,0.738,1.0688507000203076,3000,1000
IID_GAUSSIAN,10,64,ELIGIBILITY_TRACE_NORM_MATCHED,0.358,1.366790979690807,3000,1000
IID_GAUSSIAN,10,64,NO_TRACE,0.163,1.3990340836371873,3000,1000
IID_GAUSSIAN,11,1,EXACT_REPLAY,0.751,1.063284075537318,3000,1000
IID_GAUSSIAN,11,1,ELIGIBILITY_TRACE_NORM_MATCHED,0.55,1.299868059566286,3000,1000
IID_GAUSSIAN,11,1,NO_TRACE,0.187,1.3991919083934135,3000,1000
IID_GAUSSIAN,11,4,EXACT_REPLAY,0.751,1.0632093595249166,3000,1000
IID_GAUSSIAN,11,4,ELIGIBILITY_TRACE_NORM_MATCHED,0.552,1.3028646974006042,3000,1000
IID_GAUSSIAN,11,4,NO_TRACE,0.291,1.3839158829694582,3000,1000
IID_GAUSSIAN,11,16,EXACT_REPLAY,0.751,1.0629083889632853,3000,1000
IID_GAUSSIAN,11,16,ELIGIBILITY_TRACE_NORM_MATCHED,0.529,1.317285387561099,3000,1000
IID_GAUSSIAN,11,16,NO_TRACE,0.321,1.3757280498414652,3000,1000
IID_GAUSSIAN,11,64,EXACT_REPLAY,0.751,1.0616884628631265,3000,1000
IID_GAUSSIAN,11,64,ELIGIBILITY_TRACE_NORM_MATCHED,0.377,1.3650670029056087,3000,1000
IID_GAUSSIAN,11,64,NO_TRACE,0.241,1.3882725032195409,3000,1000
IID_GAUSSIAN,12,1,EXACT_REPLAY,0.763,1.06361587564099,3000,1000
IID_GAUSSIAN,12,1,ELIGIBILITY_TRACE_NORM_MATCHED,0.663,1.3036613824903622,3000,1000
IID_GAUSSIAN,12,1,NO_TRACE,0.268,1.385297943540656,3000,1000
IID_GAUSSIAN,12,4,EXACT_REPLAY,0.763,1.0635404941598894,3000,1000
IID_GAUSSIAN,12,4,ELIGIBILITY_TRACE_NORM_MATCHED,0.646,1.3059884928928758,3000,1000
IID_GAUSSIAN,12,4,NO_TRACE,0.232,1.389041407967938,3000,1000
IID_GAUSSIAN,12,16,EXACT_REPLAY,0.764,1.0632426584062638,3000,1000
IID_GAUSSIAN,12,16,ELIGIBILITY_TRACE_NORM_MATCHED,0.585,1.3222329636525911,3000,1000
IID_GAUSSIAN,12,16,NO_TRACE,0.293,1.3826129131329437,3000,1000
IID_GAUSSIAN,12,64,EXACT_REPLAY,0.764,1.0620156264012446,3000,1000
IID_GAUSSIAN,12,64,ELIGIBILITY_TRACE_NORM_MATCHED,0.361,1.3695743589255593,3000,1000
IID_GAUSSIAN,12,64,NO_TRACE,0.252,1.3860590054902486,3000,1000
IID_GAUSSIAN,13,1,EXACT_REPLAY,0.731,1.0857382056876341,3000,1000
IID_GAUSSIAN,13,1,ELIGIBILITY_TRACE_NORM_MATCHED,0.641,1.320198593262888,3000,1000
IID_GAUSSIAN,13,1,NO_TRACE,0.24,1.3853133980404104,3000,1000
IID_GAUSSIAN,13,4,EXACT_REPLAY,0.731,1.0856715659947467,3000,1000
IID_GAUSSIAN,13,4,ELIGIBILITY_TRACE_NORM_MATCHED,0.611,1.3241187151075529,3000,1000
IID_GAUSSIAN,13,4,NO_TRACE,0.198,1.3970363646237338,3000,1000
IID_GAUSSIAN,13,16,EXACT_REPLAY,0.731,1.08539066757205,3000,1000
IID_GAUSSIAN,13,16,ELIGIBILITY_TRACE_NORM_MATCHED,0.542,1.3366897048686355,3000,1000
IID_GAUSSIAN,13,16,NO_TRACE,0.273,1.3852509284766052,3000,1000
IID_GAUSSIAN,13,64,EXACT_REPLAY,0.731,1.0842601459011039,3000,1000
IID_GAUSSIAN,13,64,ELIGIBILITY_TRACE_NORM_MATCHED,0.381,1.364339513109762,3000,1000
IID_GAUSSIAN,13,64,NO_TRACE,0.242,1.3907767619641591,3000,1000
IID_GAUSSIAN,14,1,EXACT_REPLAY,0.775,1.0668752565230855,3000,1000
IID_GAUSSIAN,14,1,ELIGIBILITY_TRACE_NORM_MATCHED,0.629,1.3072585364423288,3000,1000
IID_GAUSSIAN,14,1,NO_TRACE,0.251,1.382811677629878,3000,1000
IID_GAUSSIAN,14,4,EXACT_REPLAY,0.775,1.0668015182022965,3000,1000
IID_GAUSSIAN,14,4,ELIGIBILITY_TRACE_NORM_MATCHED,0.617,1.3145228984267803,3000,1000
IID_GAUSSIAN,14,4,NO_TRACE,0.252,1.388191595316871,3000,1000
IID_GAUSSIAN,14,16,EXACT_REPLAY,0.775,1.066498324836754,3000,1000
IID_GAUSSIAN,14,16,ELIGIBILITY_TRACE_NORM_MATCHED,0.571,1.329060815689018,3000,1000
IID_GAUSSIAN,14,16,NO_TRACE,0.274,1.3822443961645174,3000,1000
IID_GAUSSIAN,14,64,EXACT_REPLAY,0.775,1.0653245199250818,3000,1000
IID_GAUSSIAN,14,64,ELIGIBILITY_TRACE_NORM_MATCHED,0.377,1.366907679253655,3000,1000
IID_GAUSSIAN,14,64,NO_TRACE,0.268,1.3868082949870213,3000,1000
IID_GAUSSIAN,15,1,EXACT_REPLAY,0.786,1.06541475772558,3000,1000
IID_GAUSSIAN,15,1,ELIGIBILITY_TRACE_NORM_MATCHED,0.588,1.312875895436852,3000,1000
IID_GAUSSIAN,15,1,NO_TRACE,0.214,1.395767343748715,3000,1000
IID_GAUSSIAN,15,4,EXACT_REPLAY,0.786,1.0653382116596717,3000,1000
IID_GAUSSIAN,15,4,ELIGIBILITY_TRACE_NORM_MATCHED,0.584,1.316142990670139,3000,1000
IID_GAUSSIAN,15,4,NO_TRACE,0.342,1.3755354753817217,3000,1000
IID_GAUSSIAN,15,16,EXACT_REPLAY,0.786,1.0650294098086943,3000,1000
IID_GAUSSIAN,15,16,ELIGIBILITY_TRACE_NORM_MATCHED,0.557,1.3272000112383955,3000,1000
IID_GAUSSIAN,15,16,NO_TRACE,0.197,1.3951523501406904,3000,1000
IID_GAUSSIAN,15,64,EXACT_REPLAY,0.785,1.063832372361964,3000,1000
IID_GAUSSIAN,15,64,ELIGIBILITY_TRACE_NORM_MATCHED,0.42,1.360644881568904,3000,1000
IID_GAUSSIAN,15,64,NO_TRACE,0.261,1.3832365233172885,3000,1000
IID_GAUSSIAN,16,1,EXACT_REPLAY,0.794,1.0511662933288966,3000,1000
IID_GAUSSIAN,16,1,ELIGIBILITY_TRACE_NORM_MATCHED,0.566,1.2994018962488045,3000,1000
IID_GAUSSIAN,16,1,NO_TRACE,0.244,1.3918641722454632,3000,1000
IID_GAUSSIAN,16,4,EXACT_REPLAY,0.794,1.0510886097946586,3000,1000
IID_GAUSSIAN,16,4,ELIGIBILITY_TRACE_NORM_MATCHED,0.53,1.3070396999497575,3000,1000
IID_GAUSSIAN,16,4,NO_TRACE,0.22,1.3939866009346067,3000,1000
IID_GAUSSIAN,16,16,EXACT_REPLAY,0.794,1.0507612194794904,3000,1000
IID_GAUSSIAN,16,16,ELIGIBILITY_TRACE_NORM_MATCHED,0.503,1.3153409076397051,3000,1000
IID_GAUSSIAN,16,16,NO_TRACE,0.263,1.3852049898803593,3000,1000
IID_GAUSSIAN,16,64,EXACT_REPLAY,0.793,1.049434366163622,3000,1000
IID_GAUSSIAN,16,64,ELIGIBILITY_TRACE_NORM_MATCHED,0.326,1.3716928401766835,3000,1000
IID_GAUSSIAN,16,64,NO_TRACE,0.248,1.3890629260834606,3000,1000
IID_GAUSSIAN,17,1,EXACT_REPLAY,0.776,1.07609815733782,3000,1000
IID_GAUSSIAN,17,1,ELIGIBILITY_TRACE_NORM_MATCHED,0.613,1.3110090610331786,3000,1000
IID_GAUSSIAN,17,1,NO_TRACE,0.194,1.3956588409136903,3000,1000
IID_GAUSSIAN,17,4,EXACT_REPLAY,0.776,1.076031742128634,3000,1000
IID_GAUSSIAN,17,4,ELIGIBILITY_TRACE_NORM_MATCHED,0.608,1.313991940271438,3000,1000
IID_GAUSSIAN,17,4,NO_TRACE,0.283,1.3849767991257442,3000,1000
IID_GAUSSIAN,17,16,EXACT_REPLAY,0.775,1.0757406333365052,3000,1000
IID_GAUSSIAN,17,16,ELIGIBILITY_TRACE_NORM_MATCHED,0.547,1.329412796695487,3000,1000
IID_GAUSSIAN,17,16,NO_TRACE,0.27,1.3842365410107873,3000,1000
IID_GAUSSIAN,17,64,EXACT_REPLAY,0.774,1.0745985451517437,3000,1000
IID_GAUSSIAN,17,64,ELIGIBILITY_TRACE_NORM_MATCHED,0.41,1.3604048925925636,3000,1000
IID_GAUSSIAN,17,64,NO_TRACE,0.157,1.4017930147856308,3000,1000
IID_GAUSSIAN,18,1,EXACT_REPLAY,0.749,1.0557129621176145,3000,1000
IID_GAUSSIAN,18,1,ELIGIBILITY_TRACE_NORM_MATCHED,0.632,1.2998281168064445,3000,1000
IID_GAUSSIAN,18,1,NO_TRACE,0.223,1.392034856848464,3000,1000
IID_GAUSSIAN,18,4,EXACT_REPLAY,0.749,1.0556350983944585,3000,1000
IID_GAUSSIAN,18,4,ELIGIBILITY_TRACE_NORM_MATCHED,0.636,1.3073680885086822,3000,1000
IID_GAUSSIAN,18,4,NO_TRACE,0.232,1.3936583513140954,3000,1000
IID_GAUSSIAN,18,16,EXACT_REPLAY,0.749,1.0553286462998108,3000,1000
IID_GAUSSIAN,18,16,ELIGIBILITY_TRACE_NORM_MATCHED,0.613,1.3247485467370212,3000,1000
IID_GAUSSIAN,18,16,NO_TRACE,0.173,1.3982324772760513,3000,1000
IID_GAUSSIAN,18,64,EXACT_REPLAY,0.749,1.0540882180128774,3000,1000
IID_GAUSSIAN,18,64,ELIGIBILITY_TRACE_NORM_MATCHED,0.341,1.3738236051395707,3000,1000
IID_GAUSSIAN,18,64,NO_TRACE,0.241,1.3881848478171417,3000,1000
IID_GAUSSIAN,19,1,EXACT_REPLAY,0.763,1.0839342502697988,3000,1000
IID_GAUSSIAN,19,1,ELIGIBILITY_TRACE_NORM_MATCHED,0.614,1.3109449405394826,3000,1000
IID_GAUSSIAN,19,1,NO_TRACE,0.26,1.384936251268411,3000,1000
IID_GAUSSIAN,19,4,EXACT_REPLAY,0.763,1.083869717816514,3000,1000
IID_GAUSSIAN,19,4,ELIGIBILITY_TRACE_NORM_MATCHED,0.624,1.3169307977731708,3000,1000
IID_GAUSSIAN,19,4,NO_TRACE,0.269,1.3862188216846771,3000,1000
IID_GAUSSIAN,19,16,EXACT_REPLAY,0.763,1.0835998067835821,3000,1000
IID_GAUSSIAN,19,16,ELIGIBILITY_TRACE_NORM_MATCHED,0.584,1.3289013190632175,3000,1000
IID_GAUSSIAN,19,16,NO_TRACE,0.198,1.3957141411581069,3000,1000
IID_GAUSSIAN,19,64,EXACT_REPLAY,0.762,1.0824974929742532,3000,1000
IID_GAUSSIAN,19,64,ELIGIBILITY_TRACE_NORM_MATCHED,0.418,1.3616697501133022,3000,1000
IID_GAUSSIAN,19,64,NO_TRACE,0.219,1.39088649532429,3000,1000
IID_GAUSSIAN,20,1,EXACT_REPLAY,0.776,1.0510542835872057,3000,1000
IID_GAUSSIAN,20,1,ELIGIBILITY_TRACE_NORM_MATCHED,0.642,1.2992394439256747,3000,1000
IID_GAUSSIAN,20,1,NO_TRACE,0.268,1.3850449255569453,3000,1000
IID_GAUSSIAN,20,4,EXACT_REPLAY,0.776,1.050975755000457,3000,1000
IID_GAUSSIAN,20,4,ELIGIBILITY_TRACE_NORM_MATCHED,0.648,1.3068404949733117,3000,1000
IID_GAUSSIAN,20,4,NO_TRACE,0.219,1.3926751978417546,3000,1000
IID_GAUSSIAN,20,16,EXACT_REPLAY,0.776,1.0506617541021614,3000,1000
IID_GAUSSIAN,20,16,ELIGIBILITY_TRACE_NORM_MATCHED,0.622,1.3191555377239714,3000,1000
IID_GAUSSIAN,20,16,NO_TRACE,0.295,1.377201953474042,3000,1000
IID_GAUSSIAN,20,64,EXACT_REPLAY,0.775,1.0494164226401013,3000,1000
IID_GAUSSIAN,20,64,ELIGIBILITY_TRACE_NORM_MATCHED,0.392,1.3650583834416175,3000,1000
IID_GAUSSIAN,20,64,NO_TRACE,0.327,1.3784685736106763,3000,1000
IID_GAUSSIAN,21,1,EXACT_REPLAY,0.794,1.028987374424045,3000,1000
IID_GAUSSIAN,21,1,ELIGIBILITY_TRACE_NORM_MATCHED,0.666,1.290336660698169,3000,1000
IID_GAUSSIAN,21,1,NO_TRACE,0.196,1.3979519058249097,3000,1000
IID_GAUSSIAN,21,4,EXACT_REPLAY,0.794,1.028899999350696,3000,1000
IID_GAUSSIAN,21,4,ELIGIBILITY_TRACE_NORM_MATCHED,0.655,1.2982684241776712,3000,1000
IID_GAUSSIAN,21,4,NO_TRACE,0.285,1.3819110575462454,3000,1000
IID_GAUSSIAN,21,16,EXACT_REPLAY,0.794,1.0285468463563634,3000,1000
IID_GAUSSIAN,21,16,ELIGIBILITY_TRACE_NORM_MATCHED,0.588,1.3230338714189305,3000,1000
IID_GAUSSIAN,21,16,NO_TRACE,0.298,1.379774082867307,3000,1000
IID_GAUSSIAN,21,64,EXACT_REPLAY,0.794,1.0271101793113453,3000,1000
IID_GAUSSIAN,21,64,ELIGIBILITY_TRACE_NORM_MATCHED,0.495,1.3482129843960868,3000,1000
IID_GAUSSIAN,21,64,NO_TRACE,0.237,1.3882251264663905,3000,1000
IID_GAUSSIAN,22,1,EXACT_REPLAY,0.752,1.0572049858805639,3000,1000
IID_GAUSSIAN,22,1,ELIGIBILITY_TRACE_NORM_MATCHED,0.652,1.2984692635979638,3000,1000
IID_GAUSSIAN,22,1,NO_TRACE,0.26,1.3859485894507773,3000,1000
IID_GAUSSIAN,22,4,EXACT_REPLAY,0.752,1.0571265100353258,3000,1000
IID_GAUSSIAN,22,4,ELIGIBILITY_TRACE_NORM_MATCHED,0.644,1.3078073710188323,3000,1000
IID_GAUSSIAN,22,4,NO_TRACE,0.225,1.3918732753515317,3000,1000
IID_GAUSSIAN,22,16,EXACT_REPLAY,0.752,1.056812795913123,3000,1000
IID_GAUSSIAN,22,16,ELIGIBILITY_TRACE_NORM_MATCHED,0.617,1.3267271964625937,3000,1000
IID_GAUSSIAN,22,16,NO_TRACE,0.241,1.392131404628455,3000,1000
IID_GAUSSIAN,22,64,EXACT_REPLAY,0.75,1.0555649890289112,3000,1000
IID_GAUSSIAN,22,64,ELIGIBILITY_TRACE_NORM_MATCHED,0.393,1.3674426866206768,3000,1000
IID_GAUSSIAN,22,64,NO_TRACE,0.18,1.395404249321921,3000,1000
IID_GAUSSIAN,23,1,EXACT_REPLAY,0.76,1.0656983822201054,3000,1000
IID_GAUSSIAN,23,1,ELIGIBILITY_TRACE_NORM_MATCHED,0.612,1.3082697217479644,3000,1000
IID_GAUSSIAN,23,1,NO_TRACE,0.196,1.3973581153844081,3000,1000
IID_GAUSSIAN,23,4,EXACT_REPLAY,0.76,1.0656281954109736,3000,1000
IID_GAUSSIAN,23,4,ELIGIBILITY_TRACE_NORM_MATCHED,0.598,1.3122047942929371,3000,1000
IID_GAUSSIAN,23,4,NO_TRACE,0.315,1.3783223986643984,3000,1000
IID_GAUSSIAN,23,16,EXACT_REPLAY,0.76,1.0653317063588224,3000,1000
IID_GAUSSIAN,23,16,ELIGIBILITY_TRACE_NORM_MATCHED,0.544,1.331737401800528,3000,1000
IID_GAUSSIAN,23,16,NO_TRACE,0.26,1.3853412841207073,3000,1000
IID_GAUSSIAN,23,64,EXACT_REPLAY,0.76,1.0641206912417038,3000,1000
IID_GAUSSIAN,23,64,ELIGIBILITY_TRACE_NORM_MATCHED,0.376,1.3663104647682764,3000,1000
IID_GAUSSIAN,23,64,NO_TRACE,0.258,1.3863225312232417,3000,1000
IID_GAUSSIAN,24,1,EXACT_REPLAY,0.815,1.028183498818984,3000,1000
IID_GAUSSIAN,24,1,ELIGIBILITY_TRACE_NORM_MATCHED,0.685,1.3012055882812488,3000,1000
IID_GAUSSIAN,24,1,NO_TRACE,0.217,1.3927271991143049,3000,1000
IID_GAUSSIAN,24,4,EXACT_REPLAY,0.815,1.0280976339860604,3000,1000
IID_GAUSSIAN,24,4,ELIGIBILITY_TRACE_NORM_MATCHED,0.666,1.311716064228982,3000,1000
IID_GAUSSIAN,24,4,NO_TRACE,0.172,1.3985104888359654,3000,1000
IID_GAUSSIAN,24,16,EXACT_REPLAY,0.815,1.0277397792135108,3000,1000
IID_GAUSSIAN,24,16,ELIGIBILITY_TRACE_NORM_MATCHED,0.573,1.3282736717923136,3000,1000
IID_GAUSSIAN,24,16,NO_TRACE,0.227,1.3904944927455576,3000,1000
IID_GAUSSIAN,24,64,EXACT_REPLAY,0.815,1.0263215564492099,3000,1000
IID_GAUSSIAN,24,64,ELIGIBILITY_TRACE_NORM_MATCHED,0.372,1.3666594715162497,3000,1000
IID_GAUSSIAN,24,64,NO_TRACE,0.195,1.3983896439177674,3000,1000
IID_GAUSSIAN,25,1,EXACT_REPLAY,0.738,1.0860061550282862,3000,1000
IID_GAUSSIAN,25,1,ELIGIBILITY_TRACE_NORM_MATCHED,0.602,1.317993511389062,3000,1000
IID_GAUSSIAN,25,1,NO_TRACE,0.205,1.3960347475689991,3000,1000
IID_GAUSSIAN,25,4,EXACT_REPLAY,0.738,1.0859387028772627,3000,1000
IID_GAUSSIAN,25,4,ELIGIBILITY_TRACE_NORM_MATCHED,0.574,1.3226949648935733,3000,1000
IID_GAUSSIAN,25,4,NO_TRACE,0.266,1.3884618226705823,3000,1000
IID_GAUSSIAN,25,16,EXACT_REPLAY,0.738,1.0856582203028047,3000,1000
IID_GAUSSIAN,25,16,ELIGIBILITY_TRACE_NORM_MATCHED,0.548,1.3347138840639772,3000,1000
IID_GAUSSIAN,25,16,NO_TRACE,0.27,1.3865905025544871,3000,1000
IID_GAUSSIAN,25,64,EXACT_REPLAY,0.738,1.0845555470826729,3000,1000
IID_GAUSSIAN,25,64,ELIGIBILITY_TRACE_NORM_MATCHED,0.296,1.3794559005224345,3000,1000
IID_GAUSSIAN,25,64,NO_TRACE,0.211,1.394724065585766,3000,1000
IID_GAUSSIAN,26,1,EXACT_REPLAY,0.758,1.0950723553674058,3000,1000
IID_GAUSSIAN,26,1,ELIGIBILITY_TRACE_NORM_MATCHED,0.581,1.3082968699855342,3000,1000
IID_GAUSSIAN,26,1,NO_TRACE,0.198,1.3979573122333786,3000,1000
IID_GAUSSIAN,26,4,EXACT_REPLAY,0.757,1.0950049987770845,3000,1000
IID_GAUSSIAN,26,4,ELIGIBILITY_TRACE_NORM_MATCHED,0.568,1.312057668451615,3000,1000
IID_GAUSSIAN,26,4,NO_TRACE,0.241,1.3916353212344073,3000,1000
IID_GAUSSIAN,26,16,EXACT_REPLAY,0.757,1.0947492676623647,3000,1000
IID_GAUSSIAN,26,16,ELIGIBILITY_TRACE_NORM_MATCHED,0.542,1.3262223938231352,3000,1000
IID_GAUSSIAN,26,16,NO_TRACE,0.302,1.3801990053523743,3000,1000
IID_GAUSSIAN,26,64,EXACT_REPLAY,0.756,1.0937349039339537,3000,1000
IID_GAUSSIAN,26,64,ELIGIBILITY_TRACE_NORM_MATCHED,0.423,1.3547059911281425,3000,1000
IID_GAUSSIAN,26,64,NO_TRACE,0.301,1.379368232942853,3000,1000
IID_GAUSSIAN,27,1,EXACT_REPLAY,0.757,1.0494064513469907,3000,1000
IID_GAUSSIAN,27,1,ELIGIBILITY_TRACE_NORM_MATCHED,0.653,1.2997622149222203,3000,1000
IID_GAUSSIAN,27,1,NO_TRACE,0.19,1.3981364188846155,3000,1000
IID_GAUSSIAN,27,4,EXACT_REPLAY,0.757,1.0493255410883398,3000,1000
IID_GAUSSIAN,27,4,ELIGIBILITY_TRACE_NORM_MATCHED,0.644,1.3045533911492895,3000,1000
IID_GAUSSIAN,27,4,NO_TRACE,0.246,1.3871873620712853,3000,1000
IID_GAUSSIAN,27,16,EXACT_REPLAY,0.757,1.0489810214466402,3000,1000
IID_GAUSSIAN,27,16,ELIGIBILITY_TRACE_NORM_MATCHED,0.628,1.3143977063750858,3000,1000
IID_GAUSSIAN,27,16,NO_TRACE,0.302,1.3780084974093092,3000,1000
IID_GAUSSIAN,27,64,EXACT_REPLAY,0.755,1.0476213346239278,3000,1000
IID_GAUSSIAN,27,64,ELIGIBILITY_TRACE_NORM_MATCHED,0.369,1.3662214285803462,3000,1000
IID_GAUSSIAN,27,64,NO_TRACE,0.308,1.3805866823859545,3000,1000
IID_GAUSSIAN,28,1,EXACT_REPLAY,0.797,1.0444190521950003,3000,1000
IID_GAUSSIAN,28,1,ELIGIBILITY_TRACE_NORM_MATCHED,0.668,1.299693930802342,3000,1000
IID_GAUSSIAN,28,1,NO_TRACE,0.268,1.3852615233275933,3000,1000
IID_GAUSSIAN,28,4,EXACT_REPLAY,0.797,1.044334238487334,3000,1000
IID_GAUSSIAN,28,4,ELIGIBILITY_TRACE_NORM_MATCHED,0.658,1.3054675995919565,3000,1000
IID_GAUSSIAN,28,4,NO_TRACE,0.236,1.3887653527954276,3000,1000
IID_GAUSSIAN,28,16,EXACT_REPLAY,0.797,1.043997539578725,3000,1000
IID_GAUSSIAN,28,16,ELIGIBILITY_TRACE_NORM_MATCHED,0.682,1.3153118446623755,3000,1000
IID_GAUSSIAN,28,16,NO_TRACE,0.25,1.3851510382781542,3000,1000
IID_GAUSSIAN,28,64,EXACT_REPLAY,0.797,1.0426685371480382,3000,1000
IID_GAUSSIAN,28,64,ELIGIBILITY_TRACE_NORM_MATCHED,0.444,1.3557425730966661,3000,1000
IID_GAUSSIAN,28,64,NO_TRACE,0.171,1.3966499910415242,3000,1000
IID_GAUSSIAN,29,1,EXACT_REPLAY,0.767,1.077194180252542,3000,1000
IID_GAUSSIAN,29,1,ELIGIBILITY_TRACE_NORM_MATCHED,0.605,1.3101246945928828,3000,1000
IID_GAUSSIAN,29,1,NO_TRACE,0.272,1.3862503892896256,3000,1000
IID_GAUSSIAN,29,4,EXACT_REPLAY,0.767,1.077126457039839,3000,1000
IID_GAUSSIAN,29,4,ELIGIBILITY_TRACE_NORM_MATCHED,0.6,1.3123031150443594,3000,1000
IID_GAUSSIAN,29,4,NO_TRACE,0.322,1.3752874417063048,3000,1000
IID_GAUSSIAN,29,16,EXACT_REPLAY,0.767,1.0768524702778526,3000,1000
IID_GAUSSIAN,29,16,ELIGIBILITY_TRACE_NORM_MATCHED,0.508,1.3351952398455547,3000,1000
IID_GAUSSIAN,29,16,NO_TRACE,0.143,1.4007001141433473,3000,1000
IID_GAUSSIAN,29,64,EXACT_REPLAY,0.767,1.0757369089120656,3000,1000
IID_GAUSSIAN,29,64,ELIGIBILITY_TRACE_NORM_MATCHED,0.352,1.3691418960440633,3000,1000
IID_GAUSSIAN,29,64,NO_TRACE,0.154,1.40329191009446,3000,1000
AR1_GAUSSIAN,0,1,EXACT_REPLAY,0.732,1.0475570650926598,3000,1000
AR1_GAUSSIAN,0,1,ELIGIBILITY_TRACE_NORM_MATCHED,0.602,1.2185730579979155,3000,1000
AR1_GAUSSIAN,0,1,NO_TRACE,0.729,1.1016733710236675,3000,1000
AR1_GAUSSIAN,0,4,EXACT_REPLAY,0.732,1.0470740291568628,3000,1000
AR1_GAUSSIAN,0,4,ELIGIBILITY_TRACE_NORM_MATCHED,0.63,1.1905208490194275,3000,1000
AR1_GAUSSIAN,0,4,NO_TRACE,0.687,1.2194799290978853,3000,1000
AR1_GAUSSIAN,0,16,EXACT_REPLAY,0.732,1.0465736297007528,3000,1000
AR1_GAUSSIAN,0,16,ELIGIBILITY_TRACE_NORM_MATCHED,0.637,1.1957910788612385,3000,1000
AR1_GAUSSIAN,0,16,NO_TRACE,0.23,1.407012428278203,3000,1000
AR1_GAUSSIAN,0,64,EXACT_REPLAY,0.732,1.0452058962549458,3000,1000
AR1_GAUSSIAN,0,64,ELIGIBILITY_TRACE_NORM_MATCHED,0.491,1.3075144596189885,3000,1000
AR1_GAUSSIAN,0,64,NO_TRACE,0.222,1.3968605803446772,3000,1000
AR1_GAUSSIAN,1,1,EXACT_REPLAY,0.799,1.0451632966966549,3000,1000
AR1_GAUSSIAN,1,1,ELIGIBILITY_TRACE_NORM_MATCHED,0.635,1.268495849502245,3000,1000
AR1_GAUSSIAN,1,1,NO_TRACE,0.777,1.109333689223089,3000,1000
AR1_GAUSSIAN,1,4,EXACT_REPLAY,0.799,1.0447080863009313,3000,1000
AR1_GAUSSIAN,1,4,ELIGIBILITY_TRACE_NORM_MATCHED,0.686,1.2388035930261472,3000,1000
AR1_GAUSSIAN,1,4,NO_TRACE,0.702,1.2530684082344665,3000,1000
AR1_GAUSSIAN,1,16,EXACT_REPLAY,0.799,1.0442986365834441,3000,1000
AR1_GAUSSIAN,1,16,ELIGIBILITY_TRACE_NORM_MATCHED,0.696,1.2505914781748735,3000,1000
AR1_GAUSSIAN,1,16,NO_TRACE,0.252,1.3959069798374621,3000,1000
AR1_GAUSSIAN,1,64,EXACT_REPLAY,0.8,1.0430713074233344,3000,1000
AR1_GAUSSIAN,1,64,ELIGIBILITY_TRACE_NORM_MATCHED,0.432,1.3373682494403687,3000,1000
AR1_GAUSSIAN,1,64,NO_TRACE,0.23,1.3856036414074027,3000,1000
AR1_GAUSSIAN,2,1,EXACT_REPLAY,0.801,1.0328601058191424,3000,1000
AR1_GAUSSIAN,2,1,ELIGIBILITY_TRACE_NORM_MATCHED,0.669,1.2110063280782606,3000,1000
AR1_GAUSSIAN,2,1,NO_TRACE,0.79,1.0857657722007301,3000,1000
AR1_GAUSSIAN,2,4,EXACT_REPLAY,0.801,1.0323338530751607,3000,1000
AR1_GAUSSIAN,2,4,ELIGIBILITY_TRACE_NORM_MATCHED,0.714,1.1805710830723846,3000,1000
AR1_GAUSSIAN,2,4,NO_TRACE,0.734,1.2126309149883723,3000,1000
AR1_GAUSSIAN,2,16,EXACT_REPLAY,0.801,1.0318472704034234,3000,1000
AR1_GAUSSIAN,2,16,ELIGIBILITY_TRACE_NORM_MATCHED,0.707,1.1924116544354488,3000,1000
AR1_GAUSSIAN,2,16,NO_TRACE,0.234,1.3898527046845706,3000,1000
AR1_GAUSSIAN,2,64,EXACT_REPLAY,0.801,1.0303687786414533,3000,1000
AR1_GAUSSIAN,2,64,ELIGIBILITY_TRACE_NORM_MATCHED,0.507,1.2872119933123112,3000,1000
AR1_GAUSSIAN,2,64,NO_TRACE,0.38,1.354003751816026,3000,1000
AR1_GAUSSIAN,3,1,EXACT_REPLAY,0.776,1.0553078956705413,3000,1000
AR1_GAUSSIAN,3,1,ELIGIBILITY_TRACE_NORM_MATCHED,0.683,1.2677275564641104,3000,1000
AR1_GAUSSIAN,3,1,NO_TRACE,0.763,1.1148014802482045,3000,1000
AR1_GAUSSIAN,3,4,EXACT_REPLAY,0.777,1.0548579481099956,3000,1000
AR1_GAUSSIAN,3,4,ELIGIBILITY_TRACE_NORM_MATCHED,0.727,1.237967407011767,3000,1000
AR1_GAUSSIAN,3,4,NO_TRACE,0.64,1.2494797666732944,3000,1000
AR1_GAUSSIAN,3,16,EXACT_REPLAY,0.777,1.0544433472456705,3000,1000
AR1_GAUSSIAN,3,16,ELIGIBILITY_TRACE_NORM_MATCHED,0.689,1.2419007664662818,3000,1000
AR1_GAUSSIAN,3,16,NO_TRACE,0.338,1.3689934242147277,3000,1000
AR1_GAUSSIAN,3,64,EXACT_REPLAY,0.777,1.0531829006365028,3000,1000
AR1_GAUSSIAN,3,64,ELIGIBILITY_TRACE_NORM_MATCHED,0.331,1.3661294410016527,3000,1000
AR1_GAUSSIAN,3,64,NO_TRACE,0.218,1.4034818425356006,3000,1000
AR1_GAUSSIAN,4,1,EXACT_REPLAY,0.768,1.0573219956876827,3000,1000
AR1_GAUSSIAN,4,1,ELIGIBILITY_TRACE_NORM_MATCHED,0.61,1.23267792957763,3000,1000
AR1_GAUSSIAN,4,1,NO_TRACE,0.76,1.1103289185977279,3000,1000
AR1_GAUSSIAN,4,4,EXACT_REPLAY,0.768,1.05681295416034,3000,1000
AR1_GAUSSIAN,4,4,ELIGIBILITY_TRACE_NORM_MATCHED,0.644,1.2031066989377586,3000,1000
AR1_GAUSSIAN,4,4,NO_TRACE,0.691,1.2127418320977346,3000,1000
AR1_GAUSSIAN,4,16,EXACT_REPLAY,0.768,1.0563444521876086,3000,1000
AR1_GAUSSIAN,4,16,ELIGIBILITY_TRACE_NORM_MATCHED,0.678,1.1951604767780795,3000,1000
AR1_GAUSSIAN,4,16,NO_TRACE,0.304,1.3676654287464791,3000,1000
AR1_GAUSSIAN,4,64,EXACT_REPLAY,0.768,1.0551201503893572,3000,1000
AR1_GAUSSIAN,4,64,ELIGIBILITY_TRACE_NORM_MATCHED,0.485,1.2961496559406893,3000,1000
AR1_GAUSSIAN,4,64,NO_TRACE,0.248,1.3856637786821921,3000,1000
AR1_GAUSSIAN,5,1,EXACT_REPLAY,0.753,1.0942258025045937,3000,1000
AR1_GAUSSIAN,5,1,ELIGIBILITY_TRACE_NORM_MATCHED,0.606,1.2618158381872315,3000,1000
AR1_GAUSSIAN,5,1,NO_TRACE,0.728,1.1417328971047045,3000,1000
AR1_GAUSSIAN,5,4,EXACT_REPLAY,0.753,1.0937702640972753,3000,1000
AR1_GAUSSIAN,5,4,ELIGIBILITY_TRACE_NORM_MATCHED,0.659,1.2341747546128663,3000,1000
AR1_GAUSSIAN,5,4,NO_TRACE,0.666,1.2420086809273827,3000,1000
AR1_GAUSSIAN,5,16,EXACT_REPLAY,0.753,1.0933730562987671,3000,1000
AR1_GAUSSIAN,5,16,ELIGIBILITY_TRACE_NORM_MATCHED,0.628,1.242188096672805,3000,1000
AR1_GAUSSIAN,5,16,NO_TRACE,0.263,1.3816261093462696,3000,1000
AR1_GAUSSIAN,5,64,EXACT_REPLAY,0.752,1.092270925144927,3000,1000
AR1_GAUSSIAN,5,64,ELIGIBILITY_TRACE_NORM_MATCHED,0.431,1.3252370086580583,3000,1000
AR1_GAUSSIAN,5,64,NO_TRACE,0.293,1.3751586361193973,3000,1000
AR1_GAUSSIAN,6,1,EXACT_REPLAY,0.766,1.0594692743954102,3000,1000
AR1_GAUSSIAN,6,1,ELIGIBILITY_TRACE_NORM_MATCHED,0.61,1.2623297023230133,3000,1000
AR1_GAUSSIAN,6,1,NO_TRACE,0.744,1.1124300524932687,3000,1000
AR1_GAUSSIAN,6,4,EXACT_REPLAY,0.766,1.0589952645258038,3000,1000
AR1_GAUSSIAN,6,4,ELIGIBILITY_TRACE_NORM_MATCHED,0.672,1.2315890277686152,3000,1000
AR1_GAUSSIAN,6,4,NO_TRACE,0.706,1.2388939375851051,3000,1000
AR1_GAUSSIAN,6,16,EXACT_REPLAY,0.766,1.0585684150402754,3000,1000
AR1_GAUSSIAN,6,16,ELIGIBILITY_TRACE_NORM_MATCHED,0.663,1.2338428310619673,3000,1000
AR1_GAUSSIAN,6,16,NO_TRACE,0.274,1.378628854719544,3000,1000
AR1_GAUSSIAN,6,64,EXACT_REPLAY,0.765,1.0574308597992625,3000,1000
AR1_GAUSSIAN,6,64,ELIGIBILITY_TRACE_NORM_MATCHED,0.507,1.3114483976732332,3000,1000
AR1_GAUSSIAN,6,64,NO_TRACE,0.296,1.3799842803395974,3000,1000
AR1_GAUSSIAN,7,1,EXACT_REPLAY,0.757,1.0649715310333652,3000,1000
AR1_GAUSSIAN,7,1,ELIGIBILITY_TRACE_NORM_MATCHED,0.623,1.2408547329906707,3000,1000
AR1_GAUSSIAN,7,1,NO_TRACE,0.742,1.1185759192698161,3000,1000
AR1_GAUSSIAN,7,4,EXACT_REPLAY,0.757,1.06452332630783,3000,1000
AR1_GAUSSIAN,7,4,ELIGIBILITY_TRACE_NORM_MATCHED,0.672,1.2138055813499604,3000,1000
AR1_GAUSSIAN,7,4,NO_TRACE,0.69,1.24653468522099,3000,1000
AR1_GAUSSIAN,7,16,EXACT_REPLAY,0.757,1.0640874623930792,3000,1000
AR1_GAUSSIAN,7,16,ELIGIBILITY_TRACE_NORM_MATCHED,0.665,1.2195295721573483,3000,1000
AR1_GAUSSIAN,7,16,NO_TRACE,0.266,1.3788985042599529,3000,1000
AR1_GAUSSIAN,7,64,EXACT_REPLAY,0.755,1.062862465065201,3000,1000
AR1_GAUSSIAN,7,64,ELIGIBILITY_TRACE_NORM_MATCHED,0.443,1.3273077719448076,3000,1000
AR1_GAUSSIAN,7,64,NO_TRACE,0.258,1.3895465213717744,3000,1000
AR1_GAUSSIAN,8,1,EXACT_REPLAY,0.706,1.0984234719928616,3000,1000
AR1_GAUSSIAN,8,1,ELIGIBILITY_TRACE_NORM_MATCHED,0.558,1.262131927504506,3000,1000
AR1_GAUSSIAN,8,1,NO_TRACE,0.712,1.146151387099137,3000,1000
AR1_GAUSSIAN,8,4,EXACT_REPLAY,0.706,1.0980112510521038,3000,1000
AR1_GAUSSIAN,8,4,ELIGIBILITY_TRACE_NORM_MATCHED,0.604,1.238558568845244,3000,1000
AR1_GAUSSIAN,8,4,NO_TRACE,0.644,1.2580750582128248,3000,1000
AR1_GAUSSIAN,8,16,EXACT_REPLAY,0.704,1.0975960436181758,3000,1000
AR1_GAUSSIAN,8,16,ELIGIBILITY_TRACE_NORM_MATCHED,0.635,1.2320219840913813,3000,1000
AR1_GAUSSIAN,8,16,NO_TRACE,0.33,1.3700328006056828,3000,1000
AR1_GAUSSIAN,8,64,EXACT_REPLAY,0.704,1.096595965814657,3000,1000
AR1_GAUSSIAN,8,64,ELIGIBILITY_TRACE_NORM_MATCHED,0.481,1.3182559525199642,3000,1000
AR1_GAUSSIAN,8,64,NO_TRACE,0.267,1.3834535963643297,3000,1000
AR1_GAUSSIAN,9,1,EXACT_REPLAY,0.759,1.0480896905962613,3000,1000
AR1_GAUSSIAN,9,1,ELIGIBILITY_TRACE_NORM_MATCHED,0.639,1.2364501727177097,3000,1000
AR1_GAUSSIAN,9,1,NO_TRACE,0.735,1.1054759710093924,3000,1000
AR1_GAUSSIAN,9,4,EXACT_REPLAY,0.759,1.0475932405246622,3000,1000
AR1_GAUSSIAN,9,4,ELIGIBILITY_TRACE_NORM_MATCHED,0.669,1.2090950812420351,3000,1000
AR1_GAUSSIAN,9,4,NO_TRACE,0.661,1.2345771702173465,3000,1000
AR1_GAUSSIAN,9,16,EXACT_REPLAY,0.758,1.047098592524937,3000,1000
AR1_GAUSSIAN,9,16,ELIGIBILITY_TRACE_NORM_MATCHED,0.658,1.2118911691171743,3000,1000
AR1_GAUSSIAN,9,16,NO_TRACE,0.348,1.3607657650168126,3000,1000
AR1_GAUSSIAN,9,64,EXACT_REPLAY,0.758,1.0456875043762848,3000,1000
AR1_GAUSSIAN,9,64,ELIGIBILITY_TRACE_NORM_MATCHED,0.546,1.2857218681780245,3000,1000
AR1_GAUSSIAN,9,64,NO_TRACE,0.333,1.3672716797423508,3000,1000
AR1_GAUSSIAN,10,1,EXACT_REPLAY,0.778,1.0485168969711747,3000,1000
AR1_GAUSSIAN,10,1,ELIGIBILITY_TRACE_NORM_MATCHED,0.648,1.2435571042329785,3000,1000
AR1_GAUSSIAN,10,1,NO_TRACE,0.767,1.1000511972808353,3000,1000
AR1_GAUSSIAN,10,4,EXACT_REPLAY,0.778,1.0480043256255893,3000,1000
AR1_GAUSSIAN,10,4,ELIGIBILITY_TRACE_NORM_MATCHED,0.68,1.2129763959198774,3000,1000
AR1_GAUSSIAN,10,4,NO_TRACE,0.696,1.2259300474554347,3000,1000
AR1_GAUSSIAN,10,16,EXACT_REPLAY,0.778,1.0475101866167051,3000,1000
AR1_GAUSSIAN,10,16,ELIGIBILITY_TRACE_NORM_MATCHED,0.678,1.2117513489397864,3000,1000
AR1_GAUSSIAN,10,16,NO_TRACE,0.331,1.3759416250930316,3000,1000
AR1_GAUSSIAN,10,64,EXACT_REPLAY,0.777,1.0462940003812273,3000,1000
AR1_GAUSSIAN,10,64,ELIGIBILITY_TRACE_NORM_MATCHED,0.467,1.3203961788363627,3000,1000
AR1_GAUSSIAN,10,64,NO_TRACE,0.361,1.3667000521970307,3000,1000
AR1_GAUSSIAN,11,1,EXACT_REPLAY,0.778,1.0585079432592854,3000,1000
AR1_GAUSSIAN,11,1,ELIGIBILITY_TRACE_NORM_MATCHED,0.622,1.2363077150003474,3000,1000
AR1_GAUSSIAN,11,1,NO_TRACE,0.766,1.1130640881682092,3000,1000
AR1_GAUSSIAN,11,4,EXACT_REPLAY,0.778,1.0579954036100547,3000,1000
AR1_GAUSSIAN,11,4,ELIGIBILITY_TRACE_NORM_MATCHED,0.668,1.2070575043768836,3000,1000
AR1_GAUSSIAN,11,4,NO_TRACE,0.721,1.2221229670676155,3000,1000
AR1_GAUSSIAN,11,16,EXACT_REPLAY,0.778,1.0575230439899819,3000,1000
AR1_GAUSSIAN,11,16,ELIGIBILITY_TRACE_NORM_MATCHED,0.671,1.2099016190880532,3000,1000
AR1_GAUSSIAN,11,16,NO_TRACE,0.272,1.385924283161578,3000,1000
AR1_GAUSSIAN,11,64,EXACT_REPLAY,0.777,1.0563718414109498,3000,1000
AR1_GAUSSIAN,11,64,ELIGIBILITY_TRACE_NORM_MATCHED,0.525,1.3068099940128746,3000,1000
AR1_GAUSSIAN,11,64,NO_TRACE,0.313,1.3760630379626848,3000,1000
AR1_GAUSSIAN,12,1,EXACT_REPLAY,0.719,1.1327145210477279,3000,1000
AR1_GAUSSIAN,12,1,ELIGIBILITY_TRACE_NORM_MATCHED,0.519,1.287556902472937,3000,1000
AR1_GAUSSIAN,12,1,NO_TRACE,0.696,1.1757681216005915,3000,1000
AR1_GAUSSIAN,12,4,EXACT_REPLAY,0.719,1.132334159122499,3000,1000
AR1_GAUSSIAN,12,4,ELIGIBILITY_TRACE_NORM_MATCHED,0.563,1.2641878984965922,3000,1000
AR1_GAUSSIAN,12,4,NO_TRACE,0.604,1.2771311723566265,3000,1000
AR1_GAUSSIAN,12,16,EXACT_REPLAY,0.719,1.1319980869496198,3000,1000
AR1_GAUSSIAN,12,16,ELIGIBILITY_TRACE_NORM_MATCHED,0.561,1.2630748035064336,3000,1000
AR1_GAUSSIAN,12,16,NO_TRACE,0.266,1.3853090852168768,3000,1000
AR1_GAUSSIAN,12,64,EXACT_REPLAY,0.718,1.1311581587118527,3000,1000
AR1_GAUSSIAN,12,64,ELIGIBILITY_TRACE_NORM_MATCHED,0.357,1.3514980370871328,3000,1000
AR1_GAUSSIAN,12,64,NO_TRACE,0.229,1.401162449017374,3000,1000
AR1_GAUSSIAN,13,1,EXACT_REPLAY,0.734,1.0991318013060016,3000,1000
AR1_GAUSSIAN,13,1,ELIGIBILITY_TRACE_NORM_MATCHED,0.593,1.264390019069423,3000,1000
AR1_GAUSSIAN,13,1,NO_TRACE,0.723,1.1449262200038832,3000,1000
AR1_GAUSSIAN,13,4,EXACT_REPLAY,0.734,1.0986993494362491,3000,1000
AR1_GAUSSIAN,13,4,ELIGIBILITY_TRACE_NORM_MATCHED,0.628,1.2385027190120355,3000,1000
AR1_GAUSSIAN,13,4,NO_TRACE,0.617,1.2504497503970309,3000,1000
AR1_GAUSSIAN,13,16,EXACT_REPLAY,0.734,1.0983334478956415,3000,1000
AR1_GAUSSIAN,13,16,ELIGIBILITY_TRACE_NORM_MATCHED,0.613,1.2391350388281535,3000,1000
AR1_GAUSSIAN,13,16,NO_TRACE,0.343,1.3693779653214704,3000,1000
AR1_GAUSSIAN,13,64,EXACT_REPLAY,0.734,1.097293317064782,3000,1000
AR1_GAUSSIAN,13,64,ELIGIBILITY_TRACE_NORM_MATCHED,0.471,1.311933042117472,3000,1000
AR1_GAUSSIAN,13,64,NO_TRACE,0.331,1.3742296020588967,3000,1000
AR1_GAUSSIAN,14,1,EXACT_REPLAY,0.775,1.0635759154384505,3000,1000
AR1_GAUSSIAN,14,1,ELIGIBILITY_TRACE_NORM_MATCHED,0.612,1.2501014697528794,3000,1000
AR1_GAUSSIAN,14,1,NO_TRACE,0.771,1.1205697157139862,3000,1000
AR1_GAUSSIAN,14,4,EXACT_REPLAY,0.776,1.0631003057083817,3000,1000
AR1_GAUSSIAN,14,4,ELIGIBILITY_TRACE_NORM_MATCHED,0.664,1.2218307171760467,3000,1000
AR1_GAUSSIAN,14,4,NO_TRACE,0.69,1.2364671326461714,3000,1000
AR1_GAUSSIAN,14,16,EXACT_REPLAY,0.775,1.062700947157626,3000,1000
AR1_GAUSSIAN,14,16,ELIGIBILITY_TRACE_NORM_MATCHED,0.631,1.238100201980683,3000,1000
AR1_GAUSSIAN,14,16,NO_TRACE,0.199,1.3990808704390547,3000,1000
AR1_GAUSSIAN,14,64,EXACT_REPLAY,0.774,1.061552864374598,3000,1000
AR1_GAUSSIAN,14,64,ELIGIBILITY_TRACE_NORM_MATCHED,0.45,1.3252264434199283,3000,1000
AR1_GAUSSIAN,14,64,NO_TRACE,0.214,1.3929996467747818,3000,1000
AR1_GAUSSIAN,15,1,EXACT_REPLAY,0.739,1.0467282111247809,3000,1000
AR1_GAUSSIAN,15,1,ELIGIBILITY_TRACE_NORM_MATCHED,0.635,1.229756878624138,3000,1000
AR1_GAUSSIAN,15,1,NO_TRACE,0.718,1.0920316378650954,3000,1000
AR1_GAUSSIAN,15,4,EXACT_REPLAY,0.739,1.0461965807472207,3000,1000
AR1_GAUSSIAN,15,4,ELIGIBILITY_TRACE_NORM_MATCHED,0.665,1.1960588751526828,3000,1000
AR1_GAUSSIAN,15,4,NO_TRACE,0.696,1.2054973504715303,3000,1000
AR1_GAUSSIAN,15,16,EXACT_REPLAY,0.74,1.045712042327044,3000,1000
AR1_GAUSSIAN,15,16,ELIGIBILITY_TRACE_NORM_MATCHED,0.656,1.202542827492485,3000,1000
AR1_GAUSSIAN,15,16,NO_TRACE,0.235,1.4038662802580835,3000,1000
AR1_GAUSSIAN,15,64,EXACT_REPLAY,0.739,1.0443634269782296,3000,1000
AR1_GAUSSIAN,15,64,ELIGIBILITY_TRACE_NORM_MATCHED,0.468,1.3106227360026133,3000,1000
AR1_GAUSSIAN,15,64,NO_TRACE,0.336,1.3697792751593845,3000,1000
AR1_GAUSSIAN,16,1,EXACT_REPLAY,0.753,1.0647554854307222,3000,1000
AR1_GAUSSIAN,16,1,ELIGIBILITY_TRACE_NORM_MATCHED,0.657,1.2409696469363196,3000,1000
AR1_GAUSSIAN,16,1,NO_TRACE,0.739,1.117333303740581,3000,1000
AR1_GAUSSIAN,16,4,EXACT_REPLAY,0.753,1.0642806875738837,3000,1000
AR1_GAUSSIAN,16,4,ELIGIBILITY_TRACE_NORM_MATCHED,0.682,1.212728019290805,3000,1000
AR1_GAUSSIAN,16,4,NO_TRACE,0.677,1.2374417036649288,3000,1000
AR1_GAUSSIAN,16,16,EXACT_REPLAY,0.752,1.063896697528196,3000,1000
AR1_GAUSSIAN,16,16,ELIGIBILITY_TRACE_NORM_MATCHED,0.665,1.221168209745998,3000,1000
AR1_GAUSSIAN,16,16,NO_TRACE,0.294,1.3743335529687746,3000,1000
AR1_GAUSSIAN,16,64,EXACT_REPLAY,0.75,1.0626170582527679,3000,1000
AR1_GAUSSIAN,16,64,ELIGIBILITY_TRACE_NORM_MATCHED,0.525,1.2945342425544664,3000,1000
AR1_GAUSSIAN,16,64,NO_TRACE,0.289,1.3755841949692607,3000,1000
AR1_GAUSSIAN,17,1,EXACT_REPLAY,0.749,1.0885041603591197,3000,1000
AR1_GAUSSIAN,17,1,ELIGIBILITY_TRACE_NORM_MATCHED,0.585,1.264859597965108,3000,1000
AR1_GAUSSIAN,17,1,NO_TRACE,0.715,1.13655123229905,3000,1000
AR1_GAUSSIAN,17,4,EXACT_REPLAY,0.748,1.088029019499234,3000,1000
AR1_GAUSSIAN,17,4,ELIGIBILITY_TRACE_NORM_MATCHED,0.623,1.2373572933862729,3000,1000
AR1_GAUSSIAN,17,4,NO_TRACE,0.657,1.243160372045345,3000,1000
AR1_GAUSSIAN,17,16,EXACT_REPLAY,0.748,1.0875992589208074,3000,1000
AR1_GAUSSIAN,17,16,ELIGIBILITY_TRACE_NORM_MATCHED,0.615,1.2315538883006953,3000,1000
AR1_GAUSSIAN,17,16,NO_TRACE,0.316,1.3704997487799577,3000,1000
AR1_GAUSSIAN,17,64,EXACT_REPLAY,0.747,1.0864630716061874,3000,1000
AR1_GAUSSIAN,17,64,ELIGIBILITY_TRACE_NORM_MATCHED,0.369,1.3586353970741127,3000,1000
AR1_GAUSSIAN,17,64,NO_TRACE,0.212,1.4072790718341337,3000,1000
AR1_GAUSSIAN,18,1,EXACT_REPLAY,0.737,1.0771295562871683,3000,1000
AR1_GAUSSIAN,18,1,ELIGIBILITY_TRACE_NORM_MATCHED,0.673,1.2420441675898468,3000,1000
AR1_GAUSSIAN,18,1,NO_TRACE,0.73,1.1267781274636155,3000,1000
AR1_GAUSSIAN,18,4,EXACT_REPLAY,0.737,1.0766781551634834,3000,1000
AR1_GAUSSIAN,18,4,ELIGIBILITY_TRACE_NORM_MATCHED,0.701,1.2143202008491816,3000,1000
AR1_GAUSSIAN,18,4,NO_TRACE,0.661,1.2400573246183275,3000,1000
AR1_GAUSSIAN,18,16,EXACT_REPLAY,0.737,1.0762472655972561,3000,1000
AR1_GAUSSIAN,18,16,ELIGIBILITY_TRACE_NORM_MATCHED,0.654,1.2205829608164833,3000,1000
AR1_GAUSSIAN,18,16,NO_TRACE,0.291,1.3770206814053954,3000,1000
AR1_GAUSSIAN,18,64,EXACT_REPLAY,0.737,1.0750832832123005,3000,1000
AR1_GAUSSIAN,18,64,ELIGIBILITY_TRACE_NORM_MATCHED,0.461,1.3178550197296848,3000,1000
AR1_GAUSSIAN,18,64,NO_TRACE,0.321,1.3698509791145463,3000,1000
AR1_GAUSSIAN,19,1,EXACT_REPLAY,0.764,1.0364362191393617,3000,1000
AR1_GAUSSIAN,19,1,ELIGIBILITY_TRACE_NORM_MATCHED,0.612,1.2485507523171842,3000,1000
AR1_GAUSSIAN,19,1,NO_TRACE,0.737,1.0993146965088867,3000,1000
AR1_GAUSSIAN,19,4,EXACT_REPLAY,0.764,1.035951247481137,3000,1000
AR1_GAUSSIAN,19,4,ELIGIBILITY_TRACE_NORM_MATCHED,0.642,1.218630858113387,3000,1000
AR1_GAUSSIAN,19,4,NO_TRACE,0.649,1.231928330609619,3000,1000
AR1_GAUSSIAN,19,16,EXACT_REPLAY,0.764,1.0354763798267654,3000,1000
AR1_GAUSSIAN,19,16,ELIGIBILITY_TRACE_NORM_MATCHED,0.616,1.2189527939476739,3000,1000
AR1_GAUSSIAN,19,16,NO_TRACE,0.328,1.3672036571069248,3000,1000
AR1_GAUSSIAN,19,64,EXACT_REPLAY,0.764,1.0341346689507787,3000,1000
AR1_GAUSSIAN,19,64,ELIGIBILITY_TRACE_NORM_MATCHED,0.443,1.3157075635166071,3000,1000
AR1_GAUSSIAN,19,64,NO_TRACE,0.223,1.3937016006565766,3000,1000
AR1_GAUSSIAN,20,1,EXACT_REPLAY,0.776,1.07473409057738,3000,1000
AR1_GAUSSIAN,20,1,ELIGIBILITY_TRACE_NORM_MATCHED,0.617,1.236349047480942,3000,1000
AR1_GAUSSIAN,20,1,NO_TRACE,0.759,1.125007732574296,3000,1000
AR1_GAUSSIAN,20,4,EXACT_REPLAY,0.776,1.0742403069954716,3000,1000
AR1_GAUSSIAN,20,4,ELIGIBILITY_TRACE_NORM_MATCHED,0.669,1.2102653311930267,3000,1000
AR1_GAUSSIAN,20,4,NO_TRACE,0.679,1.2389643626240208,3000,1000
AR1_GAUSSIAN,20,16,EXACT_REPLAY,0.776,1.0737868023576511,3000,1000
AR1_GAUSSIAN,20,16,ELIGIBILITY_TRACE_NORM_MATCHED,0.659,1.2130988331228323,3000,1000
AR1_GAUSSIAN,20,16,NO_TRACE,0.305,1.3781660360868113,3000,1000
AR1_GAUSSIAN,20,64,EXACT_REPLAY,0.773,1.0726260773120706,3000,1000
AR1_GAUSSIAN,20,64,ELIGIBILITY_TRACE_NORM_MATCHED,0.506,1.2974037915567354,3000,1000
AR1_GAUSSIAN,20,64,NO_TRACE,0.281,1.3847648321397283,3000,1000
AR1_GAUSSIAN,21,1,EXACT_REPLAY,0.769,1.0686771730308793,3000,1000
AR1_GAUSSIAN,21,1,ELIGIBILITY_TRACE_NORM_MATCHED,0.64,1.231376965284001,3000,1000
AR1_GAUSSIAN,21,1,NO_TRACE,0.749,1.1168651807971006,3000,1000
AR1_GAUSSIAN,21,4,EXACT_REPLAY,0.769,1.0681646799939353,3000,1000
AR1_GAUSSIAN,21,4,ELIGIBILITY_TRACE_NORM_MATCHED,0.668,1.2025099500499945,3000,1000
AR1_GAUSSIAN,21,4,NO_TRACE,0.685,1.2218788617607024,3000,1000
AR1_GAUSSIAN,21,16,EXACT_REPLAY,0.771,1.0677214734381921,3000,1000
AR1_GAUSSIAN,21,16,ELIGIBILITY_TRACE_NORM_MATCHED,0.671,1.1987369939495667,3000,1000
AR1_GAUSSIAN,21,16,NO_TRACE,0.318,1.3671474348732553,3000,1000
AR1_GAUSSIAN,21,64,EXACT_REPLAY,0.771,1.0665703075039878,3000,1000
AR1_GAUSSIAN,21,64,ELIGIBILITY_TRACE_NORM_MATCHED,0.46,1.3177236747813064,3000,1000
AR1_GAUSSIAN,21,64,NO_TRACE,0.172,1.4201996021676995,3000,1000
AR1_GAUSSIAN,22,1,EXACT_REPLAY,0.758,1.063177882611923,3000,1000
AR1_GAUSSIAN,22,1,ELIGIBILITY_TRACE_NORM_MATCHED,0.623,1.2446075394836345,3000,1000
AR1_GAUSSIAN,22,1,NO_TRACE,0.732,1.1129476475969717,3000,1000
AR1_GAUSSIAN,22,4,EXACT_REPLAY,0.758,1.062696384332786,3000,1000
AR1_GAUSSIAN,22,4,ELIGIBILITY_TRACE_NORM_MATCHED,0.681,1.2141407247989626,3000,1000
AR1_GAUSSIAN,22,4,NO_TRACE,0.639,1.230791566817537,3000,1000
AR1_GAUSSIAN,22,16,EXACT_REPLAY,0.758,1.0622746703821109,3000,1000
AR1_GAUSSIAN,22,16,ELIGIBILITY_TRACE_NORM_MATCHED,0.702,1.2241759200609468,3000,1000
AR1_GAUSSIAN,22,16,NO_TRACE,0.25,1.391041668781927,3000,1000
AR1_GAUSSIAN,22,64,EXACT_REPLAY,0.758,1.061129230051856,3000,1000
AR1_GAUSSIAN,22,64,ELIGIBILITY_TRACE_NORM_MATCHED,0.506,1.323628049585122,3000,1000
AR1_GAUSSIAN,22,64,NO_TRACE,0.199,1.406746127661071,3000,1000
AR1_GAUSSIAN,23,1,EXACT_REPLAY,0.748,1.0782677752285095,3000,1000
AR1_GAUSSIAN,23,1,ELIGIBILITY_TRACE_NORM_MATCHED,0.618,1.2242534177394027,3000,1000
AR1_GAUSSIAN,23,1,NO_TRACE,0.729,1.1315285038975402,3000,1000
AR1_GAUSSIAN,23,4,EXACT_REPLAY,0.749,1.0777974525042109,3000,1000
AR1_GAUSSIAN,23,4,ELIGIBILITY_TRACE_NORM_MATCHED,0.642,1.2011407421390892,3000,1000
AR1_GAUSSIAN,23,4,NO_TRACE,0.631,1.244179982907478,3000,1000
AR1_GAUSSIAN,23,16,EXACT_REPLAY,0.748,1.0773195498085637,3000,1000
AR1_GAUSSIAN,23,16,ELIGIBILITY_TRACE_NORM_MATCHED,0.628,1.2018655074728206,3000,1000
AR1_GAUSSIAN,23,16,NO_TRACE,0.37,1.3640697958428807,3000,1000
AR1_GAUSSIAN,23,64,EXACT_REPLAY,0.748,1.076113053921668,3000,1000
AR1_GAUSSIAN,23,64,ELIGIBILITY_TRACE_NORM_MATCHED,0.459,1.2977341374237008,3000,1000
AR1_GAUSSIAN,23,64,NO_TRACE,0.288,1.3739576830338511,3000,1000
AR1_GAUSSIAN,24,1,EXACT_REPLAY,0.745,1.0546767642604444,3000,1000
AR1_GAUSSIAN,24,1,ELIGIBILITY_TRACE_NORM_MATCHED,0.573,1.2438377011378685,3000,1000
AR1_GAUSSIAN,24,1,NO_TRACE,0.722,1.1006320646815393,3000,1000
AR1_GAUSSIAN,24,4,EXACT_REPLAY,0.745,1.0541632807242238,3000,1000
AR1_GAUSSIAN,24,4,ELIGIBILITY_TRACE_NORM_MATCHED,0.616,1.2149545682495202,3000,1000
AR1_GAUSSIAN,24,4,NO_TRACE,0.676,1.2173632391847269,3000,1000
AR1_GAUSSIAN,24,16,EXACT_REPLAY,0.745,1.053653055620645,3000,1000
AR1_GAUSSIAN,24,16,ELIGIBILITY_TRACE_NORM_MATCHED,0.606,1.2201575238291815,3000,1000
AR1_GAUSSIAN,24,16,NO_TRACE,0.239,1.3876355365141473,3000,1000
AR1_GAUSSIAN,24,64,EXACT_REPLAY,0.744,1.0523810041764856,3000,1000
AR1_GAUSSIAN,24,64,ELIGIBILITY_TRACE_NORM_MATCHED,0.421,1.3325967206574827,3000,1000
AR1_GAUSSIAN,24,64,NO_TRACE,0.281,1.3808186262548605,3000,1000
AR1_GAUSSIAN,25,1,EXACT_REPLAY,0.738,1.0769810287434032,3000,1000
AR1_GAUSSIAN,25,1,ELIGIBILITY_TRACE_NORM_MATCHED,0.623,1.2319161270326535,3000,1000
AR1_GAUSSIAN,25,1,NO_TRACE,0.718,1.1244853384125002,3000,1000
AR1_GAUSSIAN,25,4,EXACT_REPLAY,0.738,1.0765135733670186,3000,1000
AR1_GAUSSIAN,25,4,ELIGIBILITY_TRACE_NORM_MATCHED,0.653,1.2075383773582067,3000,1000
AR1_GAUSSIAN,25,4,NO_TRACE,0.631,1.2395640541844437,3000,1000
AR1_GAUSSIAN,25,16,EXACT_REPLAY,0.739,1.0760900685230441,3000,1000
AR1_GAUSSIAN,25,16,ELIGIBILITY_TRACE_NORM_MATCHED,0.633,1.2175398241276603,3000,1000
AR1_GAUSSIAN,25,16,NO_TRACE,0.238,1.3910762413887714,3000,1000
AR1_GAUSSIAN,25,64,EXACT_REPLAY,0.739,1.0749095099494423,3000,1000
AR1_GAUSSIAN,25,64,ELIGIBILITY_TRACE_NORM_MATCHED,0.496,1.3087032440504558,3000,1000
AR1_GAUSSIAN,25,64,NO_TRACE,0.265,1.3844006454310012,3000,1000
AR1_GAUSSIAN,26,1,EXACT_REPLAY,0.763,1.0468523805039651,3000,1000
AR1_GAUSSIAN,26,1,ELIGIBILITY_TRACE_NORM_MATCHED,0.627,1.2336787019637006,3000,1000
AR1_GAUSSIAN,26,1,NO_TRACE,0.752,1.1051191577686337,3000,1000
AR1_GAUSSIAN,26,4,EXACT_REPLAY,0.763,1.0463733461074132,3000,1000
AR1_GAUSSIAN,26,4,ELIGIBILITY_TRACE_NORM_MATCHED,0.652,1.2063487792303664,3000,1000
AR1_GAUSSIAN,26,4,NO_TRACE,0.693,1.2341311286458767,3000,1000
AR1_GAUSSIAN,26,16,EXACT_REPLAY,0.764,1.0459097358039775,3000,1000
AR1_GAUSSIAN,26,16,ELIGIBILITY_TRACE_NORM_MATCHED,0.611,1.2165898775263972,3000,1000
AR1_GAUSSIAN,26,16,NO_TRACE,0.276,1.3891632423296847,3000,1000
AR1_GAUSSIAN,26,64,EXACT_REPLAY,0.762,1.0446767907167145,3000,1000
AR1_GAUSSIAN,26,64,ELIGIBILITY_TRACE_NORM_MATCHED,0.46,1.319671018723314,3000,1000
AR1_GAUSSIAN,26,64,NO_TRACE,0.192,1.402662133405489,3000,1000
AR1_GAUSSIAN,27,1,EXACT_REPLAY,0.789,1.0593333413919885,3000,1000
AR1_GAUSSIAN,27,1,ELIGIBILITY_TRACE_NORM_MATCHED,0.656,1.231550739379724,3000,1000
AR1_GAUSSIAN,27,1,NO_TRACE,0.784,1.1151654191709677,3000,1000
AR1_GAUSSIAN,27,4,EXACT_REPLAY,0.789,1.0588118091395446,3000,1000
AR1_GAUSSIAN,27,4,ELIGIBILITY_TRACE_NORM_MATCHED,0.691,1.2019382310673343,3000,1000
AR1_GAUSSIAN,27,4,NO_TRACE,0.713,1.2245306785562857,3000,1000
AR1_GAUSSIAN,27,16,EXACT_REPLAY,0.789,1.058349146968596,3000,1000
AR1_GAUSSIAN,27,16,ELIGIBILITY_TRACE_NORM_MATCHED,0.691,1.2059588489056272,3000,1000
AR1_GAUSSIAN,27,16,NO_TRACE,0.298,1.3775368964574388,3000,1000
AR1_GAUSSIAN,27,64,EXACT_REPLAY,0.79,1.0570666609567547,3000,1000
AR1_GAUSSIAN,27,64,ELIGIBILITY_TRACE_NORM_MATCHED,0.468,1.3078325981623444,3000,1000
AR1_GAUSSIAN,27,64,NO_TRACE,0.193,1.4011963185209875,3000,1000
AR1_GAUSSIAN,28,1,EXACT_REPLAY,0.72,1.1064689046050356,3000,1000
AR1_GAUSSIAN,28,1,ELIGIBILITY_TRACE_NORM_MATCHED,0.599,1.2654817122278923,3000,1000
AR1_GAUSSIAN,28,1,NO_TRACE,0.704,1.1548641306385965,3000,1000
AR1_GAUSSIAN,28,4,EXACT_REPLAY,0.72,1.1060293863409978,3000,1000
AR1_GAUSSIAN,28,4,ELIGIBILITY_TRACE_NORM_MATCHED,0.641,1.2385639568198428,3000,1000
AR1_GAUSSIAN,28,4,NO_TRACE,0.638,1.248333952706386,3000,1000
AR1_GAUSSIAN,28,16,EXACT_REPLAY,0.72,1.1056124446341615,3000,1000
AR1_GAUSSIAN,28,16,ELIGIBILITY_TRACE_NORM_MATCHED,0.646,1.235072371106874,3000,1000
AR1_GAUSSIAN,28,16,NO_TRACE,0.348,1.367765433840767,3000,1000
AR1_GAUSSIAN,28,64,EXACT_REPLAY,0.719,1.1046184451918117,3000,1000
AR1_GAUSSIAN,28,64,ELIGIBILITY_TRACE_NORM_MATCHED,0.405,1.3364039643539571,3000,1000
AR1_GAUSSIAN,28,64,NO_TRACE,0.298,1.3742453435823963,3000,1000
AR1_GAUSSIAN,29,1,EXACT_REPLAY,0.713,1.0874335796264845,3000,1000
AR1_GAUSSIAN,29,1,ELIGIBILITY_TRACE_NORM_MATCHED,0.588,1.22869174956,3000,1000
AR1_GAUSSIAN,29,1,NO_TRACE,0.693,1.1321063291707065,3000,1000
AR1_GAUSSIAN,29,4,EXACT_REPLAY,0.713,1.0869804031497217,3000,1000
AR1_GAUSSIAN,29,4,ELIGIBILITY_TRACE_NORM_MATCHED,0.617,1.20420805728694,3000,1000
AR1_GAUSSIAN,29,4,NO_TRACE,0.617,1.2330810038340638,3000,1000
AR1_GAUSSIAN,29,16,EXACT_REPLAY,0.712,1.086575318143526,3000,1000
AR1_GAUSSIAN,29,16,ELIGIBILITY_TRACE_NORM_MATCHED,0.612,1.2106370425000477,3000,1000
AR1_GAUSSIAN,29,16,NO_TRACE,0.289,1.3757304240863686,3000,1000
AR1_GAUSSIAN,29,64,EXACT_REPLAY,0.712,1.0854938146908295,3000,1000
AR1_GAUSSIAN,29,64,ELIGIBILITY_TRACE_NORM_MATCHED,0.468,1.3131190732328064,3000,1000
AR1_GAUSSIAN,29,64,NO_TRACE,0.282,1.3809216905203923,3000,1000
SPARSE_SIGN,0,1,EXACT_REPLAY,0.762,1.0638374464669982,3000,1000
SPARSE_SIGN,0,1,ELIGIBILITY_TRACE_NORM_MATCHED,0.65,1.3035860111674622,3000,1000
SPARSE_SIGN,0,1,NO_TRACE,0.341,1.37319354842925,3000,1000
SPARSE_SIGN,0,4,EXACT_REPLAY,0.762,1.0637596122618125,3000,1000
SPARSE_SIGN,0,4,ELIGIBILITY_TRACE_NORM_MATCHED,0.635,1.3111190227208396,3000,1000
SPARSE_SIGN,0,4,NO_TRACE,0.151,1.4046152116696609,3000,1000
SPARSE_SIGN,0,16,EXACT_REPLAY,0.761,1.063457761843923,3000,1000
SPARSE_SIGN,0,16,ELIGIBILITY_TRACE_NORM_MATCHED,0.631,1.3310805972916182,3000,1000
SPARSE_SIGN,0,16,NO_TRACE,0.199,1.3965720769711027,3000,1000
SPARSE_SIGN,0,64,EXACT_REPLAY,0.761,1.0622386612183783,3000,1000
SPARSE_SIGN,0,64,ELIGIBILITY_TRACE_NORM_MATCHED,0.508,1.3514634288296148,3000,1000
SPARSE_SIGN,0,64,NO_TRACE,0.294,1.3818410186569545,3000,1000
SPARSE_SIGN,1,1,EXACT_REPLAY,0.739,1.0539327644624614,3000,1000
SPARSE_SIGN,1,1,ELIGIBILITY_TRACE_NORM_MATCHED,0.62,1.308962220302884,3000,1000
SPARSE_SIGN,1,1,NO_TRACE,0.225,1.390877563253342,3000,1000
SPARSE_SIGN,1,4,EXACT_REPLAY,0.739,1.0538523137490579,3000,1000
SPARSE_SIGN,1,4,ELIGIBILITY_TRACE_NORM_MATCHED,0.626,1.3122249364511085,3000,1000
SPARSE_SIGN,1,4,NO_TRACE,0.3,1.3769433234263764,3000,1000
SPARSE_SIGN,1,16,EXACT_REPLAY,0.739,1.0535156622749702,3000,1000
SPARSE_SIGN,1,16,ELIGIBILITY_TRACE_NORM_MATCHED,0.546,1.332143751768837,3000,1000
SPARSE_SIGN,1,16,NO_TRACE,0.282,1.3838306031817975,3000,1000
SPARSE_SIGN,1,64,EXACT_REPLAY,0.739,1.0521845993400634,3000,1000
SPARSE_SIGN,1,64,ELIGIBILITY_TRACE_NORM_MATCHED,0.362,1.3728075050025836,3000,1000
SPARSE_SIGN,1,64,NO_TRACE,0.171,1.4011320275476136,3000,1000
SPARSE_SIGN,2,1,EXACT_REPLAY,0.752,1.0914497190190744,3000,1000
SPARSE_SIGN,2,1,ELIGIBILITY_TRACE_NORM_MATCHED,0.543,1.3168422131815478,3000,1000
SPARSE_SIGN,2,1,NO_TRACE,0.274,1.385835818539321,3000,1000
SPARSE_SIGN,2,4,EXACT_REPLAY,0.752,1.0913865650129555,3000,1000
SPARSE_SIGN,2,4,ELIGIBILITY_TRACE_NORM_MATCHED,0.534,1.3191449117662377,3000,1000
SPARSE_SIGN,2,4,NO_TRACE,0.241,1.3868061926080437,3000,1000
SPARSE_SIGN,2,16,EXACT_REPLAY,0.751,1.0911116525748188,3000,1000
SPARSE_SIGN,2,16,ELIGIBILITY_TRACE_NORM_MATCHED,0.468,1.340178207611739,3000,1000
SPARSE_SIGN,2,16,NO_TRACE,0.179,1.4041623604662106,3000,1000
SPARSE_SIGN,2,64,EXACT_REPLAY,0.751,1.0900694598065088,3000,1000
SPARSE_SIGN,2,64,ELIGIBILITY_TRACE_NORM_MATCHED,0.363,1.3667522189541845,3000,1000
SPARSE_SIGN,2,64,NO_TRACE,0.276,1.3839100019379242,3000,1000
SPARSE_SIGN,3,1,EXACT_REPLAY,0.748,1.061583383974229,3000,1000
SPARSE_SIGN,3,1,ELIGIBILITY_TRACE_NORM_MATCHED,0.641,1.3109683575284026,3000,1000
SPARSE_SIGN,3,1,NO_TRACE,0.277,1.3833220694549078,3000,1000
SPARSE_SIGN,3,4,EXACT_REPLAY,0.748,1.0615027482953456,3000,1000
SPARSE_SIGN,3,4,ELIGIBILITY_TRACE_NORM_MATCHED,0.619,1.3163626312252303,3000,1000
SPARSE_SIGN,3,4,NO_TRACE,0.227,1.3911669130404356,3000,1000
SPARSE_SIGN,3,16,EXACT_REPLAY,0.748,1.061193574767232,3000,1000
SPARSE_SIGN,3,16,ELIGIBILITY_TRACE_NORM_MATCHED,0.582,1.341473936460577,3000,1000
SPARSE_SIGN,3,16,NO_TRACE,0.189,1.3998920741727297,3000,1000
SPARSE_SIGN,3,64,EXACT_REPLAY,0.748,1.0599500793855654,3000,1000
SPARSE_SIGN,3,64,ELIGIBILITY_TRACE_NORM_MATCHED,0.355,1.3749074089331672,3000,1000
SPARSE_SIGN,3,64,NO_TRACE,0.187,1.3966421467344374,3000,1000
SPARSE_SIGN,4,1,EXACT_REPLAY,0.778,1.0595660628034906,3000,1000
SPARSE_SIGN,4,1,ELIGIBILITY_TRACE_NORM_MATCHED,0.626,1.286359930436667,3000,1000
SPARSE_SIGN,4,1,NO_TRACE,0.337,1.3713616639573254,3000,1000
SPARSE_SIGN,4,4,EXACT_REPLAY,0.778,1.059478712272441,3000,1000
SPARSE_SIGN,4,4,ELIGIBILITY_TRACE_NORM_MATCHED,0.633,1.2863748159016495,3000,1000
SPARSE_SIGN,4,4,NO_TRACE,0.331,1.3754063641374166,3000,1000
SPARSE_SIGN,4,16,EXACT_REPLAY,0.778,1.0591574833635138,3000,1000
SPARSE_SIGN,4,16,ELIGIBILITY_TRACE_NORM_MATCHED,0.621,1.2961640741333087,3000,1000
SPARSE_SIGN,4,16,NO_TRACE,0.363,1.370533712714894,3000,1000
SPARSE_SIGN,4,64,EXACT_REPLAY,0.776,1.0578714724242826,3000,1000
SPARSE_SIGN,4,64,ELIGIBILITY_TRACE_NORM_MATCHED,0.436,1.3551470711313758,3000,1000
SPARSE_SIGN,4,64,NO_TRACE,0.324,1.3803970294867762,3000,1000
SPARSE_SIGN,5,1,EXACT_REPLAY,0.794,1.034829039093826,3000,1000
SPARSE_SIGN,5,1,ELIGIBILITY_TRACE_NORM_MATCHED,0.591,1.3110508867455004,3000,1000
SPARSE_SIGN,5,1,NO_TRACE,0.262,1.3889354833192655,3000,1000
SPARSE_SIGN,5,4,EXACT_REPLAY,0.794,1.0347375207291616,3000,1000
SPARSE_SIGN,5,4,ELIGIBILITY_TRACE_NORM_MATCHED,0.575,1.3155511515538505,3000,1000
SPARSE_SIGN,5,4,NO_TRACE,0.29,1.3825861343143333,3000,1000
SPARSE_SIGN,5,16,EXACT_REPLAY,0.794,1.0343946070584455,3000,1000
SPARSE_SIGN,5,16,ELIGIBILITY_TRACE_NORM_MATCHED,0.515,1.332738970992281,3000,1000
SPARSE_SIGN,5,16,NO_TRACE,0.204,1.3952638559275732,3000,1000
SPARSE_SIGN,5,64,EXACT_REPLAY,0.794,1.0329735481587832,3000,1000
SPARSE_SIGN,5,64,ELIGIBILITY_TRACE_NORM_MATCHED,0.333,1.3721265389508173,3000,1000
SPARSE_SIGN,5,64,NO_TRACE,0.279,1.3840028651997678,3000,1000
SPARSE_SIGN,6,1,EXACT_REPLAY,0.734,1.0891720044543012,3000,1000
SPARSE_SIGN,6,1,ELIGIBILITY_TRACE_NORM_MATCHED,0.608,1.315748284352602,3000,1000
SPARSE_SIGN,6,1,NO_TRACE,0.21,1.3916720435016148,3000,1000
SPARSE_SIGN,6,4,EXACT_REPLAY,0.734,1.0891056207490528,3000,1000
SPARSE_SIGN,6,4,ELIGIBILITY_TRACE_NORM_MATCHED,0.587,1.3210245837636325,3000,1000
SPARSE_SIGN,6,4,NO_TRACE,0.26,1.3889231796891903,3000,1000
SPARSE_SIGN,6,16,EXACT_REPLAY,0.734,1.088829873466834,3000,1000
SPARSE_SIGN,6,16,ELIGIBILITY_TRACE_NORM_MATCHED,0.533,1.3349788673518956,3000,1000
SPARSE_SIGN,6,16,NO_TRACE,0.198,1.4000286116295857,3000,1000
SPARSE_SIGN,6,64,EXACT_REPLAY,0.734,1.087749421162643,3000,1000
SPARSE_SIGN,6,64,ELIGIBILITY_TRACE_NORM_MATCHED,0.362,1.3699253274551177,3000,1000
SPARSE_SIGN,6,64,NO_TRACE,0.285,1.3830840763834629,3000,1000
SPARSE_SIGN,7,1,EXACT_REPLAY,0.786,1.0471086911691159,3000,1000
SPARSE_SIGN,7,1,ELIGIBILITY_TRACE_NORM_MATCHED,0.616,1.3041834703621482,3000,1000
SPARSE_SIGN,7,1,NO_TRACE,0.232,1.390534087153847,3000,1000
SPARSE_SIGN,7,4,EXACT_REPLAY,0.786,1.0470284407406758,3000,1000
SPARSE_SIGN,7,4,ELIGIBILITY_TRACE_NORM_MATCHED,0.598,1.3073563036028912,3000,1000
SPARSE_SIGN,7,4,NO_TRACE,0.292,1.3837111457872557,3000,1000
SPARSE_SIGN,7,16,EXACT_REPLAY,0.786,1.046689180294671,3000,1000
SPARSE_SIGN,7,16,ELIGIBILITY_TRACE_NORM_MATCHED,0.563,1.319097222265255,3000,1000
SPARSE_SIGN,7,16,NO_TRACE,0.243,1.3892851776560187,3000,1000
SPARSE_SIGN,7,64,EXACT_REPLAY,0.786,1.0453508089924473,3000,1000
SPARSE_SIGN,7,64,ELIGIBILITY_TRACE_NORM_MATCHED,0.303,1.3771078635483227,3000,1000
SPARSE_SIGN,7,64,NO_TRACE,0.235,1.3929859762321088,3000,1000
SPARSE_SIGN,8,1,EXACT_REPLAY,0.78,1.0706068843725096,3000,1000
SPARSE_SIGN,8,1,ELIGIBILITY_TRACE_NORM_MATCHED,0.654,1.3094748978032387,3000,1000
SPARSE_SIGN,8,1,NO_TRACE,0.234,1.3887183848224813,3000,1000
SPARSE_SIGN,8,4,EXACT_REPLAY,0.78,1.070534021124627,3000,1000
SPARSE_SIGN,8,4,ELIGIBILITY_TRACE_NORM_MATCHED,0.631,1.3160338969590124,3000,1000
SPARSE_SIGN,8,4,NO_TRACE,0.184,1.3956916294727448,3000,1000
SPARSE_SIGN,8,16,EXACT_REPLAY,0.78,1.0702564982221139,3000,1000
SPARSE_SIGN,8,16,ELIGIBILITY_TRACE_NORM_MATCHED,0.593,1.3268264527374838,3000,1000
SPARSE_SIGN,8,16,NO_TRACE,0.231,1.3905978631850657,3000,1000
SPARSE_SIGN,8,64,EXACT_REPLAY,0.78,1.0691396183003774,3000,1000
SPARSE_SIGN,8,64,ELIGIBILITY_TRACE_NORM_MATCHED,0.357,1.3699624310367553,3000,1000
SPARSE_SIGN,8,64,NO_TRACE,0.268,1.3832525258886572,3000,1000
SPARSE_SIGN,9,1,EXACT_REPLAY,0.785,1.053104801538021,3000,1000
SPARSE_SIGN,9,1,ELIGIBILITY_TRACE_NORM_MATCHED,0.59,1.3079348380043614,3000,1000
SPARSE_SIGN,9,1,NO_TRACE,0.253,1.38787103311604,3000,1000
SPARSE_SIGN,9,4,EXACT_REPLAY,0.785,1.053024042033988,3000,1000
SPARSE_SIGN,9,4,ELIGIBILITY_TRACE_NORM_MATCHED,0.56,1.3190811850288642,3000,1000
SPARSE_SIGN,9,4,NO_TRACE,0.167,1.4026251694837828,3000,1000
SPARSE_SIGN,9,16,EXACT_REPLAY,0.785,1.052690058494894,3000,1000
SPARSE_SIGN,9,16,ELIGIBILITY_TRACE_NORM_MATCHED,0.516,1.336321226068432,3000,1000
SPARSE_SIGN,9,16,NO_TRACE,0.221,1.3931653746840564,3000,1000
SPARSE_SIGN,9,64,EXACT_REPLAY,0.785,1.0513847099992328,3000,1000
SPARSE_SIGN,9,64,ELIGIBILITY_TRACE_NORM_MATCHED,0.376,1.3685577417829031,3000,1000
SPARSE_SIGN,9,64,NO_TRACE,0.21,1.395190512931411,3000,1000
SPARSE_SIGN,10,1,EXACT_REPLAY,0.776,1.0640087326682726,3000,1000
SPARSE_SIGN,10,1,ELIGIBILITY_TRACE_NORM_MATCHED,0.652,1.2933750895523044,3000,1000
SPARSE_SIGN,10,1,NO_TRACE,0.268,1.3842864145422793,3000,1000
SPARSE_SIGN,10,4,EXACT_REPLAY,0.776,1.0639326716120083,3000,1000
SPARSE_SIGN,10,4,ELIGIBILITY_TRACE_NORM_MATCHED,0.64,1.2996751150497559,3000,1000
SPARSE_SIGN,10,4,NO_TRACE,0.197,1.3944826273230775,3000,1000
SPARSE_SIGN,10,16,EXACT_REPLAY,0.776,1.0636406117314081,3000,1000
SPARSE_SIGN,10,16,ELIGIBILITY_TRACE_NORM_MATCHED,0.579,1.3168709487770933,3000,1000
SPARSE_SIGN,10,16,NO_TRACE,0.255,1.3847603709368717,3000,1000
SPARSE_SIGN,10,64,EXACT_REPLAY,0.775,1.0624408570264214,3000,1000
SPARSE_SIGN,10,64,ELIGIBILITY_TRACE_NORM_MATCHED,0.428,1.352019217242567,3000,1000
SPARSE_SIGN,10,64,NO_TRACE,0.252,1.3892653674802187,3000,1000
SPARSE_SIGN,11,1,EXACT_REPLAY,0.776,1.0571617516385676,3000,1000
SPARSE_SIGN,11,1,ELIGIBILITY_TRACE_NORM_MATCHED,0.663,1.307973558146042,3000,1000
SPARSE_SIGN,11,1,NO_TRACE,0.347,1.3695128189131578,3000,1000
SPARSE_SIGN,11,4,EXACT_REPLAY,0.776,1.0570788973608247,3000,1000
SPARSE_SIGN,11,4,ELIGIBILITY_TRACE_NORM_MATCHED,0.654,1.3116145218684228,3000,1000
SPARSE_SIGN,11,4,NO_TRACE,0.273,1.3829832271493592,3000,1000
SPARSE_SIGN,11,16,EXACT_REPLAY,0.776,1.0567529212104465,3000,1000
SPARSE_SIGN,11,16,ELIGIBILITY_TRACE_NORM_MATCHED,0.575,1.3286021168414346,3000,1000
SPARSE_SIGN,11,16,NO_TRACE,0.295,1.3762525799932315,3000,1000
SPARSE_SIGN,11,64,EXACT_REPLAY,0.776,1.0554279092766148,3000,1000
SPARSE_SIGN,11,64,ELIGIBILITY_TRACE_NORM_MATCHED,0.41,1.358818671894136,3000,1000
SPARSE_SIGN,11,64,NO_TRACE,0.194,1.3961512528876665,3000,1000
SPARSE_SIGN,12,1,EXACT_REPLAY,0.781,1.0497393277723595,3000,1000
SPARSE_SIGN,12,1,ELIGIBILITY_TRACE_NORM_MATCHED,0.64,1.2986299025740833,3000,1000
SPARSE_SIGN,12,1,NO_TRACE,0.211,1.3900256146069527,3000,1000
SPARSE_SIGN,12,4,EXACT_REPLAY,0.781,1.0496616665441716,3000,1000
SPARSE_SIGN,12,4,ELIGIBILITY_TRACE_NORM_MATCHED,0.616,1.3077743512959448,3000,1000
SPARSE_SIGN,12,4,NO_TRACE,0.226,1.3922956714704837,3000,1000
SPARSE_SIGN,12,16,EXACT_REPLAY,0.781,1.0493349734532527,3000,1000
SPARSE_SIGN,12,16,ELIGIBILITY_TRACE_NORM_MATCHED,0.594,1.32761750433865,3000,1000
SPARSE_SIGN,12,16,NO_TRACE,0.187,1.4051645336415934,3000,1000
SPARSE_SIGN,12,64,EXACT_REPLAY,0.78,1.04799607230799,3000,1000
SPARSE_SIGN,12,64,ELIGIBILITY_TRACE_NORM_MATCHED,0.43,1.356323998810474,3000,1000
SPARSE_SIGN,12,64,NO_TRACE,0.273,1.3871690080783796,3000,1000
SPARSE_SIGN,13,1,EXACT_REPLAY,0.762,1.05030654213657,3000,1000
SPARSE_SIGN,13,1,ELIGIBILITY_TRACE_NORM_MATCHED,0.59,1.3010669481034465,3000,1000
SPARSE_SIGN,13,1,NO_TRACE,0.239,1.387808637711209,3000,1000
SPARSE_SIGN,13,4,EXACT_REPLAY,0.762,1.050232997104908,3000,1000
SPARSE_SIGN,13,4,ELIGIBILITY_TRACE_NORM_MATCHED,0.592,1.3067422330353833,3000,1000
SPARSE_SIGN,13,4,NO_TRACE,0.186,1.3996032451093312,3000,1000
SPARSE_SIGN,13,16,EXACT_REPLAY,0.762,1.0498983547954244,3000,1000
SPARSE_SIGN,13,16,ELIGIBILITY_TRACE_NORM_MATCHED,0.552,1.32378399319772,3000,1000
SPARSE_SIGN,13,16,NO_TRACE,0.241,1.3873236081772862,3000,1000
SPARSE_SIGN,13,64,EXACT_REPLAY,0.761,1.0486390944420285,3000,1000
SPARSE_SIGN,13,64,ELIGIBILITY_TRACE_NORM_MATCHED,0.396,1.358916636410384,3000,1000
SPARSE_SIGN,13,64,NO_TRACE,0.234,1.3900453451722743,3000,1000
SPARSE_SIGN,14,1,EXACT_REPLAY,0.725,1.086429353826293,3000,1000
SPARSE_SIGN,14,1,ELIGIBILITY_TRACE_NORM_MATCHED,0.61,1.3081690916199937,3000,1000
SPARSE_SIGN,14,1,NO_TRACE,0.174,1.3980211049970201,3000,1000
SPARSE_SIGN,14,4,EXACT_REPLAY,0.725,1.0863605891087647,3000,1000
SPARSE_SIGN,14,4,ELIGIBILITY_TRACE_NORM_MATCHED,0.602,1.3104037209291108,3000,1000
SPARSE_SIGN,14,4,NO_TRACE,0.322,1.3762003723579885,3000,1000
SPARSE_SIGN,14,16,EXACT_REPLAY,0.725,1.0860784522511748,3000,1000
SPARSE_SIGN,14,16,ELIGIBILITY_TRACE_NORM_MATCHED,0.573,1.3248244983839375,3000,1000
SPARSE_SIGN,14,16,NO_TRACE,0.337,1.3766876147877405,3000,1000
SPARSE_SIGN,14,64,EXACT_REPLAY,0.724,1.0849664929182596,3000,1000
SPARSE_SIGN,14,64,ELIGIBILITY_TRACE_NORM_MATCHED,0.302,1.3755065054415825,3000,1000
SPARSE_SIGN,14,64,NO_TRACE,0.237,1.3889774602812035,3000,1000
SPARSE_SIGN,15,1,EXACT_REPLAY,0.767,1.0254305236867758,3000,1000
SPARSE_SIGN,15,1,ELIGIBILITY_TRACE_NORM_MATCHED,0.671,1.275974494709179,3000,1000
SPARSE_SIGN,15,1,NO_TRACE,0.296,1.3802575052488462,3000,1000
SPARSE_SIGN,15,4,EXACT_REPLAY,0.767,1.0253423829081705,3000,1000
SPARSE_SIGN,15,4,ELIGIBILITY_TRACE_NORM_MATCHED,0.667,1.2798305975263236,3000,1000
SPARSE_SIGN,15,4,NO_TRACE,0.377,1.3743619905196807,3000,1000
SPARSE_SIGN,15,16,EXACT_REPLAY,0.767,1.0249909117107086,3000,1000
SPARSE_SIGN,15,16,ELIGIBILITY_TRACE_NORM_MATCHED,0.607,1.3001955439033381,3000,1000
SPARSE_SIGN,15,16,NO_TRACE,0.293,1.3790908994565827,3000,1000
SPARSE_SIGN,15,64,EXACT_REPLAY,0.766,1.0235589264529188,3000,1000
SPARSE_SIGN,15,64,ELIGIBILITY_TRACE_NORM_MATCHED,0.419,1.3526999238640043,3000,1000
SPARSE_SIGN,15,64,NO_TRACE,0.248,1.388580943170903,3000,1000
SPARSE_SIGN,16,1,EXACT_REPLAY,0.797,1.028581855144933,3000,1000
SPARSE_SIGN,16,1,ELIGIBILITY_TRACE_NORM_MATCHED,0.522,1.3191104969767042,3000,1000
SPARSE_SIGN,16,1,NO_TRACE,0.222,1.3915235108566162,3000,1000
SPARSE_SIGN,16,4,EXACT_REPLAY,0.797,1.028491233860935,3000,1000
SPARSE_SIGN,16,4,ELIGIBILITY_TRACE_NORM_MATCHED,0.507,1.3255134118031764,3000,1000
SPARSE_SIGN,16,4,NO_TRACE,0.29,1.3848213450227054,3000,1000
SPARSE_SIGN,16,16,EXACT_REPLAY,0.797,1.028130922705823,3000,1000
SPARSE_SIGN,16,16,ELIGIBILITY_TRACE_NORM_MATCHED,0.47,1.3377093436925978,3000,1000
SPARSE_SIGN,16,16,NO_TRACE,0.188,1.3956759746140983,3000,1000
SPARSE_SIGN,16,64,EXACT_REPLAY,0.796,1.0267088606194559,3000,1000
SPARSE_SIGN,16,64,ELIGIBILITY_TRACE_NORM_MATCHED,0.372,1.3665099521110955,3000,1000
SPARSE_SIGN,16,64,NO_TRACE,0.182,1.3939497482279857,3000,1000
SPARSE_SIGN,17,1,EXACT_REPLAY,0.735,1.0912637439990414,3000,1000
SPARSE_SIGN,17,1,ELIGIBILITY_TRACE_NORM_MATCHED,0.576,1.3143106195949923,3000,1000
SPARSE_SIGN,17,1,NO_TRACE,0.197,1.3966602745287717,3000,1000
SPARSE_SIGN,17,4,EXACT_REPLAY,0.735,1.0911993390413814,3000,1000
SPARSE_SIGN,17,4,ELIGIBILITY_TRACE_NORM_MATCHED,0.544,1.3233195760281213,3000,1000
SPARSE_SIGN,17,4,NO_TRACE,0.245,1.3905218318389716,3000,1000
SPARSE_SIGN,17,16,EXACT_REPLAY,0.735,1.090932333252344,3000,1000
SPARSE_SIGN,17,16,ELIGIBILITY_TRACE_NORM_MATCHED,0.541,1.3375339121715035,3000,1000
SPARSE_SIGN,17,16,NO_TRACE,0.287,1.3872146897257458,3000,1000
SPARSE_SIGN,17,64,EXACT_REPLAY,0.733,1.0898848077732293,3000,1000
SPARSE_SIGN,17,64,ELIGIBILITY_TRACE_NORM_MATCHED,0.403,1.3678628945655094,3000,1000
SPARSE_SIGN,17,64,NO_TRACE,0.299,1.3787699575161436,3000,1000
SPARSE_SIGN,18,1,EXACT_REPLAY,0.756,1.08458041031703,3000,1000
SPARSE_SIGN,18,1,ELIGIBILITY_TRACE_NORM_MATCHED,0.569,1.3071730723077666,3000,1000
SPARSE_SIGN,18,1,NO_TRACE,0.177,1.4019876518972354,3000,1000
SPARSE_SIGN,18,4,EXACT_REPLAY,0.756,1.0845159203757224,3000,1000
SPARSE_SIGN,18,4,ELIGIBILITY_TRACE_NORM_MATCHED,0.58,1.3116106583553275,3000,1000
SPARSE_SIGN,18,4,NO_TRACE,0.235,1.3920981732826767,3000,1000
SPARSE_SIGN,18,16,EXACT_REPLAY,0.756,1.084236872502215,3000,1000
SPARSE_SIGN,18,16,ELIGIBILITY_TRACE_NORM_MATCHED,0.537,1.324887669238709,3000,1000
SPARSE_SIGN,18,16,NO_TRACE,0.195,1.3942671796760737,3000,1000
SPARSE_SIGN,18,64,EXACT_REPLAY,0.756,1.0831300125939587,3000,1000
SPARSE_SIGN,18,64,ELIGIBILITY_TRACE_NORM_MATCHED,0.426,1.3528792428457268,3000,1000
SPARSE_SIGN,18,64,NO_TRACE,0.317,1.3774844174961591,3000,1000
SPARSE_SIGN,19,1,EXACT_REPLAY,0.783,1.0623496086321975,3000,1000
SPARSE_SIGN,19,1,ELIGIBILITY_TRACE_NORM_MATCHED,0.636,1.3067912941397157,3000,1000
SPARSE_SIGN,19,1,NO_TRACE,0.209,1.3945987415965926,3000,1000
SPARSE_SIGN,19,4,EXACT_REPLAY,0.783,1.062274797214845,3000,1000
SPARSE_SIGN,19,4,ELIGIBILITY_TRACE_NORM_MATCHED,0.647,1.3099557337529186,3000,1000
SPARSE_SIGN,19,4,NO_TRACE,0.2,1.3980301865191378,3000,1000
SPARSE_SIGN,19,16,EXACT_REPLAY,0.783,1.0619677256164641,3000,1000
SPARSE_SIGN,19,16,ELIGIBILITY_TRACE_NORM_MATCHED,0.572,1.3246120022383985,3000,1000
SPARSE_SIGN,19,16,NO_TRACE,0.26,1.3867416015469516,3000,1000
SPARSE_SIGN,19,64,EXACT_REPLAY,0.783,1.0607359963798653,3000,1000
SPARSE_SIGN,19,64,ELIGIBILITY_TRACE_NORM_MATCHED,0.368,1.3678378083887521,3000,1000
SPARSE_SIGN,19,64,NO_TRACE,0.217,1.3890584059506956,3000,1000
SPARSE_SIGN,20,1,EXACT_REPLAY,0.732,1.0735222255013006,3000,1000
SPARSE_SIGN,20,1,ELIGIBILITY_TRACE_NORM_MATCHED,0.59,1.313725089855744,3000,1000
SPARSE_SIGN,20,1,NO_TRACE,0.215,1.3929884080108834,3000,1000
SPARSE_SIGN,20,4,EXACT_REPLAY,0.732,1.073448334007845,3000,1000
SPARSE_SIGN,20,4,ELIGIBILITY_TRACE_NORM_MATCHED,0.587,1.3202174835439473,3000,1000
SPARSE_SIGN,20,4,NO_TRACE,0.261,1.381363764927689,3000,1000
SPARSE_SIGN,20,16,EXACT_REPLAY,0.729,1.0731551236562036,3000,1000
SPARSE_SIGN,20,16,ELIGIBILITY_TRACE_NORM_MATCHED,0.556,1.333024589939011,3000,1000
SPARSE_SIGN,20,16,NO_TRACE,0.306,1.3792398157183021,3000,1000
SPARSE_SIGN,20,64,EXACT_REPLAY,0.729,1.0719250572030101,3000,1000
SPARSE_SIGN,20,64,ELIGIBILITY_TRACE_NORM_MATCHED,0.299,1.379217697095274,3000,1000
SPARSE_SIGN,20,64,NO_TRACE,0.271,1.3841898200971137,3000,1000
SPARSE_SIGN,21,1,EXACT_REPLAY,0.77,1.0792239328457793,3000,1000
SPARSE_SIGN,21,1,ELIGIBILITY_TRACE_NORM_MATCHED,0.571,1.3032731612121424,3000,1000
SPARSE_SIGN,21,1,NO_TRACE,0.283,1.3797595667836302,3000,1000
SPARSE_SIGN,21,4,EXACT_REPLAY,0.77,1.079151972526029,3000,1000
SPARSE_SIGN,21,4,ELIGIBILITY_TRACE_NORM_MATCHED,0.566,1.3077828065701316,3000,1000
SPARSE_SIGN,21,4,NO_TRACE,0.274,1.3852996310575068,3000,1000
SPARSE_SIGN,21,16,EXACT_REPLAY,0.77,1.0788615462159274,3000,1000
SPARSE_SIGN,21,16,ELIGIBILITY_TRACE_NORM_MATCHED,0.544,1.3266056201285645,3000,1000
SPARSE_SIGN,21,16,NO_TRACE,0.337,1.377429965191959,3000,1000
SPARSE_SIGN,21,64,EXACT_REPLAY,0.769,1.077731080738113,3000,1000
SPARSE_SIGN,21,64,ELIGIBILITY_TRACE_NORM_MATCHED,0.399,1.3610036314003437,3000,1000
SPARSE_SIGN,21,64,NO_TRACE,0.254,1.385746711205342,3000,1000
SPARSE_SIGN,22,1,EXACT_REPLAY,0.768,1.0482978984898537,3000,1000
SPARSE_SIGN,22,1,ELIGIBILITY_TRACE_NORM_MATCHED,0.596,1.3035619212621463,3000,1000
SPARSE_SIGN,22,1,NO_TRACE,0.18,1.3965419062731692,3000,1000
SPARSE_SIGN,22,4,EXACT_REPLAY,0.768,1.0482102809343803,3000,1000
SPARSE_SIGN,22,4,ELIGIBILITY_TRACE_NORM_MATCHED,0.573,1.3107106718612265,3000,1000
SPARSE_SIGN,22,4,NO_TRACE,0.218,1.3937852416051806,3000,1000
SPARSE_SIGN,22,16,EXACT_REPLAY,0.768,1.0478806659995044,3000,1000
SPARSE_SIGN,22,16,ELIGIBILITY_TRACE_NORM_MATCHED,0.497,1.3300982674146327,3000,1000
SPARSE_SIGN,22,16,NO_TRACE,0.302,1.380641229447614,3000,1000
SPARSE_SIGN,22,64,EXACT_REPLAY,0.767,1.0465642772114325,3000,1000
SPARSE_SIGN,22,64,ELIGIBILITY_TRACE_NORM_MATCHED,0.35,1.3672157705693444,3000,1000
SPARSE_SIGN,22,64,NO_TRACE,0.227,1.3944497092081545,3000,1000
SPARSE_SIGN,23,1,EXACT_REPLAY,0.767,1.0844159776557216,3000,1000
SPARSE_SIGN,23,1,ELIGIBILITY_TRACE_NORM_MATCHED,0.603,1.3116952033017095,3000,1000
SPARSE_SIGN,23,1,NO_TRACE,0.181,1.3970822769160136,3000,1000
SPARSE_SIGN,23,4,EXACT_REPLAY,0.767,1.0843531368615982,3000,1000
SPARSE_SIGN,23,4,ELIGIBILITY_TRACE_NORM_MATCHED,0.581,1.3216308044368135,3000,1000
SPARSE_SIGN,23,4,NO_TRACE,0.188,1.4016577058712696,3000,1000
SPARSE_SIGN,23,16,EXACT_REPLAY,0.767,1.0840761081615797,3000,1000
SPARSE_SIGN,23,16,ELIGIBILITY_TRACE_NORM_MATCHED,0.498,1.3357880492438672,3000,1000
SPARSE_SIGN,23,16,NO_TRACE,0.257,1.386957759375197,3000,1000
SPARSE_SIGN,23,64,EXACT_REPLAY,0.767,1.0829880634068336,3000,1000
SPARSE_SIGN,23,64,ELIGIBILITY_TRACE_NORM_MATCHED,0.304,1.3721052432395062,3000,1000
SPARSE_SIGN,23,64,NO_TRACE,0.225,1.3898512104858507,3000,1000
SPARSE_SIGN,24,1,EXACT_REPLAY,0.73,1.0809390350033599,3000,1000
SPARSE_SIGN,24,1,ELIGIBILITY_TRACE_NORM_MATCHED,0.636,1.3070463399685381,3000,1000
SPARSE_SIGN,24,1,NO_TRACE,0.235,1.3909780017573763,3000,1000
SPARSE_SIGN,24,4,EXACT_REPLAY,0.729,1.080870135445252,3000,1000
SPARSE_SIGN,24,4,ELIGIBILITY_TRACE_NORM_MATCHED,0.632,1.3080629805354103,3000,1000
SPARSE_SIGN,24,4,NO_TRACE,0.295,1.3798106829661323,3000,1000
SPARSE_SIGN,24,16,EXACT_REPLAY,0.729,1.080584777400894,3000,1000
SPARSE_SIGN,24,16,ELIGIBILITY_TRACE_NORM_MATCHED,0.613,1.3242715732957726,3000,1000
SPARSE_SIGN,24,16,NO_TRACE,0.268,1.3861769025038089,3000,1000
SPARSE_SIGN,24,64,EXACT_REPLAY,0.726,1.0794461997631644,3000,1000
SPARSE_SIGN,24,64,ELIGIBILITY_TRACE_NORM_MATCHED,0.351,1.3715945439157047,3000,1000
SPARSE_SIGN,24,64,NO_TRACE,0.197,1.3934128887137731,3000,1000
SPARSE_SIGN,25,1,EXACT_REPLAY,0.793,1.0443604221486409,3000,1000
SPARSE_SIGN,25,1,ELIGIBILITY_TRACE_NORM_MATCHED,0.607,1.3065413222981797,3000,1000
SPARSE_SIGN,25,1,NO_TRACE,0.15,1.3991006788828144,3000,1000
SPARSE_SIGN,25,4,EXACT_REPLAY,0.793,1.0442797835933002,3000,1000
SPARSE_SIGN,25,4,ELIGIBILITY_TRACE_NORM_MATCHED,0.589,1.312022159425177,3000,1000
SPARSE_SIGN,25,4,NO_TRACE,0.226,1.3919116973415777,3000,1000
SPARSE_SIGN,25,16,EXACT_REPLAY,0.793,1.0439588874334047,3000,1000
SPARSE_SIGN,25,16,ELIGIBILITY_TRACE_NORM_MATCHED,0.527,1.3293749409891544,3000,1000
SPARSE_SIGN,25,16,NO_TRACE,0.24,1.3900370328578033,3000,1000
SPARSE_SIGN,25,64,EXACT_REPLAY,0.793,1.0426448350802366,3000,1000
SPARSE_SIGN,25,64,ELIGIBILITY_TRACE_NORM_MATCHED,0.35,1.3677026510225037,3000,1000
SPARSE_SIGN,25,64,NO_TRACE,0.285,1.3790336351400205,3000,1000
SPARSE_SIGN,26,1,EXACT_REPLAY,0.722,1.0834096483021645,3000,1000
SPARSE_SIGN,26,1,ELIGIBILITY_TRACE_NORM_MATCHED,0.582,1.298797353307424,3000,1000
SPARSE_SIGN,26,1,NO_TRACE,0.285,1.3806395892939727,3000,1000
SPARSE_SIGN,26,4,EXACT_REPLAY,0.722,1.0833401086795889,3000,1000
SPARSE_SIGN,26,4,ELIGIBILITY_TRACE_NORM_MATCHED,0.569,1.3046087302030434,3000,1000
SPARSE_SIGN,26,4,NO_TRACE,0.326,1.3795816319431984,3000,1000
SPARSE_SIGN,26,16,EXACT_REPLAY,0.722,1.0830583558996711,3000,1000
SPARSE_SIGN,26,16,ELIGIBILITY_TRACE_NORM_MATCHED,0.508,1.3241733582716675,3000,1000
SPARSE_SIGN,26,16,NO_TRACE,0.24,1.3894497005025659,3000,1000
SPARSE_SIGN,26,64,EXACT_REPLAY,0.722,1.0819072795467493,3000,1000
SPARSE_SIGN,26,64,ELIGIBILITY_TRACE_NORM_MATCHED,0.392,1.358950894191771,3000,1000
SPARSE_SIGN,26,64,NO_TRACE,0.302,1.3848859488160035,3000,1000
SPARSE_SIGN,27,1,EXACT_REPLAY,0.745,1.0851384382532705,3000,1000
SPARSE_SIGN,27,1,ELIGIBILITY_TRACE_NORM_MATCHED,0.606,1.3080198567393173,3000,1000
SPARSE_SIGN,27,1,NO_TRACE,0.29,1.3817509523444782,3000,1000
SPARSE_SIGN,27,4,EXACT_REPLAY,0.745,1.0850777392127673,3000,1000
SPARSE_SIGN,27,4,ELIGIBILITY_TRACE_NORM_MATCHED,0.577,1.317839241498691,3000,1000
SPARSE_SIGN,27,4,NO_TRACE,0.203,1.3973804858784744,3000,1000
SPARSE_SIGN,27,16,EXACT_REPLAY,0.745,1.0848090231246628,3000,1000
SPARSE_SIGN,27,16,ELIGIBILITY_TRACE_NORM_MATCHED,0.514,1.3322200763279834,3000,1000
SPARSE_SIGN,27,16,NO_TRACE,0.248,1.3868712271328272,3000,1000
SPARSE_SIGN,27,64,EXACT_REPLAY,0.746,1.083746509616808,3000,1000
SPARSE_SIGN,27,64,ELIGIBILITY_TRACE_NORM_MATCHED,0.409,1.3601707153287992,3000,1000
SPARSE_SIGN,27,64,NO_TRACE,0.222,1.3914878516761355,3000,1000
SPARSE_SIGN,28,1,EXACT_REPLAY,0.804,1.0991655704401588,3000,1000
SPARSE_SIGN,28,1,ELIGIBILITY_TRACE_NORM_MATCHED,0.575,1.3197515365193953,3000,1000
SPARSE_SIGN,28,1,NO_TRACE,0.306,1.3799927477064722,3000,1000
SPARSE_SIGN,28,4,EXACT_REPLAY,0.804,1.0990953799874246,3000,1000
SPARSE_SIGN,28,4,ELIGIBILITY_TRACE_NORM_MATCHED,0.552,1.324422803859622,3000,1000
SPARSE_SIGN,28,4,NO_TRACE,0.276,1.3850285451238038,3000,1000
SPARSE_SIGN,28,16,EXACT_REPLAY,0.804,1.0988514418180326,3000,1000
SPARSE_SIGN,28,16,ELIGIBILITY_TRACE_NORM_MATCHED,0.545,1.3304504018079566,3000,1000
SPARSE_SIGN,28,16,NO_TRACE,0.375,1.3691889649228894,3000,1000
SPARSE_SIGN,28,64,EXACT_REPLAY,0.803,1.0978637658374912,3000,1000
SPARSE_SIGN,28,64,ELIGIBILITY_TRACE_NORM_MATCHED,0.37,1.3652748910436483,3000,1000
SPARSE_SIGN,28,64,NO_TRACE,0.292,1.3809786400854023,3000,1000
SPARSE_SIGN,29,1,EXACT_REPLAY,0.76,1.081021822067646,3000,1000
SPARSE_SIGN,29,1,ELIGIBILITY_TRACE_NORM_MATCHED,0.595,1.2943288709442375,3000,1000
SPARSE_SIGN,29,1,NO_TRACE,0.229,1.3939548960914028,3000,1000
SPARSE_SIGN,29,4,EXACT_REPLAY,0.76,1.0809569184833294,3000,1000
SPARSE_SIGN,29,4,ELIGIBILITY_TRACE_NORM_MATCHED,0.575,1.3018280008925234,3000,1000
SPARSE_SIGN,29,4,NO_TRACE,0.17,1.3996170865360908,3000,1000
SPARSE_SIGN,29,16,EXACT_REPLAY,0.76,1.080674946321299,3000,1000
SPARSE_SIGN,29,16,ELIGIBILITY_TRACE_NORM_MATCHED,0.531,1.3149382538592562,3000,1000
SPARSE_SIGN,29,16,NO_TRACE,0.218,1.3944098880889368,3000,1000
SPARSE_SIGN,29,64,EXACT_REPLAY,0.76,1.079574429297004,3000,1000
SPARSE_SIGN,29,64,ELIGIBILITY_TRACE_NORM_MATCHED,0.433,1.3560672826937312,3000,1000
SPARSE_SIGN,29,64,NO_TRACE,0.202,1.394234329699384,3000,1000
