task_seed,mean_accuracy_eligibility_trace,mean_accuracy_no_trace,mean_accuracy_bptt,eligibility_minus_no_trace,eligibility_minus_bptt,no_trace_minus_bptt
300,0.478,0.48066666666666663,0.486,-0.0026666666666666505,-0.008000000000000007,-0.005333333333333357
301,0.506,0.48733333333333334,0.494,0.018666666666666665,0.01200000000000001,-0.006666666666666654
302,0.5266666666666667,0.5319999999999999,0.5266666666666667,-0.00533333333333319,0.0,0.00533333333333319
303,0.49866666666666665,0.49866666666666665,0.49866666666666665,0.0,0.0,0.0
304,0.49,0.49266666666666664,0.49133333333333334,-0.0026666666666666505,-0.001333333333333353,0.0013333333333332975
305,0.5166666666666667,0.5166666666666667,0.5166666666666667,0.0,0.0,0.0
306,0.5206666666666667,0.5213333333333333,0.5126666666666667,-0.0006666666666665932,0.008000000000000007,0.0086666666666666
307,0.496,0.49466666666666664,0.49333333333333335,0.001333333333333353,0.0026666666666666505,0.0013333333333332975
308,0.49133333333333334,0.49133333333333334,0.49133333333333334,0.0,0.0,0.0
309,0.506,0.506,0.506,0.0,0.0,0.0
310,0.5126666666666667,0.5113333333333333,0.5126666666666667,0.0013333333333334085,0.0,-0.0013333333333334085
311,0.5086666666666667,0.5086666666666667,0.5086666666666667,0.0,0.0,0.0
312,0.49933333333333335,0.49866666666666665,0.49933333333333335,0.0006666666666667043,0.0,-0.0006666666666667043
313,0.5013333333333333,0.5013333333333333,0.5013333333333333,0.0,0.0,0.0
314,0.47800000000000004,0.47733333333333333,0.47666666666666674,0.0006666666666667043,0.0013333333333332975,0.0006666666666665932
315,0.5093333333333333,0.5146666666666667,0.5113333333333333,-0.005333333333333412,-0.0020000000000000018,0.0033333333333334103
316,0.504,0.496,0.5073333333333333,0.008000000000000007,-0.0033333333333332993,-0.011333333333333306
317,0.48133333333333334,0.48333333333333334,0.482,-0.0020000000000000018,-0.0006666666666666488,0.001333333333333353
318,0.494,0.494,0.494,0.0,0.0,0.0
319,0.484,0.484,0.484,0.0,0.0,0.0
320,0.49333333333333335,0.5053333333333333,0.49666666666666665,-0.011999999999999955,-0.0033333333333332993,0.008666666666666656
321,0.5146666666666667,0.5133333333333333,0.5146666666666667,0.0013333333333334085,0.0,-0.0013333333333334085
322,0.5053333333333333,0.5086666666666667,0.5053333333333333,-0.0033333333333334103,0.0,0.0033333333333334103
323,0.498,0.498,0.498,0.0,0.0,0.0
324,0.494,0.5026666666666667,0.496,-0.008666666666666711,-0.0020000000000000018,0.00666666666666671
325,0.486,0.486,0.486,0.0,0.0,0.0
326,0.5233333333333333,0.5153333333333333,0.5226666666666667,0.008000000000000007,0.0006666666666665932,-0.007333333333333414
327,0.5033333333333333,0.5073333333333333,0.5053333333333333,-0.0040000000000000036,-0.0020000000000000018,0.0020000000000000018
328,0.48866666666666664,0.48866666666666664,0.48866666666666664,0.0,0.0,0.0
329,0.518,0.5213333333333333,0.5193333333333333,-0.0033333333333332993,-0.0013333333333332975,0.0020000000000000018
