seed,delay,arm,heldout_expected_reward,mean_train_realized_reward,n_train,n_test
0,1,EXACT_REPLAY,0.5686140336382092,0.5261666666666667,6000,2000
0,1,ELIGIBILITY_TRACE_NORM_MATCHED,0.5157843490795508,0.49516666666666664,6000,2000
0,1,NO_TRACE,0.5032030267263154,0.48733333333333334,6000,2000
0,4,EXACT_REPLAY,0.5686140336382092,0.5261666666666667,6000,2000
0,4,ELIGIBILITY_TRACE_NORM_MATCHED,0.5160546026233881,0.495,6000,2000
0,4,NO_TRACE,0.5087931934358244,0.49233333333333335,6000,2000
0,16,EXACT_REPLAY,0.5685786942321849,0.526,6000,2000
0,16,ELIGIBILITY_TRACE_NORM_MATCHED,0.5154438103737903,0.4965,6000,2000
0,16,NO_TRACE,0.5081391557165932,0.492,6000,2000
0,64,EXACT_REPLAY,0.5688760384535071,0.5266666666666666,6000,2000
0,64,ELIGIBILITY_TRACE_NORM_MATCHED,0.5092411469216466,0.49116666666666664,6000,2000
0,64,NO_TRACE,0.5014885702952765,0.4871666666666667,6000,2000
1,1,EXACT_REPLAY,0.5459236845544583,0.5275,6000,2000
1,1,ELIGIBILITY_TRACE_NORM_MATCHED,0.5116111385148614,0.5105,6000,2000
1,1,NO_TRACE,0.4997655676382365,0.5043333333333333,6000,2000
1,4,EXACT_REPLAY,0.5459698286420823,0.5273333333333333,6000,2000
1,4,ELIGIBILITY_TRACE_NORM_MATCHED,0.5113372944554679,0.5106666666666667,6000,2000
1,4,NO_TRACE,0.49645808499275756,0.5071666666666667,6000,2000
1,16,EXACT_REPLAY,0.546035648178499,0.5273333333333333,6000,2000
1,16,ELIGIBILITY_TRACE_NORM_MATCHED,0.505731883994008,0.5076666666666667,6000,2000
1,16,NO_TRACE,0.5025204230558951,0.5063333333333333,6000,2000
1,64,EXACT_REPLAY,0.5460430295832642,0.5276666666666666,6000,2000
1,64,ELIGIBILITY_TRACE_NORM_MATCHED,0.5024104055377964,0.5065,6000,2000
1,64,NO_TRACE,0.499754382505724,0.5078333333333334,6000,2000
2,1,EXACT_REPLAY,0.5490289777046282,0.529,6000,2000
2,1,ELIGIBILITY_TRACE_NORM_MATCHED,0.5107371922054729,0.5093333333333333,6000,2000
2,1,NO_TRACE,0.49472828807915276,0.5008333333333334,6000,2000
2,4,EXACT_REPLAY,0.549102243465487,0.529,6000,2000
2,4,ELIGIBILITY_TRACE_NORM_MATCHED,0.5101520280031802,0.5091666666666667,6000,2000
2,4,NO_TRACE,0.5001119499508335,0.5028333333333334,6000,2000
2,16,EXACT_REPLAY,0.5490378517487106,0.5286666666666666,6000,2000
2,16,ELIGIBILITY_TRACE_NORM_MATCHED,0.5047855844242303,0.506,6000,2000
2,16,NO_TRACE,0.49914750934603,0.5008333333333334,6000,2000
2,64,EXACT_REPLAY,0.5489123784773251,0.5268333333333334,6000,2000
2,64,ELIGIBILITY_TRACE_NORM_MATCHED,0.4963529978734193,0.5011666666666666,6000,2000
2,64,NO_TRACE,0.5024017031311192,0.5048333333333334,6000,2000
3,1,EXACT_REPLAY,0.5434553340616137,0.5191666666666667,6000,2000
3,1,ELIGIBILITY_TRACE_NORM_MATCHED,0.5189882365442222,0.5071666666666667,6000,2000
3,1,NO_TRACE,0.5107731291977387,0.5001666666666666,6000,2000
3,4,EXACT_REPLAY,0.543548224407228,0.5188333333333334,6000,2000
3,4,ELIGIBILITY_TRACE_NORM_MATCHED,0.5190282020093141,0.5066666666666667,6000,2000
3,4,NO_TRACE,0.5123796338113666,0.5001666666666666,6000,2000
3,16,EXACT_REPLAY,0.5434941043204369,0.5188333333333334,6000,2000
3,16,ELIGIBILITY_TRACE_NORM_MATCHED,0.516158449114864,0.5053333333333333,6000,2000
3,16,NO_TRACE,0.5124619288861652,0.5001666666666666,6000,2000
3,64,EXACT_REPLAY,0.5435136785623365,0.5186666666666667,6000,2000
3,64,ELIGIBILITY_TRACE_NORM_MATCHED,0.5124322094018925,0.5015,6000,2000
3,64,NO_TRACE,0.5166447463335667,0.503,6000,2000
4,1,EXACT_REPLAY,0.5523062601734785,0.5326666666666666,6000,2000
4,1,ELIGIBILITY_TRACE_NORM_MATCHED,0.5078101774885349,0.503,6000,2000
4,1,NO_TRACE,0.4946730872719242,0.49916666666666665,6000,2000
4,4,EXACT_REPLAY,0.5523017531328268,0.5323333333333333,6000,2000
4,4,ELIGIBILITY_TRACE_NORM_MATCHED,0.5079748743217224,0.5026666666666667,6000,2000
4,4,NO_TRACE,0.5024321386241285,0.5051666666666667,6000,2000
4,16,EXACT_REPLAY,0.5522566556847769,0.5323333333333333,6000,2000
4,16,ELIGIBILITY_TRACE_NORM_MATCHED,0.5048037742441956,0.5031666666666667,6000,2000
4,16,NO_TRACE,0.49905130719299834,0.501,6000,2000
4,64,EXACT_REPLAY,0.5523117411260515,0.5318333333333334,6000,2000
4,64,ELIGIBILITY_TRACE_NORM_MATCHED,0.5005666021561451,0.5016666666666667,6000,2000
4,64,NO_TRACE,0.49341563982313996,0.49816666666666665,6000,2000
5,1,EXACT_REPLAY,0.5548620267233734,0.5398333333333334,6000,2000
5,1,ELIGIBILITY_TRACE_NORM_MATCHED,0.5156337557848353,0.5208333333333334,6000,2000
5,1,NO_TRACE,0.4974905571922342,0.5116666666666667,6000,2000
5,4,EXACT_REPLAY,0.5548620267233734,0.54,6000,2000
5,4,ELIGIBILITY_TRACE_NORM_MATCHED,0.5146793264145031,0.519,6000,2000
5,4,NO_TRACE,0.5004999806975479,0.5108333333333334,6000,2000
5,16,EXACT_REPLAY,0.5547781764553694,0.5396666666666666,6000,2000
5,16,ELIGIBILITY_TRACE_NORM_MATCHED,0.5072143903083824,0.515,6000,2000
5,16,NO_TRACE,0.49363047651230213,0.5115,6000,2000
5,64,EXACT_REPLAY,0.5550276884187997,0.54,6000,2000
5,64,ELIGIBILITY_TRACE_NORM_MATCHED,0.4983556815807656,0.5143333333333333,6000,2000
5,64,NO_TRACE,0.4959814005111453,0.512,6000,2000
6,1,EXACT_REPLAY,0.5459422985256706,0.52,6000,2000
6,1,ELIGIBILITY_TRACE_NORM_MATCHED,0.5162333559357073,0.5033333333333333,6000,2000
6,1,NO_TRACE,0.5096506331181462,0.49966666666666665,6000,2000
6,4,EXACT_REPLAY,0.5459422985256706,0.52,6000,2000
6,4,ELIGIBILITY_TRACE_NORM_MATCHED,0.5134991978152869,0.5023333333333333,6000,2000
6,4,NO_TRACE,0.5020103048308037,0.49716666666666665,6000,2000
6,16,EXACT_REPLAY,0.5458797066387144,0.5195,6000,2000
6,16,ELIGIBILITY_TRACE_NORM_MATCHED,0.5143392574149422,0.503,6000,2000
6,16,NO_TRACE,0.5050313537857019,0.49833333333333335,6000,2000
6,64,EXACT_REPLAY,0.5458712161962656,0.5195,6000,2000
6,64,ELIGIBILITY_TRACE_NORM_MATCHED,0.5067846404242056,0.49916666666666665,6000,2000
6,64,NO_TRACE,0.5005227061986308,0.49633333333333335,6000,2000
7,1,EXACT_REPLAY,0.5473484805192512,0.5286666666666666,6000,2000
7,1,ELIGIBILITY_TRACE_NORM_MATCHED,0.5152786252602037,0.5108333333333334,6000,2000
7,1,NO_TRACE,0.5019497992400648,0.5,6000,2000
7,4,EXACT_REPLAY,0.5472587904841321,0.5288333333333334,6000,2000
7,4,ELIGIBILITY_TRACE_NORM_MATCHED,0.5146336282393512,0.5085,6000,2000
7,4,NO_TRACE,0.5076155589104901,0.5051666666666667,6000,2000
7,16,EXACT_REPLAY,0.5473636391917812,0.5285,6000,2000
7,16,ELIGIBILITY_TRACE_NORM_MATCHED,0.5130150277121854,0.5093333333333333,6000,2000
7,16,NO_TRACE,0.505238974955287,0.506,6000,2000
7,64,EXACT_REPLAY,0.5474790773184602,0.5283333333333333,6000,2000
7,64,ELIGIBILITY_TRACE_NORM_MATCHED,0.5114976620864756,0.5056666666666667,6000,2000
7,64,NO_TRACE,0.5054441708000246,0.5045,6000,2000
8,1,EXACT_REPLAY,0.5671659595407915,0.5306666666666666,6000,2000
8,1,ELIGIBILITY_TRACE_NORM_MATCHED,0.5149852516419068,0.506,6000,2000
8,1,NO_TRACE,0.4985197239088522,0.5006666666666667,6000,2000
8,4,EXACT_REPLAY,0.5672149460386756,0.5306666666666666,6000,2000
8,4,ELIGIBILITY_TRACE_NORM_MATCHED,0.5143533234851858,0.505,6000,2000
8,4,NO_TRACE,0.4979553826360898,0.49916666666666665,6000,2000
8,16,EXACT_REPLAY,0.567117301372918,0.5306666666666666,6000,2000
8,16,ELIGIBILITY_TRACE_NORM_MATCHED,0.5097445716658253,0.5043333333333333,6000,2000
8,16,NO_TRACE,0.5002274293704152,0.498,6000,2000
8,64,EXACT_REPLAY,0.5670214463600766,0.5303333333333333,6000,2000
8,64,ELIGIBILITY_TRACE_NORM_MATCHED,0.5060000437679439,0.5023333333333333,6000,2000
8,64,NO_TRACE,0.5019672457579678,0.49883333333333335,6000,2000
9,1,EXACT_REPLAY,0.5587707823657991,0.5356666666666666,6000,2000
9,1,ELIGIBILITY_TRACE_NORM_MATCHED,0.510994116954292,0.5048333333333334,6000,2000
9,1,NO_TRACE,0.5000795354186821,0.49983333333333335,6000,2000
9,4,EXACT_REPLAY,0.5586999332704529,0.5358333333333334,6000,2000
9,4,ELIGIBILITY_TRACE_NORM_MATCHED,0.5097300546456263,0.5041666666666667,6000,2000
9,4,NO_TRACE,0.4950690273817302,0.49783333333333335,6000,2000
9,16,EXACT_REPLAY,0.5587335859394669,0.5355,6000,2000
9,16,ELIGIBILITY_TRACE_NORM_MATCHED,0.504018656269569,0.5025,6000,2000
9,16,NO_TRACE,0.4931468720752831,0.49783333333333335,6000,2000
9,64,EXACT_REPLAY,0.55865543172063,0.5355,6000,2000
9,64,ELIGIBILITY_TRACE_NORM_MATCHED,0.49892836073673036,0.5003333333333333,6000,2000
9,64,NO_TRACE,0.4971891707292154,0.49733333333333335,6000,2000
10,1,EXACT_REPLAY,0.557147499155148,0.5433333333333333,6000,2000
10,1,ELIGIBILITY_TRACE_NORM_MATCHED,0.518168293051848,0.5201666666666667,6000,2000
10,1,NO_TRACE,0.4956585566990133,0.5098333333333334,6000,2000
10,4,EXACT_REPLAY,0.557147499155148,0.5431666666666667,6000,2000
10,4,ELIGIBILITY_TRACE_NORM_MATCHED,0.5173308265348844,0.5195,6000,2000
10,4,NO_TRACE,0.49647143550515554,0.5085,6000,2000
10,16,EXACT_REPLAY,0.5572088607399261,0.5431666666666667,6000,2000
10,16,ELIGIBILITY_TRACE_NORM_MATCHED,0.5127381129470238,0.5156666666666667,6000,2000
10,16,NO_TRACE,0.504675219738742,0.5125,6000,2000
10,64,EXACT_REPLAY,0.5572623251344683,0.5431666666666667,6000,2000
10,64,ELIGIBILITY_TRACE_NORM_MATCHED,0.5029162853173257,0.513,6000,2000
10,64,NO_TRACE,0.5008664157550382,0.51,6000,2000
11,1,EXACT_REPLAY,0.5541527203069195,0.5383333333333333,6000,2000
11,1,ELIGIBILITY_TRACE_NORM_MATCHED,0.5201992053715069,0.519,6000,2000
11,1,NO_TRACE,0.50525809555217,0.5118333333333334,6000,2000
11,4,EXACT_REPLAY,0.554079945873449,0.5385,6000,2000
11,4,ELIGIBILITY_TRACE_NORM_MATCHED,0.5154056631752768,0.5156666666666667,6000,2000
11,4,NO_TRACE,0.5044922427549685,0.5108333333333334,6000,2000
11,16,EXACT_REPLAY,0.5541373164552901,0.5381666666666667,6000,2000
11,16,ELIGIBILITY_TRACE_NORM_MATCHED,0.5081890990595466,0.5113333333333333,6000,2000
11,16,NO_TRACE,0.5035347842756761,0.509,6000,2000
11,64,EXACT_REPLAY,0.5539505296814278,0.538,6000,2000
11,64,ELIGIBILITY_TRACE_NORM_MATCHED,0.5002054081684215,0.5073333333333333,6000,2000
11,64,NO_TRACE,0.5012580110166603,0.507,6000,2000
12,1,EXACT_REPLAY,0.5603130540847381,0.5236666666666666,6000,2000
12,1,ELIGIBILITY_TRACE_NORM_MATCHED,0.5109591030282542,0.49916666666666665,6000,2000
12,1,NO_TRACE,0.5037969879294952,0.49483333333333335,6000,2000
12,4,EXACT_REPLAY,0.5602818740221512,0.5235,6000,2000
12,4,ELIGIBILITY_TRACE_NORM_MATCHED,0.5114243484040949,0.4995,6000,2000
12,4,NO_TRACE,0.5002110124442505,0.4935,6000,2000
12,16,EXACT_REPLAY,0.5602111217498595,0.5238333333333334,6000,2000
12,16,ELIGIBILITY_TRACE_NORM_MATCHED,0.5118100574582916,0.49883333333333335,6000,2000
12,16,NO_TRACE,0.5026310476576689,0.49566666666666664,6000,2000
12,64,EXACT_REPLAY,0.5600797383834131,0.5245,6000,2000
12,64,ELIGIBILITY_TRACE_NORM_MATCHED,0.5059116233627263,0.497,6000,2000
12,64,NO_TRACE,0.5015944518222277,0.49283333333333335,6000,2000
13,1,EXACT_REPLAY,0.5818598460499813,0.5438333333333333,6000,2000
13,1,ELIGIBILITY_TRACE_NORM_MATCHED,0.5159176882813201,0.5123333333333333,6000,2000
13,1,NO_TRACE,0.4929868438418963,0.49833333333333335,6000,2000
13,4,EXACT_REPLAY,0.5818293423926937,0.5436666666666666,6000,2000
13,4,ELIGIBILITY_TRACE_NORM_MATCHED,0.5125489873099925,0.5096666666666667,6000,2000
13,4,NO_TRACE,0.4926185210271987,0.49883333333333335,6000,2000
13,16,EXACT_REPLAY,0.581874365868952,0.5436666666666666,6000,2000
13,16,ELIGIBILITY_TRACE_NORM_MATCHED,0.5090196231074261,0.5078333333333334,6000,2000
13,16,NO_TRACE,0.48913805361806667,0.49466666666666664,6000,2000
13,64,EXACT_REPLAY,0.5818609362625946,0.5433333333333333,6000,2000
13,64,ELIGIBILITY_TRACE_NORM_MATCHED,0.5032765704196736,0.5056666666666667,6000,2000
13,64,NO_TRACE,0.49628610967458847,0.5011666666666666,6000,2000
14,1,EXACT_REPLAY,0.5363058365491494,0.527,6000,2000
14,1,ELIGIBILITY_TRACE_NORM_MATCHED,0.5096481166540484,0.511,6000,2000
14,1,NO_TRACE,0.496184261547961,0.5003333333333333,6000,2000
14,4,EXACT_REPLAY,0.5364082312317464,0.5275,6000,2000
14,4,ELIGIBILITY_TRACE_NORM_MATCHED,0.5105562106298512,0.511,6000,2000
14,4,NO_TRACE,0.5030316646452735,0.5045,6000,2000
14,16,EXACT_REPLAY,0.5363275656993266,0.527,6000,2000
14,16,ELIGIBILITY_TRACE_NORM_MATCHED,0.5083658349746912,0.5085,6000,2000
14,16,NO_TRACE,0.49951601611969715,0.5051666666666667,6000,2000
14,64,EXACT_REPLAY,0.5363125137290021,0.5263333333333333,6000,2000
14,64,ELIGIBILITY_TRACE_NORM_MATCHED,0.5003599869127003,0.5066666666666667,6000,2000
14,64,NO_TRACE,0.5012961704388343,0.5058333333333334,6000,2000
15,1,EXACT_REPLAY,0.5945975298628966,0.5565,6000,2000
15,1,ELIGIBILITY_TRACE_NORM_MATCHED,0.5371036178725915,0.523,6000,2000
15,1,NO_TRACE,0.5006497454306433,0.5096666666666667,6000,2000
15,4,EXACT_REPLAY,0.5945975298628966,0.5565,6000,2000
15,4,ELIGIBILITY_TRACE_NORM_MATCHED,0.5374004129720286,0.5235,6000,2000
15,4,NO_TRACE,0.5012065363452801,0.5103333333333333,6000,2000
15,16,EXACT_REPLAY,0.5946555962863114,0.5563333333333333,6000,2000
15,16,ELIGIBILITY_TRACE_NORM_MATCHED,0.5280091815385115,0.5176666666666667,6000,2000
15,16,NO_TRACE,0.5017067252185458,0.5081666666666667,6000,2000
15,64,EXACT_REPLAY,0.594681159518903,0.5561666666666667,6000,2000
15,64,ELIGIBILITY_TRACE_NORM_MATCHED,0.508210579743742,0.511,6000,2000
15,64,NO_TRACE,0.5000221247626048,0.5071666666666667,6000,2000
16,1,EXACT_REPLAY,0.532333547005324,0.5171666666666667,6000,2000
16,1,ELIGIBILITY_TRACE_NORM_MATCHED,0.507227117509975,0.5045,6000,2000
16,1,NO_TRACE,0.4989590085090239,0.5005,6000,2000
16,4,EXACT_REPLAY,0.5323738095287828,0.5175,6000,2000
16,4,ELIGIBILITY_TRACE_NORM_MATCHED,0.5065374017948271,0.5041666666666667,6000,2000
16,4,NO_TRACE,0.4990611912764224,0.49866666666666665,6000,2000
16,16,EXACT_REPLAY,0.5323136133062882,0.5173333333333333,6000,2000
16,16,ELIGIBILITY_TRACE_NORM_MATCHED,0.5046799536218463,0.5031666666666667,6000,2000
16,16,NO_TRACE,0.4967092837109974,0.5008333333333334,6000,2000
16,64,EXACT_REPLAY,0.532486383458093,0.5168333333333334,6000,2000
16,64,ELIGIBILITY_TRACE_NORM_MATCHED,0.5025060394699941,0.5018333333333334,6000,2000
16,64,NO_TRACE,0.49774625322778693,0.5003333333333333,6000,2000
17,1,EXACT_REPLAY,0.5393518740122059,0.537,6000,2000
17,1,ELIGIBILITY_TRACE_NORM_MATCHED,0.5022432568776029,0.514,6000,2000
17,1,NO_TRACE,0.4941836314596534,0.5118333333333334,6000,2000
17,4,EXACT_REPLAY,0.5393436036403887,0.5371666666666667,6000,2000
17,4,ELIGIBILITY_TRACE_NORM_MATCHED,0.5016193750174482,0.5136666666666667,6000,2000
17,4,NO_TRACE,0.4918390112091719,0.5123333333333333,6000,2000
17,16,EXACT_REPLAY,0.5392809784881596,0.5365,6000,2000
17,16,ELIGIBILITY_TRACE_NORM_MATCHED,0.49897208309512464,0.5121666666666667,6000,2000
17,16,NO_TRACE,0.49525561421785563,0.5081666666666667,6000,2000
17,64,EXACT_REPLAY,0.5393407354823008,0.536,6000,2000
17,64,ELIGIBILITY_TRACE_NORM_MATCHED,0.49548079205771256,0.5078333333333334,6000,2000
17,64,NO_TRACE,0.4922702968290936,0.5108333333333334,6000,2000
18,1,EXACT_REPLAY,0.5328790754373349,0.5291666666666667,6000,2000
18,1,ELIGIBILITY_TRACE_NORM_MATCHED,0.5020935664083579,0.5105,6000,2000
18,1,NO_TRACE,0.49364604772172743,0.5063333333333333,6000,2000
18,4,EXACT_REPLAY,0.5329194222030217,0.5293333333333333,6000,2000
18,4,ELIGIBILITY_TRACE_NORM_MATCHED,0.5008183014853445,0.5105,6000,2000
18,4,NO_TRACE,0.49536659439063246,0.5086666666666667,6000,2000
18,16,EXACT_REPLAY,0.5329676024292289,0.529,6000,2000
18,16,ELIGIBILITY_TRACE_NORM_MATCHED,0.49833393098067486,0.508,6000,2000
18,16,NO_TRACE,0.495252789752775,0.5068333333333334,6000,2000
18,64,EXACT_REPLAY,0.5329214459362085,0.5286666666666666,6000,2000
18,64,ELIGIBILITY_TRACE_NORM_MATCHED,0.4987852864040741,0.5088333333333334,6000,2000
18,64,NO_TRACE,0.49424943291691403,0.5083333333333333,6000,2000
19,1,EXACT_REPLAY,0.5497674856541294,0.5281666666666667,6000,2000
19,1,ELIGIBILITY_TRACE_NORM_MATCHED,0.5155071870962183,0.5103333333333333,6000,2000
19,1,NO_TRACE,0.503166124556269,0.5026666666666667,6000,2000
19,4,EXACT_REPLAY,0.5497146404347354,0.5281666666666667,6000,2000
19,4,ELIGIBILITY_TRACE_NORM_MATCHED,0.5118956784400164,0.508,6000,2000
19,4,NO_TRACE,0.5014114029883263,0.5035,6000,2000
19,16,EXACT_REPLAY,0.5496917072511195,0.5275,6000,2000
19,16,ELIGIBILITY_TRACE_NORM_MATCHED,0.5110087750346873,0.5071666666666667,6000,2000
19,16,NO_TRACE,0.5031210009278914,0.5015,6000,2000
19,64,EXACT_REPLAY,0.5498903361949021,0.5266666666666666,6000,2000
19,64,ELIGIBILITY_TRACE_NORM_MATCHED,0.5031034100693726,0.5023333333333333,6000,2000
19,64,NO_TRACE,0.5013727369316252,0.5005,6000,2000
20,1,EXACT_REPLAY,0.5353229316358196,0.516,6000,2000
20,1,ELIGIBILITY_TRACE_NORM_MATCHED,0.503012709205458,0.49783333333333335,6000,2000
20,1,NO_TRACE,0.49626502421131047,0.49583333333333335,6000,2000
20,4,EXACT_REPLAY,0.5352901592528634,0.5158333333333334,6000,2000
20,4,ELIGIBILITY_TRACE_NORM_MATCHED,0.5022167059705954,0.49683333333333335,6000,2000
20,4,NO_TRACE,0.4917228478883604,0.4925,6000,2000
20,16,EXACT_REPLAY,0.5353358082933427,0.5156666666666667,6000,2000
20,16,ELIGIBILITY_TRACE_NORM_MATCHED,0.4993826881190437,0.4965,6000,2000
20,16,NO_TRACE,0.4939407226931232,0.4935,6000,2000
20,64,EXACT_REPLAY,0.5354655823028579,0.5156666666666667,6000,2000
20,64,ELIGIBILITY_TRACE_NORM_MATCHED,0.5004494544826944,0.498,6000,2000
20,64,NO_TRACE,0.49672530458681785,0.4955,6000,2000
21,1,EXACT_REPLAY,0.5540190933615552,0.5246666666666666,6000,2000
21,1,ELIGIBILITY_TRACE_NORM_MATCHED,0.5109037545614483,0.49833333333333335,6000,2000
21,1,NO_TRACE,0.49772345144231256,0.49266666666666664,6000,2000
21,4,EXACT_REPLAY,0.5539773529530978,0.5243333333333333,6000,2000
21,4,ELIGIBILITY_TRACE_NORM_MATCHED,0.5098840944308461,0.49816666666666665,6000,2000
21,4,NO_TRACE,0.49860181972813405,0.49383333333333335,6000,2000
21,16,EXACT_REPLAY,0.5541272883106556,0.5248333333333334,6000,2000
21,16,ELIGIBILITY_TRACE_NORM_MATCHED,0.5076114984722124,0.49733333333333335,6000,2000
21,16,NO_TRACE,0.4974022389731558,0.49466666666666664,6000,2000
21,64,EXACT_REPLAY,0.5541154259127964,0.5245,6000,2000
21,64,ELIGIBILITY_TRACE_NORM_MATCHED,0.5035341036717075,0.49866666666666665,6000,2000
21,64,NO_TRACE,0.5043286060891565,0.49933333333333335,6000,2000
22,1,EXACT_REPLAY,0.5727526697076204,0.5441666666666667,6000,2000
22,1,ELIGIBILITY_TRACE_NORM_MATCHED,0.5182923143514777,0.5148333333333334,6000,2000
22,1,NO_TRACE,0.5017975911046075,0.51,6000,2000
22,4,EXACT_REPLAY,0.5729827564942224,0.5443333333333333,6000,2000
22,4,ELIGIBILITY_TRACE_NORM_MATCHED,0.5163793152484156,0.5136666666666667,6000,2000
22,4,NO_TRACE,0.49910283905257147,0.5085,6000,2000
22,16,EXACT_REPLAY,0.5729827564942224,0.5445,6000,2000
22,16,ELIGIBILITY_TRACE_NORM_MATCHED,0.5184972164150561,0.5141666666666667,6000,2000
22,16,NO_TRACE,0.4958785024219859,0.5025,6000,2000
22,64,EXACT_REPLAY,0.5729045208491824,0.5445,6000,2000
22,64,ELIGIBILITY_TRACE_NORM_MATCHED,0.5100053284845114,0.5111666666666667,6000,2000
22,64,NO_TRACE,0.5001843246496557,0.5083333333333333,6000,2000
23,1,EXACT_REPLAY,0.550437145954894,0.5311666666666667,6000,2000
23,1,ELIGIBILITY_TRACE_NORM_MATCHED,0.5110351805962384,0.5068333333333334,6000,2000
23,1,NO_TRACE,0.497000764107825,0.5033333333333333,6000,2000
23,4,EXACT_REPLAY,0.5504264846854681,0.5316666666666666,6000,2000
23,4,ELIGIBILITY_TRACE_NORM_MATCHED,0.5106387947191457,0.5058333333333334,6000,2000
23,4,NO_TRACE,0.49901714655817053,0.5011666666666666,6000,2000
23,16,EXACT_REPLAY,0.5504428135291165,0.5316666666666666,6000,2000
23,16,ELIGIBILITY_TRACE_NORM_MATCHED,0.5059244736883692,0.5046666666666667,6000,2000
23,16,NO_TRACE,0.49744089787167667,0.5001666666666666,6000,2000
23,64,EXACT_REPLAY,0.5506218751276515,0.5313333333333333,6000,2000
23,64,ELIGIBILITY_TRACE_NORM_MATCHED,0.49888561510642293,0.5026666666666667,6000,2000
23,64,NO_TRACE,0.4937108767226605,0.5005,6000,2000
24,1,EXACT_REPLAY,0.5490907905453846,0.5208333333333334,6000,2000
24,1,ELIGIBILITY_TRACE_NORM_MATCHED,0.5070580032627718,0.4995,6000,2000
24,1,NO_TRACE,0.4974745333328434,0.49516666666666664,6000,2000
24,4,EXACT_REPLAY,0.5491601777638901,0.5213333333333333,6000,2000
24,4,ELIGIBILITY_TRACE_NORM_MATCHED,0.508441593093902,0.5011666666666666,6000,2000
24,4,NO_TRACE,0.5012900854898218,0.49683333333333335,6000,2000
24,16,EXACT_REPLAY,0.5492190580316196,0.521,6000,2000
24,16,ELIGIBILITY_TRACE_NORM_MATCHED,0.5044852970760562,0.49766666666666665,6000,2000
24,16,NO_TRACE,0.4979664434753991,0.4955,6000,2000
24,64,EXACT_REPLAY,0.549227941545599,0.5203333333333333,6000,2000
24,64,ELIGIBILITY_TRACE_NORM_MATCHED,0.5010310763013432,0.49683333333333335,6000,2000
24,64,NO_TRACE,0.4988292095924125,0.49816666666666665,6000,2000
25,1,EXACT_REPLAY,0.5438889682219353,0.5131666666666667,6000,2000
25,1,ELIGIBILITY_TRACE_NORM_MATCHED,0.5083099070331978,0.4925,6000,2000
25,1,NO_TRACE,0.49890907410410845,0.486,6000,2000
25,4,EXACT_REPLAY,0.5438889682219353,0.5131666666666667,6000,2000
25,4,ELIGIBILITY_TRACE_NORM_MATCHED,0.507296564123597,0.49133333333333334,6000,2000
25,4,NO_TRACE,0.50059655711217,0.48733333333333334,6000,2000
25,16,EXACT_REPLAY,0.5439112402221694,0.513,6000,2000
25,16,ELIGIBILITY_TRACE_NORM_MATCHED,0.503447265377725,0.48833333333333334,6000,2000
25,16,NO_TRACE,0.5020887316145586,0.4881666666666667,6000,2000
25,64,EXACT_REPLAY,0.5438650026172206,0.5126666666666667,6000,2000
25,64,ELIGIBILITY_TRACE_NORM_MATCHED,0.5005254985667457,0.48683333333333334,6000,2000
25,64,NO_TRACE,0.5012724537487607,0.48683333333333334,6000,2000
26,1,EXACT_REPLAY,0.5350142122356535,0.519,6000,2000
26,1,ELIGIBILITY_TRACE_NORM_MATCHED,0.5133792651449691,0.5051666666666667,6000,2000
26,1,NO_TRACE,0.5009127569602254,0.5018333333333334,6000,2000
26,4,EXACT_REPLAY,0.5349997457916352,0.519,6000,2000
26,4,ELIGIBILITY_TRACE_NORM_MATCHED,0.5126452349060554,0.5051666666666667,6000,2000
26,4,NO_TRACE,0.502907714335322,0.5028333333333334,6000,2000
26,16,EXACT_REPLAY,0.5352306340644962,0.5185,6000,2000
26,16,ELIGIBILITY_TRACE_NORM_MATCHED,0.5132653198965144,0.5063333333333333,6000,2000
26,16,NO_TRACE,0.5045797611719252,0.502,6000,2000
26,64,EXACT_REPLAY,0.5353308218243201,0.5181666666666667,6000,2000
26,64,ELIGIBILITY_TRACE_NORM_MATCHED,0.5083340911029377,0.5053333333333333,6000,2000
26,64,NO_TRACE,0.5047963095151469,0.5053333333333333,6000,2000
27,1,EXACT_REPLAY,0.5483342551672574,0.5308333333333334,6000,2000
27,1,ELIGIBILITY_TRACE_NORM_MATCHED,0.514743758060456,0.5095,6000,2000
27,1,NO_TRACE,0.5049565827085372,0.5036666666666667,6000,2000
27,4,EXACT_REPLAY,0.5483342551672574,0.5308333333333334,6000,2000
27,4,ELIGIBILITY_TRACE_NORM_MATCHED,0.5168859339274102,0.5108333333333334,6000,2000
27,4,NO_TRACE,0.5053489902159264,0.5043333333333333,6000,2000
27,16,EXACT_REPLAY,0.5483342551672574,0.5303333333333333,6000,2000
27,16,ELIGIBILITY_TRACE_NORM_MATCHED,0.5150578904653202,0.509,6000,2000
27,16,NO_TRACE,0.5094368471663293,0.5061666666666667,6000,2000
27,64,EXACT_REPLAY,0.5483583521891988,0.53,6000,2000
27,64,ELIGIBILITY_TRACE_NORM_MATCHED,0.5111109082724768,0.5073333333333333,6000,2000
27,64,NO_TRACE,0.5101033964965908,0.506,6000,2000
28,1,EXACT_REPLAY,0.55393263158391,0.531,6000,2000
28,1,ELIGIBILITY_TRACE_NORM_MATCHED,0.5127614269784769,0.5085,6000,2000
28,1,NO_TRACE,0.5037723410905641,0.506,6000,2000
28,4,EXACT_REPLAY,0.5539121184971905,0.5313333333333333,6000,2000
28,4,ELIGIBILITY_TRACE_NORM_MATCHED,0.5109168442730394,0.5093333333333333,6000,2000
28,4,NO_TRACE,0.502637764642343,0.5078333333333334,6000,2000
28,16,EXACT_REPLAY,0.5539285713390258,0.5313333333333333,6000,2000
28,16,ELIGIBILITY_TRACE_NORM_MATCHED,0.5115251268560912,0.5071666666666667,6000,2000
28,16,NO_TRACE,0.5024892362284666,0.5048333333333334,6000,2000
28,64,EXACT_REPLAY,0.553950016528008,0.5305,6000,2000
28,64,ELIGIBILITY_TRACE_NORM_MATCHED,0.5051666325779651,0.5053333333333333,6000,2000
28,64,NO_TRACE,0.5020571959244627,0.5045,6000,2000
29,1,EXACT_REPLAY,0.5596364332959123,0.5201666666666667,6000,2000
29,1,ELIGIBILITY_TRACE_NORM_MATCHED,0.516891070688912,0.49783333333333335,6000,2000
29,1,NO_TRACE,0.5069610504158039,0.494,6000,2000
29,4,EXACT_REPLAY,0.5596364039390327,0.5206666666666667,6000,2000
29,4,ELIGIBILITY_TRACE_NORM_MATCHED,0.5171140456375088,0.4995,6000,2000
29,4,NO_TRACE,0.5052149556402484,0.49466666666666664,6000,2000
29,16,EXACT_REPLAY,0.5596171082673473,0.52,6000,2000
29,16,ELIGIBILITY_TRACE_NORM_MATCHED,0.5147846137682931,0.4985,6000,2000
29,16,NO_TRACE,0.5114013456321632,0.49683333333333335,6000,2000
29,64,EXACT_REPLAY,0.5595314863073658,0.52,6000,2000
29,64,ELIGIBILITY_TRACE_NORM_MATCHED,0.5098387354908815,0.49533333333333335,6000,2000
29,64,NO_TRACE,0.5055330549908547,0.4935,6000,2000
