seed,interaction
0,0.09184881133095439
1,0.1334833632683758
2,0.07243957465493292
3,0.14582593435711383
4,0.08139758557102628
5,0.09238612971213996
6,0.10963388218993987
7,0.14238343492636327
8,0.09670536041416383
9,0.126488484495534
10,0.09525180040220742
11,0.08554406894309505
12,0.10672884318471894
13,0.15357883105627573
14,0.11677344785240235
15,0.12105271338015634
16,0.1273216679595625
17,0.12116526083043992
18,0.12171865862334814
19,0.11562786985547185
20,0.10039226576144054
21,0.12178780174323166
22,0.10209284370311557
23,0.10616325863433007
24,0.13242709452054702
25,0.11900914590838603
26,0.11363072613843624
27,0.07531385406599166
28,0.10124299164201173
29,0.14371672980882833
