seed,horizon64_minus_horizon1
0,0.19244444444444445
1,0.1731111111111111
2,0.1678888888888889
3,0.14644444444444443
4,0.2058888888888889
5,0.20800000000000005
6,0.19544444444444442
7,0.177
8,0.23144444444444445
9,0.20688888888888887
10,0.19366666666666668
11,0.18533333333333332
12,0.16011111111111112
13,0.18544444444444444
14,0.13699999999999998
15,0.1841111111111111
16,0.2182222222222222
17,0.20611111111111108
18,0.2028888888888889
19,0.15866666666666665
20,0.2028888888888889
21,0.19433333333333333
22,0.18666666666666668
23,0.20700000000000002
24,0.21722222222222223
25,0.16244444444444447
26,0.14777777777777779
27,0.1728888888888889
28,0.20022222222222227
29,0.19744444444444442
