rho,seed,delay,arm,horizon,accuracy,history_float_values,n_train,n_test
0.0,0,4,HORIZON_1,1,0.249,0,3000,1000
0.0,0,4,HORIZON_4,4,0.276,256,3000,1000
0.0,0,4,HORIZON_16,16,0.605,1024,3000,1000
0.0,0,4,HORIZON_64,64,0.548,4096,3000,1000
0.0,0,4,EXACT_REPLAY,,0.698,256,3000,1000
0.0,0,16,HORIZON_1,1,0.245,0,3000,1000
0.0,0,16,HORIZON_4,4,0.346,256,3000,1000
0.0,0,16,HORIZON_16,16,0.262,1024,3000,1000
0.0,0,16,HORIZON_64,64,0.501,4096,3000,1000
0.0,0,16,EXACT_REPLAY,,0.698,1024,3000,1000
0.0,0,64,HORIZON_1,1,0.233,0,3000,1000
0.0,0,64,HORIZON_4,4,0.241,256,3000,1000
0.0,0,64,HORIZON_16,16,0.261,1024,3000,1000
0.0,0,64,HORIZON_64,64,0.242,4096,3000,1000
0.0,0,64,EXACT_REPLAY,,0.697,4096,3000,1000
0.0,1,4,HORIZON_1,1,0.391,0,3000,1000
0.0,1,4,HORIZON_4,4,0.371,256,3000,1000
0.0,1,4,HORIZON_16,16,0.67,1024,3000,1000
0.0,1,4,HORIZON_64,64,0.631,4096,3000,1000
0.0,1,4,EXACT_REPLAY,,0.742,256,3000,1000
0.0,1,16,HORIZON_1,1,0.27,0,3000,1000
0.0,1,16,HORIZON_4,4,0.188,256,3000,1000
0.0,1,16,HORIZON_16,16,0.339,1024,3000,1000
0.0,1,16,HORIZON_64,64,0.583,4096,3000,1000
0.0,1,16,EXACT_REPLAY,,0.743,1024,3000,1000
0.0,1,64,HORIZON_1,1,0.215,0,3000,1000
0.0,1,64,HORIZON_4,4,0.223,256,3000,1000
0.0,1,64,HORIZON_16,16,0.261,1024,3000,1000
0.0,1,64,HORIZON_64,64,0.269,4096,3000,1000
0.0,1,64,EXACT_REPLAY,,0.743,4096,3000,1000
0.0,2,4,HORIZON_1,1,0.238,0,3000,1000
0.0,2,4,HORIZON_4,4,0.241,256,3000,1000
0.0,2,4,HORIZON_16,16,0.69,1024,3000,1000
0.0,2,4,HORIZON_64,64,0.647,4096,3000,1000
0.0,2,4,EXACT_REPLAY,,0.775,256,3000,1000
0.0,2,16,HORIZON_1,1,0.313,0,3000,1000
0.0,2,16,HORIZON_4,4,0.333,256,3000,1000
0.0,2,16,HORIZON_16,16,0.258,1024,3000,1000
0.0,2,16,HORIZON_64,64,0.593,4096,3000,1000
0.0,2,16,EXACT_REPLAY,,0.775,1024,3000,1000
0.0,2,64,HORIZON_1,1,0.262,0,3000,1000
0.0,2,64,HORIZON_4,4,0.218,256,3000,1000
0.0,2,64,HORIZON_16,16,0.262,1024,3000,1000
0.0,2,64,HORIZON_64,64,0.247,4096,3000,1000
0.0,2,64,EXACT_REPLAY,,0.775,4096,3000,1000
0.0,3,4,HORIZON_1,1,0.276,0,3000,1000
0.0,3,4,HORIZON_4,4,0.273,256,3000,1000
0.0,3,4,HORIZON_16,16,0.645,1024,3000,1000
0.0,3,4,HORIZON_64,64,0.563,4096,3000,1000
0.0,3,4,EXACT_REPLAY,,0.736,256,3000,1000
0.0,3,16,HORIZON_1,1,0.297,0,3000,1000
0.0,3,16,HORIZON_4,4,0.249,256,3000,1000
0.0,3,16,HORIZON_16,16,0.304,1024,3000,1000
0.0,3,16,HORIZON_64,64,0.538,4096,3000,1000
0.0,3,16,EXACT_REPLAY,,0.736,1024,3000,1000
0.0,3,64,HORIZON_1,1,0.289,0,3000,1000
0.0,3,64,HORIZON_4,4,0.204,256,3000,1000
0.0,3,64,HORIZON_16,16,0.224,1024,3000,1000
0.0,3,64,HORIZON_64,64,0.258,4096,3000,1000
0.0,3,64,EXACT_REPLAY,,0.736,4096,3000,1000
0.0,4,4,HORIZON_1,1,0.271,0,3000,1000
0.0,4,4,HORIZON_4,4,0.319,256,3000,1000
0.0,4,4,HORIZON_16,16,0.683,1024,3000,1000
0.0,4,4,HORIZON_64,64,0.637,4096,3000,1000
0.0,4,4,EXACT_REPLAY,,0.773,256,3000,1000
0.0,4,16,HORIZON_1,1,0.158,0,3000,1000
0.0,4,16,HORIZON_4,4,0.19,256,3000,1000
0.0,4,16,HORIZON_16,16,0.255,1024,3000,1000
0.0,4,16,HORIZON_64,64,0.646,4096,3000,1000
0.0,4,16,EXACT_REPLAY,,0.773,1024,3000,1000
0.0,4,64,HORIZON_1,1,0.206,0,3000,1000
0.0,4,64,HORIZON_4,4,0.21,256,3000,1000
0.0,4,64,HORIZON_16,16,0.215,1024,3000,1000
0.0,4,64,HORIZON_64,64,0.185,4096,3000,1000
0.0,4,64,EXACT_REPLAY,,0.772,4096,3000,1000
0.0,5,4,HORIZON_1,1,0.208,0,3000,1000
0.0,5,4,HORIZON_4,4,0.247,256,3000,1000
0.0,5,4,HORIZON_16,16,0.657,1024,3000,1000
0.0,5,4,HORIZON_64,64,0.593,4096,3000,1000
0.0,5,4,EXACT_REPLAY,,0.758,256,3000,1000
0.0,5,16,HORIZON_1,1,0.209,0,3000,1000
0.0,5,16,HORIZON_4,4,0.254,256,3000,1000
0.0,5,16,HORIZON_16,16,0.235,1024,3000,1000
0.0,5,16,HORIZON_64,64,0.521,4096,3000,1000
0.0,5,16,EXACT_REPLAY,,0.758,1024,3000,1000
0.0,5,64,HORIZON_1,1,0.214,0,3000,1000
0.0,5,64,HORIZON_4,4,0.195,256,3000,1000
0.0,5,64,HORIZON_16,16,0.247,1024,3000,1000
0.0,5,64,HORIZON_64,64,0.286,4096,3000,1000
0.0,5,64,EXACT_REPLAY,,0.758,4096,3000,1000
0.0,6,4,HORIZON_1,1,0.258,0,3000,1000
0.0,6,4,HORIZON_4,4,0.205,256,3000,1000
0.0,6,4,HORIZON_16,16,0.712,1024,3000,1000
0.0,6,4,HORIZON_64,64,0.692,4096,3000,1000
0.0,6,4,EXACT_REPLAY,,0.79,256,3000,1000
0.0,6,16,HORIZON_1,1,0.158,0,3000,1000
0.0,6,16,HORIZON_4,4,0.208,256,3000,1000
0.0,6,16,HORIZON_16,16,0.183,1024,3000,1000
0.0,6,16,HORIZON_64,64,0.588,4096,3000,1000
0.0,6,16,EXACT_REPLAY,,0.79,1024,3000,1000
0.0,6,64,HORIZON_1,1,0.237,0,3000,1000
0.0,6,64,HORIZON_4,4,0.226,256,3000,1000
0.0,6,64,HORIZON_16,16,0.23,1024,3000,1000
0.0,6,64,HORIZON_64,64,0.182,4096,3000,1000
0.0,6,64,EXACT_REPLAY,,0.789,4096,3000,1000
0.0,7,4,HORIZON_1,1,0.327,0,3000,1000
0.0,7,4,HORIZON_4,4,0.259,256,3000,1000
0.0,7,4,HORIZON_16,16,0.712,1024,3000,1000
0.0,7,4,HORIZON_64,64,0.682,4096,3000,1000
0.0,7,4,EXACT_REPLAY,,0.757,256,3000,1000
0.0,7,16,HORIZON_1,1,0.291,0,3000,1000
0.0,7,16,HORIZON_4,4,0.245,256,3000,1000
0.0,7,16,HORIZON_16,16,0.323,1024,3000,1000
0.0,7,16,HORIZON_64,64,0.652,4096,3000,1000
0.0,7,16,EXACT_REPLAY,,0.756,1024,3000,1000
0.0,7,64,HORIZON_1,1,0.295,0,3000,1000
0.0,7,64,HORIZON_4,4,0.207,256,3000,1000
0.0,7,64,HORIZON_16,16,0.249,1024,3000,1000
0.0,7,64,HORIZON_64,64,0.268,4096,3000,1000
0.0,7,64,EXACT_REPLAY,,0.754,4096,3000,1000
0.0,8,4,HORIZON_1,1,0.31,0,3000,1000
0.0,8,4,HORIZON_4,4,0.305,256,3000,1000
0.0,8,4,HORIZON_16,16,0.713,1024,3000,1000
0.0,8,4,HORIZON_64,64,0.676,4096,3000,1000
0.0,8,4,EXACT_REPLAY,,0.778,256,3000,1000
0.0,8,16,HORIZON_1,1,0.179,0,3000,1000
0.0,8,16,HORIZON_4,4,0.245,256,3000,1000
0.0,8,16,HORIZON_16,16,0.328,1024,3000,1000
0.0,8,16,HORIZON_64,64,0.646,4096,3000,1000
0.0,8,16,EXACT_REPLAY,,0.778,1024,3000,1000
0.0,8,64,HORIZON_1,1,0.338,0,3000,1000
0.0,8,64,HORIZON_4,4,0.273,256,3000,1000
0.0,8,64,HORIZON_16,16,0.34,1024,3000,1000
0.0,8,64,HORIZON_64,64,0.345,4096,3000,1000
0.0,8,64,EXACT_REPLAY,,0.778,4096,3000,1000
0.0,9,4,HORIZON_1,1,0.256,0,3000,1000
0.0,9,4,HORIZON_4,4,0.247,256,3000,1000
0.0,9,4,HORIZON_16,16,0.711,1024,3000,1000
0.0,9,4,HORIZON_64,64,0.628,4096,3000,1000
0.0,9,4,EXACT_REPLAY,,0.757,256,3000,1000
0.0,9,16,HORIZON_1,1,0.203,0,3000,1000
0.0,9,16,HORIZON_4,4,0.256,256,3000,1000
0.0,9,16,HORIZON_16,16,0.29,1024,3000,1000
0.0,9,16,HORIZON_64,64,0.604,4096,3000,1000
0.0,9,16,EXACT_REPLAY,,0.757,1024,3000,1000
0.0,9,64,HORIZON_1,1,0.316,0,3000,1000
0.0,9,64,HORIZON_4,4,0.325,256,3000,1000
0.0,9,64,HORIZON_16,16,0.327,1024,3000,1000
0.0,9,64,HORIZON_64,64,0.328,4096,3000,1000
0.0,9,64,EXACT_REPLAY,,0.756,4096,3000,1000
0.0,10,4,HORIZON_1,1,0.243,0,3000,1000
0.0,10,4,HORIZON_4,4,0.221,256,3000,1000
0.0,10,4,HORIZON_16,16,0.701,1024,3000,1000
0.0,10,4,HORIZON_64,64,0.588,4096,3000,1000
0.0,10,4,EXACT_REPLAY,,0.794,256,3000,1000
0.0,10,16,HORIZON_1,1,0.29,0,3000,1000
0.0,10,16,HORIZON_4,4,0.369,256,3000,1000
0.0,10,16,HORIZON_16,16,0.229,1024,3000,1000
0.0,10,16,HORIZON_64,64,0.524,4096,3000,1000
0.0,10,16,EXACT_REPLAY,,0.794,1024,3000,1000
0.0,10,64,HORIZON_1,1,0.161,0,3000,1000
0.0,10,64,HORIZON_4,4,0.226,256,3000,1000
0.0,10,64,HORIZON_16,16,0.241,1024,3000,1000
0.0,10,64,HORIZON_64,64,0.297,4096,3000,1000
0.0,10,64,EXACT_REPLAY,,0.794,4096,3000,1000
0.0,11,4,HORIZON_1,1,0.312,0,3000,1000
0.0,11,4,HORIZON_4,4,0.277,256,3000,1000
0.0,11,4,HORIZON_16,16,0.658,1024,3000,1000
0.0,11,4,HORIZON_64,64,0.617,4096,3000,1000
0.0,11,4,EXACT_REPLAY,,0.764,256,3000,1000
0.0,11,16,HORIZON_1,1,0.261,0,3000,1000
0.0,11,16,HORIZON_4,4,0.357,256,3000,1000
0.0,11,16,HORIZON_16,16,0.306,1024,3000,1000
0.0,11,16,HORIZON_64,64,0.571,4096,3000,1000
0.0,11,16,EXACT_REPLAY,,0.764,1024,3000,1000
0.0,11,64,HORIZON_1,1,0.263,0,3000,1000
0.0,11,64,HORIZON_4,4,0.301,256,3000,1000
0.0,11,64,HORIZON_16,16,0.259,1024,3000,1000
0.0,11,64,HORIZON_64,64,0.308,4096,3000,1000
0.0,11,64,EXACT_REPLAY,,0.762,4096,3000,1000
0.0,12,4,HORIZON_1,1,0.111,0,3000,1000
0.0,12,4,HORIZON_4,4,0.139,256,3000,1000
0.0,12,4,HORIZON_16,16,0.653,1024,3000,1000
0.0,12,4,HORIZON_64,64,0.618,4096,3000,1000
0.0,12,4,EXACT_REPLAY,,0.789,256,3000,1000
0.0,12,16,HORIZON_1,1,0.296,0,3000,1000
0.0,12,16,HORIZON_4,4,0.248,256,3000,1000
0.0,12,16,HORIZON_16,16,0.131,1024,3000,1000
0.0,12,16,HORIZON_64,64,0.526,4096,3000,1000
0.0,12,16,EXACT_REPLAY,,0.789,1024,3000,1000
0.0,12,64,HORIZON_1,1,0.222,0,3000,1000
0.0,12,64,HORIZON_4,4,0.198,256,3000,1000
0.0,12,64,HORIZON_16,16,0.316,1024,3000,1000
0.0,12,64,HORIZON_64,64,0.254,4096,3000,1000
0.0,12,64,EXACT_REPLAY,,0.789,4096,3000,1000
0.0,13,4,HORIZON_1,1,0.227,0,3000,1000
0.0,13,4,HORIZON_4,4,0.282,256,3000,1000
0.0,13,4,HORIZON_16,16,0.668,1024,3000,1000
0.0,13,4,HORIZON_64,64,0.63,4096,3000,1000
0.0,13,4,EXACT_REPLAY,,0.751,256,3000,1000
0.0,13,16,HORIZON_1,1,0.272,0,3000,1000
0.0,13,16,HORIZON_4,4,0.266,256,3000,1000
0.0,13,16,HORIZON_16,16,0.244,1024,3000,1000
0.0,13,16,HORIZON_64,64,0.58,4096,3000,1000
0.0,13,16,EXACT_REPLAY,,0.751,1024,3000,1000
0.0,13,64,HORIZON_1,1,0.267,0,3000,1000
0.0,13,64,HORIZON_4,4,0.204,256,3000,1000
0.0,13,64,HORIZON_16,16,0.228,1024,3000,1000
0.0,13,64,HORIZON_64,64,0.264,4096,3000,1000
0.0,13,64,EXACT_REPLAY,,0.75,4096,3000,1000
0.0,14,4,HORIZON_1,1,0.313,0,3000,1000
0.0,14,4,HORIZON_4,4,0.315,256,3000,1000
0.0,14,4,HORIZON_16,16,0.679,1024,3000,1000
0.0,14,4,HORIZON_64,64,0.596,4096,3000,1000
0.0,14,4,EXACT_REPLAY,,0.744,256,3000,1000
0.0,14,16,HORIZON_1,1,0.305,0,3000,1000
0.0,14,16,HORIZON_4,4,0.355,256,3000,1000
0.0,14,16,HORIZON_16,16,0.279,1024,3000,1000
0.0,14,16,HORIZON_64,64,0.586,4096,3000,1000
0.0,14,16,EXACT_REPLAY,,0.744,1024,3000,1000
0.0,14,64,HORIZON_1,1,0.346,0,3000,1000
0.0,14,64,HORIZON_4,4,0.272,256,3000,1000
0.0,14,64,HORIZON_16,16,0.25,1024,3000,1000
0.0,14,64,HORIZON_64,64,0.268,4096,3000,1000
0.0,14,64,EXACT_REPLAY,,0.744,4096,3000,1000
0.0,15,4,HORIZON_1,1,0.319,0,3000,1000
0.0,15,4,HORIZON_4,4,0.325,256,3000,1000
0.0,15,4,HORIZON_16,16,0.69,1024,3000,1000
0.0,15,4,HORIZON_64,64,0.652,4096,3000,1000
0.0,15,4,EXACT_REPLAY,,0.772,256,3000,1000
0.0,15,16,HORIZON_1,1,0.219,0,3000,1000
0.0,15,16,HORIZON_4,4,0.236,256,3000,1000
0.0,15,16,HORIZON_16,16,0.231,1024,3000,1000
0.0,15,16,HORIZON_64,64,0.568,4096,3000,1000
0.0,15,16,EXACT_REPLAY,,0.771,1024,3000,1000
0.0,15,64,HORIZON_1,1,0.19,0,3000,1000
0.0,15,64,HORIZON_4,4,0.309,256,3000,1000
0.0,15,64,HORIZON_16,16,0.33,1024,3000,1000
0.0,15,64,HORIZON_64,64,0.355,4096,3000,1000
0.0,15,64,EXACT_REPLAY,,0.77,4096,3000,1000
0.0,16,4,HORIZON_1,1,0.185,0,3000,1000
0.0,16,4,HORIZON_4,4,0.214,256,3000,1000
0.0,16,4,HORIZON_16,16,0.733,1024,3000,1000
0.0,16,4,HORIZON_64,64,0.664,4096,3000,1000
0.0,16,4,EXACT_REPLAY,,0.767,256,3000,1000
0.0,16,16,HORIZON_1,1,0.212,0,3000,1000
0.0,16,16,HORIZON_4,4,0.175,256,3000,1000
0.0,16,16,HORIZON_16,16,0.171,1024,3000,1000
0.0,16,16,HORIZON_64,64,0.57,4096,3000,1000
0.0,16,16,EXACT_REPLAY,,0.767,1024,3000,1000
0.0,16,64,HORIZON_1,1,0.203,0,3000,1000
0.0,16,64,HORIZON_4,4,0.273,256,3000,1000
0.0,16,64,HORIZON_16,16,0.308,1024,3000,1000
0.0,16,64,HORIZON_64,64,0.242,4096,3000,1000
0.0,16,64,EXACT_REPLAY,,0.767,4096,3000,1000
0.0,17,4,HORIZON_1,1,0.21,0,3000,1000
0.0,17,4,HORIZON_4,4,0.225,256,3000,1000
0.0,17,4,HORIZON_16,16,0.679,1024,3000,1000
0.0,17,4,HORIZON_64,64,0.608,4096,3000,1000
0.0,17,4,EXACT_REPLAY,,0.767,256,3000,1000
0.0,17,16,HORIZON_1,1,0.25,0,3000,1000
0.0,17,16,HORIZON_4,4,0.236,256,3000,1000
0.0,17,16,HORIZON_16,16,0.203,1024,3000,1000
0.0,17,16,HORIZON_64,64,0.534,4096,3000,1000
0.0,17,16,EXACT_REPLAY,,0.767,1024,3000,1000
0.0,17,64,HORIZON_1,1,0.278,0,3000,1000
0.0,17,64,HORIZON_4,4,0.351,256,3000,1000
0.0,17,64,HORIZON_16,16,0.36,1024,3000,1000
0.0,17,64,HORIZON_64,64,0.308,4096,3000,1000
0.0,17,64,EXACT_REPLAY,,0.764,4096,3000,1000
0.0,18,4,HORIZON_1,1,0.181,0,3000,1000
0.0,18,4,HORIZON_4,4,0.234,256,3000,1000
0.0,18,4,HORIZON_16,16,0.691,1024,3000,1000
0.0,18,4,HORIZON_64,64,0.581,4096,3000,1000
0.0,18,4,EXACT_REPLAY,,0.78,256,3000,1000
0.0,18,16,HORIZON_1,1,0.2,0,3000,1000
0.0,18,16,HORIZON_4,4,0.249,256,3000,1000
0.0,18,16,HORIZON_16,16,0.31,1024,3000,1000
0.0,18,16,HORIZON_64,64,0.567,4096,3000,1000
0.0,18,16,EXACT_REPLAY,,0.78,1024,3000,1000
0.0,18,64,HORIZON_1,1,0.196,0,3000,1000
0.0,18,64,HORIZON_4,4,0.225,256,3000,1000
0.0,18,64,HORIZON_16,16,0.276,1024,3000,1000
0.0,18,64,HORIZON_64,64,0.26,4096,3000,1000
0.0,18,64,EXACT_REPLAY,,0.78,4096,3000,1000
0.0,19,4,HORIZON_1,1,0.268,0,3000,1000
0.0,19,4,HORIZON_4,4,0.172,256,3000,1000
0.0,19,4,HORIZON_16,16,0.68,1024,3000,1000
0.0,19,4,HORIZON_64,64,0.605,4096,3000,1000
0.0,19,4,EXACT_REPLAY,,0.76,256,3000,1000
0.0,19,16,HORIZON_1,1,0.25,0,3000,1000
0.0,19,16,HORIZON_4,4,0.21,256,3000,1000
0.0,19,16,HORIZON_16,16,0.221,1024,3000,1000
0.0,19,16,HORIZON_64,64,0.563,4096,3000,1000
0.0,19,16,EXACT_REPLAY,,0.76,1024,3000,1000
0.0,19,64,HORIZON_1,1,0.3,0,3000,1000
0.0,19,64,HORIZON_4,4,0.293,256,3000,1000
0.0,19,64,HORIZON_16,16,0.172,1024,3000,1000
0.0,19,64,HORIZON_64,64,0.198,4096,3000,1000
0.0,19,64,EXACT_REPLAY,,0.76,4096,3000,1000
0.0,20,4,HORIZON_1,1,0.204,0,3000,1000
0.0,20,4,HORIZON_4,4,0.202,256,3000,1000
0.0,20,4,HORIZON_16,16,0.659,1024,3000,1000
0.0,20,4,HORIZON_64,64,0.651,4096,3000,1000
0.0,20,4,EXACT_REPLAY,,0.817,256,3000,1000
0.0,20,16,HORIZON_1,1,0.329,0,3000,1000
0.0,20,16,HORIZON_4,4,0.273,256,3000,1000
0.0,20,16,HORIZON_16,16,0.207,1024,3000,1000
0.0,20,16,HORIZON_64,64,0.559,4096,3000,1000
0.0,20,16,EXACT_REPLAY,,0.817,1024,3000,1000
0.0,20,64,HORIZON_1,1,0.154,0,3000,1000
0.0,20,64,HORIZON_4,4,0.238,256,3000,1000
0.0,20,64,HORIZON_16,16,0.307,1024,3000,1000
0.0,20,64,HORIZON_64,64,0.25,4096,3000,1000
0.0,20,64,EXACT_REPLAY,,0.817,4096,3000,1000
0.0,21,4,HORIZON_1,1,0.253,0,3000,1000
0.0,21,4,HORIZON_4,4,0.243,256,3000,1000
0.0,21,4,HORIZON_16,16,0.696,1024,3000,1000
0.0,21,4,HORIZON_64,64,0.646,4096,3000,1000
0.0,21,4,EXACT_REPLAY,,0.787,256,3000,1000
0.0,21,16,HORIZON_1,1,0.212,0,3000,1000
0.0,21,16,HORIZON_4,4,0.269,256,3000,1000
0.0,21,16,HORIZON_16,16,0.217,1024,3000,1000
0.0,21,16,HORIZON_64,64,0.581,4096,3000,1000
0.0,21,16,EXACT_REPLAY,,0.787,1024,3000,1000
0.0,21,64,HORIZON_1,1,0.32,0,3000,1000
0.0,21,64,HORIZON_4,4,0.326,256,3000,1000
0.0,21,64,HORIZON_16,16,0.392,1024,3000,1000
0.0,21,64,HORIZON_64,64,0.339,4096,3000,1000
0.0,21,64,EXACT_REPLAY,,0.786,4096,3000,1000
0.0,22,4,HORIZON_1,1,0.257,0,3000,1000
0.0,22,4,HORIZON_4,4,0.239,256,3000,1000
0.0,22,4,HORIZON_16,16,0.71,1024,3000,1000
0.0,22,4,HORIZON_64,64,0.66,4096,3000,1000
0.0,22,4,EXACT_REPLAY,,0.771,256,3000,1000
0.0,22,16,HORIZON_1,1,0.257,0,3000,1000
0.0,22,16,HORIZON_4,4,0.27,256,3000,1000
0.0,22,16,HORIZON_16,16,0.29,1024,3000,1000
0.0,22,16,HORIZON_64,64,0.637,4096,3000,1000
0.0,22,16,EXACT_REPLAY,,0.77,1024,3000,1000
0.0,22,64,HORIZON_1,1,0.221,0,3000,1000
0.0,22,64,HORIZON_4,4,0.265,256,3000,1000
0.0,22,64,HORIZON_16,16,0.279,1024,3000,1000
0.0,22,64,HORIZON_64,64,0.254,4096,3000,1000
0.0,22,64,EXACT_REPLAY,,0.77,4096,3000,1000
0.0,23,4,HORIZON_1,1,0.252,0,3000,1000
0.0,23,4,HORIZON_4,4,0.181,256,3000,1000
0.0,23,4,HORIZON_16,16,0.66,1024,3000,1000
0.0,23,4,HORIZON_64,64,0.612,4096,3000,1000
0.0,23,4,EXACT_REPLAY,,0.78,256,3000,1000
0.0,23,16,HORIZON_1,1,0.228,0,3000,1000
0.0,23,16,HORIZON_4,4,0.191,256,3000,1000
0.0,23,16,HORIZON_16,16,0.178,1024,3000,1000
0.0,23,16,HORIZON_64,64,0.564,4096,3000,1000
0.0,23,16,EXACT_REPLAY,,0.78,1024,3000,1000
0.0,23,64,HORIZON_1,1,0.225,0,3000,1000
0.0,23,64,HORIZON_4,4,0.282,256,3000,1000
0.0,23,64,HORIZON_16,16,0.244,1024,3000,1000
0.0,23,64,HORIZON_64,64,0.237,4096,3000,1000
0.0,23,64,EXACT_REPLAY,,0.78,4096,3000,1000
0.0,24,4,HORIZON_1,1,0.217,0,3000,1000
0.0,24,4,HORIZON_4,4,0.216,256,3000,1000
0.0,24,4,HORIZON_16,16,0.665,1024,3000,1000
0.0,24,4,HORIZON_64,64,0.621,4096,3000,1000
0.0,24,4,EXACT_REPLAY,,0.761,256,3000,1000
0.0,24,16,HORIZON_1,1,0.281,0,3000,1000
0.0,24,16,HORIZON_4,4,0.186,256,3000,1000
0.0,24,16,HORIZON_16,16,0.187,1024,3000,1000
0.0,24,16,HORIZON_64,64,0.58,4096,3000,1000
0.0,24,16,EXACT_REPLAY,,0.761,1024,3000,1000
0.0,24,64,HORIZON_1,1,0.22,0,3000,1000
0.0,24,64,HORIZON_4,4,0.297,256,3000,1000
0.0,24,64,HORIZON_16,16,0.281,1024,3000,1000
0.0,24,64,HORIZON_64,64,0.264,4096,3000,1000
0.0,24,64,EXACT_REPLAY,,0.761,4096,3000,1000
0.0,25,4,HORIZON_1,1,0.293,0,3000,1000
0.0,25,4,HORIZON_4,4,0.279,256,3000,1000
0.0,25,4,HORIZON_16,16,0.699,1024,3000,1000
0.0,25,4,HORIZON_64,64,0.597,4096,3000,1000
0.0,25,4,EXACT_REPLAY,,0.766,256,3000,1000
0.0,25,16,HORIZON_1,1,0.361,0,3000,1000
0.0,25,16,HORIZON_4,4,0.233,256,3000,1000
0.0,25,16,HORIZON_16,16,0.281,1024,3000,1000
0.0,25,16,HORIZON_64,64,0.558,4096,3000,1000
0.0,25,16,EXACT_REPLAY,,0.765,1024,3000,1000
0.0,25,64,HORIZON_1,1,0.297,0,3000,1000
0.0,25,64,HORIZON_4,4,0.291,256,3000,1000
0.0,25,64,HORIZON_16,16,0.313,1024,3000,1000
0.0,25,64,HORIZON_64,64,0.28,4096,3000,1000
0.0,25,64,EXACT_REPLAY,,0.765,4096,3000,1000
0.0,26,4,HORIZON_1,1,0.242,0,3000,1000
0.0,26,4,HORIZON_4,4,0.236,256,3000,1000
0.0,26,4,HORIZON_16,16,0.661,1024,3000,1000
0.0,26,4,HORIZON_64,64,0.577,4096,3000,1000
0.0,26,4,EXACT_REPLAY,,0.754,256,3000,1000
0.0,26,16,HORIZON_1,1,0.257,0,3000,1000
0.0,26,16,HORIZON_4,4,0.173,256,3000,1000
0.0,26,16,HORIZON_16,16,0.204,1024,3000,1000
0.0,26,16,HORIZON_64,64,0.509,4096,3000,1000
0.0,26,16,EXACT_REPLAY,,0.754,1024,3000,1000
0.0,26,64,HORIZON_1,1,0.331,0,3000,1000
0.0,26,64,HORIZON_4,4,0.274,256,3000,1000
0.0,26,64,HORIZON_16,16,0.202,1024,3000,1000
0.0,26,64,HORIZON_64,64,0.218,4096,3000,1000
0.0,26,64,EXACT_REPLAY,,0.753,4096,3000,1000
0.0,27,4,HORIZON_1,1,0.293,0,3000,1000
0.0,27,4,HORIZON_4,4,0.252,256,3000,1000
0.0,27,4,HORIZON_16,16,0.642,1024,3000,1000
0.0,27,4,HORIZON_64,64,0.575,4096,3000,1000
0.0,27,4,EXACT_REPLAY,,0.705,256,3000,1000
0.0,27,16,HORIZON_1,1,0.289,0,3000,1000
0.0,27,16,HORIZON_4,4,0.251,256,3000,1000
0.0,27,16,HORIZON_16,16,0.275,1024,3000,1000
0.0,27,16,HORIZON_64,64,0.54,4096,3000,1000
0.0,27,16,EXACT_REPLAY,,0.704,1024,3000,1000
0.0,27,64,HORIZON_1,1,0.19,0,3000,1000
0.0,27,64,HORIZON_4,4,0.257,256,3000,1000
0.0,27,64,HORIZON_16,16,0.341,1024,3000,1000
0.0,27,64,HORIZON_64,64,0.311,4096,3000,1000
0.0,27,64,EXACT_REPLAY,,0.704,4096,3000,1000
0.0,28,4,HORIZON_1,1,0.235,0,3000,1000
0.0,28,4,HORIZON_4,4,0.273,256,3000,1000
0.0,28,4,HORIZON_16,16,0.68,1024,3000,1000
0.0,28,4,HORIZON_64,64,0.643,4096,3000,1000
0.0,28,4,EXACT_REPLAY,,0.779,256,3000,1000
0.0,28,16,HORIZON_1,1,0.292,0,3000,1000
0.0,28,16,HORIZON_4,4,0.356,256,3000,1000
0.0,28,16,HORIZON_16,16,0.312,1024,3000,1000
0.0,28,16,HORIZON_64,64,0.6,4096,3000,1000
0.0,28,16,EXACT_REPLAY,,0.778,1024,3000,1000
0.0,28,64,HORIZON_1,1,0.301,0,3000,1000
0.0,28,64,HORIZON_4,4,0.287,256,3000,1000
0.0,28,64,HORIZON_16,16,0.324,1024,3000,1000
0.0,28,64,HORIZON_64,64,0.288,4096,3000,1000
0.0,28,64,EXACT_REPLAY,,0.776,4096,3000,1000
0.0,29,4,HORIZON_1,1,0.304,0,3000,1000
0.0,29,4,HORIZON_4,4,0.283,256,3000,1000
0.0,29,4,HORIZON_16,16,0.63,1024,3000,1000
0.0,29,4,HORIZON_64,64,0.589,4096,3000,1000
0.0,29,4,EXACT_REPLAY,,0.722,256,3000,1000
0.0,29,16,HORIZON_1,1,0.3,0,3000,1000
0.0,29,16,HORIZON_4,4,0.32,256,3000,1000
0.0,29,16,HORIZON_16,16,0.277,1024,3000,1000
0.0,29,16,HORIZON_64,64,0.574,4096,3000,1000
0.0,29,16,EXACT_REPLAY,,0.721,1024,3000,1000
0.0,29,64,HORIZON_1,1,0.14,0,3000,1000
0.0,29,64,HORIZON_4,4,0.223,256,3000,1000
0.0,29,64,HORIZON_16,16,0.208,1024,3000,1000
0.0,29,64,HORIZON_64,64,0.262,4096,3000,1000
0.0,29,64,EXACT_REPLAY,,0.721,4096,3000,1000
0.5,0,4,HORIZON_1,1,0.363,0,3000,1000
0.5,0,4,HORIZON_4,4,0.611,256,3000,1000
0.5,0,4,HORIZON_16,16,0.682,1024,3000,1000
0.5,0,4,HORIZON_64,64,0.662,4096,3000,1000
0.5,0,4,EXACT_REPLAY,,0.699,256,3000,1000
0.5,0,16,HORIZON_1,1,0.257,0,3000,1000
0.5,0,16,HORIZON_4,4,0.288,256,3000,1000
0.5,0,16,HORIZON_16,16,0.463,1024,3000,1000
0.5,0,16,HORIZON_64,64,0.62,4096,3000,1000
0.5,0,16,EXACT_REPLAY,,0.698,1024,3000,1000
0.5,0,64,HORIZON_1,1,0.235,0,3000,1000
0.5,0,64,HORIZON_4,4,0.206,256,3000,1000
0.5,0,64,HORIZON_16,16,0.237,1024,3000,1000
0.5,0,64,HORIZON_64,64,0.275,4096,3000,1000
0.5,0,64,EXACT_REPLAY,,0.696,4096,3000,1000
0.5,1,4,HORIZON_1,1,0.418,0,3000,1000
0.5,1,4,HORIZON_4,4,0.636,256,3000,1000
0.5,1,4,HORIZON_16,16,0.683,1024,3000,1000
0.5,1,4,HORIZON_64,64,0.644,4096,3000,1000
0.5,1,4,EXACT_REPLAY,,0.741,256,3000,1000
0.5,1,16,HORIZON_1,1,0.276,0,3000,1000
0.5,1,16,HORIZON_4,4,0.276,256,3000,1000
0.5,1,16,HORIZON_16,16,0.432,1024,3000,1000
0.5,1,16,HORIZON_64,64,0.573,4096,3000,1000
0.5,1,16,EXACT_REPLAY,,0.741,1024,3000,1000
0.5,1,64,HORIZON_1,1,0.172,0,3000,1000
0.5,1,64,HORIZON_4,4,0.14,256,3000,1000
0.5,1,64,HORIZON_16,16,0.192,1024,3000,1000
0.5,1,64,HORIZON_64,64,0.275,4096,3000,1000
0.5,1,64,EXACT_REPLAY,,0.741,4096,3000,1000
0.5,2,4,HORIZON_1,1,0.436,0,3000,1000
0.5,2,4,HORIZON_4,4,0.703,256,3000,1000
0.5,2,4,HORIZON_16,16,0.713,1024,3000,1000
0.5,2,4,HORIZON_64,64,0.646,4096,3000,1000
0.5,2,4,EXACT_REPLAY,,0.758,256,3000,1000
0.5,2,16,HORIZON_1,1,0.283,0,3000,1000
0.5,2,16,HORIZON_4,4,0.294,256,3000,1000
0.5,2,16,HORIZON_16,16,0.527,1024,3000,1000
0.5,2,16,HORIZON_64,64,0.625,4096,3000,1000
0.5,2,16,EXACT_REPLAY,,0.759,1024,3000,1000
0.5,2,64,HORIZON_1,1,0.32,0,3000,1000
0.5,2,64,HORIZON_4,4,0.274,256,3000,1000
0.5,2,64,HORIZON_16,16,0.254,1024,3000,1000
0.5,2,64,HORIZON_64,64,0.379,4096,3000,1000
0.5,2,64,EXACT_REPLAY,,0.759,4096,3000,1000
0.5,3,4,HORIZON_1,1,0.512,0,3000,1000
0.5,3,4,HORIZON_4,4,0.694,256,3000,1000
0.5,3,4,HORIZON_16,16,0.738,1024,3000,1000
0.5,3,4,HORIZON_64,64,0.654,4096,3000,1000
0.5,3,4,EXACT_REPLAY,,0.763,256,3000,1000
0.5,3,16,HORIZON_1,1,0.251,0,3000,1000
0.5,3,16,HORIZON_4,4,0.199,256,3000,1000
0.5,3,16,HORIZON_16,16,0.526,1024,3000,1000
0.5,3,16,HORIZON_64,64,0.609,4096,3000,1000
0.5,3,16,EXACT_REPLAY,,0.763,1024,3000,1000
0.5,3,64,HORIZON_1,1,0.2,0,3000,1000
0.5,3,64,HORIZON_4,4,0.21,256,3000,1000
0.5,3,64,HORIZON_16,16,0.223,1024,3000,1000
0.5,3,64,HORIZON_64,64,0.309,4096,3000,1000
0.5,3,64,EXACT_REPLAY,,0.762,4096,3000,1000
0.5,4,4,HORIZON_1,1,0.493,0,3000,1000
0.5,4,4,HORIZON_4,4,0.696,256,3000,1000
0.5,4,4,HORIZON_16,16,0.721,1024,3000,1000
0.5,4,4,HORIZON_64,64,0.679,4096,3000,1000
0.5,4,4,EXACT_REPLAY,,0.769,256,3000,1000
0.5,4,16,HORIZON_1,1,0.289,0,3000,1000
0.5,4,16,HORIZON_4,4,0.324,256,3000,1000
0.5,4,16,HORIZON_16,16,0.588,1024,3000,1000
0.5,4,16,HORIZON_64,64,0.652,4096,3000,1000
0.5,4,16,EXACT_REPLAY,,0.769,1024,3000,1000
0.5,4,64,HORIZON_1,1,0.159,0,3000,1000
0.5,4,64,HORIZON_4,4,0.194,256,3000,1000
0.5,4,64,HORIZON_16,16,0.259,1024,3000,1000
0.5,4,64,HORIZON_64,64,0.398,4096,3000,1000
0.5,4,64,EXACT_REPLAY,,0.769,4096,3000,1000
0.5,5,4,HORIZON_1,1,0.344,0,3000,1000
0.5,5,4,HORIZON_4,4,0.675,256,3000,1000
0.5,5,4,HORIZON_16,16,0.694,1024,3000,1000
0.5,5,4,HORIZON_64,64,0.654,4096,3000,1000
0.5,5,4,EXACT_REPLAY,,0.761,256,3000,1000
0.5,5,16,HORIZON_1,1,0.306,0,3000,1000
0.5,5,16,HORIZON_4,4,0.31,256,3000,1000
0.5,5,16,HORIZON_16,16,0.544,1024,3000,1000
0.5,5,16,HORIZON_64,64,0.616,4096,3000,1000
0.5,5,16,EXACT_REPLAY,,0.76,1024,3000,1000
0.5,5,64,HORIZON_1,1,0.23,0,3000,1000
0.5,5,64,HORIZON_4,4,0.189,256,3000,1000
0.5,5,64,HORIZON_16,16,0.249,1024,3000,1000
0.5,5,64,HORIZON_64,64,0.377,4096,3000,1000
0.5,5,64,EXACT_REPLAY,,0.759,4096,3000,1000
0.5,6,4,HORIZON_1,1,0.294,0,3000,1000
0.5,6,4,HORIZON_4,4,0.667,256,3000,1000
0.5,6,4,HORIZON_16,16,0.727,1024,3000,1000
0.5,6,4,HORIZON_64,64,0.686,4096,3000,1000
0.5,6,4,EXACT_REPLAY,,0.763,256,3000,1000
0.5,6,16,HORIZON_1,1,0.415,0,3000,1000
0.5,6,16,HORIZON_4,4,0.337,256,3000,1000
0.5,6,16,HORIZON_16,16,0.578,1024,3000,1000
0.5,6,16,HORIZON_64,64,0.695,4096,3000,1000
0.5,6,16,EXACT_REPLAY,,0.763,1024,3000,1000
0.5,6,64,HORIZON_1,1,0.189,0,3000,1000
0.5,6,64,HORIZON_4,4,0.178,256,3000,1000
0.5,6,64,HORIZON_16,16,0.213,1024,3000,1000
0.5,6,64,HORIZON_64,64,0.32,4096,3000,1000
0.5,6,64,EXACT_REPLAY,,0.764,4096,3000,1000
0.5,7,4,HORIZON_1,1,0.346,0,3000,1000
0.5,7,4,HORIZON_4,4,0.652,256,3000,1000
0.5,7,4,HORIZON_16,16,0.699,1024,3000,1000
0.5,7,4,HORIZON_64,64,0.672,4096,3000,1000
0.5,7,4,EXACT_REPLAY,,0.749,256,3000,1000
0.5,7,16,HORIZON_1,1,0.276,0,3000,1000
0.5,7,16,HORIZON_4,4,0.284,256,3000,1000
0.5,7,16,HORIZON_16,16,0.472,1024,3000,1000
0.5,7,16,HORIZON_64,64,0.632,4096,3000,1000
0.5,7,16,EXACT_REPLAY,,0.749,1024,3000,1000
0.5,7,64,HORIZON_1,1,0.285,0,3000,1000
0.5,7,64,HORIZON_4,4,0.256,256,3000,1000
0.5,7,64,HORIZON_16,16,0.272,1024,3000,1000
0.5,7,64,HORIZON_64,64,0.324,4096,3000,1000
0.5,7,64,EXACT_REPLAY,,0.748,4096,3000,1000
0.5,8,4,HORIZON_1,1,0.326,0,3000,1000
0.5,8,4,HORIZON_4,4,0.667,256,3000,1000
0.5,8,4,HORIZON_16,16,0.741,1024,3000,1000
0.5,8,4,HORIZON_64,64,0.703,4096,3000,1000
0.5,8,4,EXACT_REPLAY,,0.798,256,3000,1000
0.5,8,16,HORIZON_1,1,0.278,0,3000,1000
0.5,8,16,HORIZON_4,4,0.267,256,3000,1000
0.5,8,16,HORIZON_16,16,0.431,1024,3000,1000
0.5,8,16,HORIZON_64,64,0.662,4096,3000,1000
0.5,8,16,EXACT_REPLAY,,0.798,1024,3000,1000
0.5,8,64,HORIZON_1,1,0.266,0,3000,1000
0.5,8,64,HORIZON_4,4,0.274,256,3000,1000
0.5,8,64,HORIZON_16,16,0.281,1024,3000,1000
0.5,8,64,HORIZON_64,64,0.373,4096,3000,1000
0.5,8,64,EXACT_REPLAY,,0.798,4096,3000,1000
0.5,9,4,HORIZON_1,1,0.37,0,3000,1000
0.5,9,4,HORIZON_4,4,0.656,256,3000,1000
0.5,9,4,HORIZON_16,16,0.717,1024,3000,1000
0.5,9,4,HORIZON_64,64,0.662,4096,3000,1000
0.5,9,4,EXACT_REPLAY,,0.77,256,3000,1000
0.5,9,16,HORIZON_1,1,0.178,0,3000,1000
0.5,9,16,HORIZON_4,4,0.237,256,3000,1000
0.5,9,16,HORIZON_16,16,0.422,1024,3000,1000
0.5,9,16,HORIZON_64,64,0.629,4096,3000,1000
0.5,9,16,EXACT_REPLAY,,0.77,1024,3000,1000
0.5,9,64,HORIZON_1,1,0.276,0,3000,1000
0.5,9,64,HORIZON_4,4,0.253,256,3000,1000
0.5,9,64,HORIZON_16,16,0.235,1024,3000,1000
0.5,9,64,HORIZON_64,64,0.289,4096,3000,1000
0.5,9,64,EXACT_REPLAY,,0.769,4096,3000,1000
0.5,10,4,HORIZON_1,1,0.429,0,3000,1000
0.5,10,4,HORIZON_4,4,0.706,256,3000,1000
0.5,10,4,HORIZON_16,16,0.745,1024,3000,1000
0.5,10,4,HORIZON_64,64,0.735,4096,3000,1000
0.5,10,4,EXACT_REPLAY,,0.803,256,3000,1000
0.5,10,16,HORIZON_1,1,0.201,0,3000,1000
0.5,10,16,HORIZON_4,4,0.17,256,3000,1000
0.5,10,16,HORIZON_16,16,0.514,1024,3000,1000
0.5,10,16,HORIZON_64,64,0.658,4096,3000,1000
0.5,10,16,EXACT_REPLAY,,0.803,1024,3000,1000
0.5,10,64,HORIZON_1,1,0.235,0,3000,1000
0.5,10,64,HORIZON_4,4,0.252,256,3000,1000
0.5,10,64,HORIZON_16,16,0.218,1024,3000,1000
0.5,10,64,HORIZON_64,64,0.252,4096,3000,1000
0.5,10,64,EXACT_REPLAY,,0.803,4096,3000,1000
0.5,11,4,HORIZON_1,1,0.368,0,3000,1000
0.5,11,4,HORIZON_4,4,0.672,256,3000,1000
0.5,11,4,HORIZON_16,16,0.725,1024,3000,1000
0.5,11,4,HORIZON_64,64,0.687,4096,3000,1000
0.5,11,4,EXACT_REPLAY,,0.764,256,3000,1000
0.5,11,16,HORIZON_1,1,0.302,0,3000,1000
0.5,11,16,HORIZON_4,4,0.337,256,3000,1000
0.5,11,16,HORIZON_16,16,0.504,1024,3000,1000
0.5,11,16,HORIZON_64,64,0.648,4096,3000,1000
0.5,11,16,EXACT_REPLAY,,0.763,1024,3000,1000
0.5,11,64,HORIZON_1,1,0.218,0,3000,1000
0.5,11,64,HORIZON_4,4,0.183,256,3000,1000
0.5,11,64,HORIZON_16,16,0.244,1024,3000,1000
0.5,11,64,HORIZON_64,64,0.281,4096,3000,1000
0.5,11,64,EXACT_REPLAY,,0.762,4096,3000,1000
0.5,12,4,HORIZON_1,1,0.383,0,3000,1000
0.5,12,4,HORIZON_4,4,0.653,256,3000,1000
0.5,12,4,HORIZON_16,16,0.712,1024,3000,1000
0.5,12,4,HORIZON_64,64,0.65,4096,3000,1000
0.5,12,4,EXACT_REPLAY,,0.751,256,3000,1000
0.5,12,16,HORIZON_1,1,0.239,0,3000,1000
0.5,12,16,HORIZON_4,4,0.224,256,3000,1000
0.5,12,16,HORIZON_16,16,0.461,1024,3000,1000
0.5,12,16,HORIZON_64,64,0.593,4096,3000,1000
0.5,12,16,EXACT_REPLAY,,0.752,1024,3000,1000
0.5,12,64,HORIZON_1,1,0.293,0,3000,1000
0.5,12,64,HORIZON_4,4,0.267,256,3000,1000
0.5,12,64,HORIZON_16,16,0.224,1024,3000,1000
0.5,12,64,HORIZON_64,64,0.24,4096,3000,1000
0.5,12,64,EXACT_REPLAY,,0.752,4096,3000,1000
0.5,13,4,HORIZON_1,1,0.435,0,3000,1000
0.5,13,4,HORIZON_4,4,0.668,256,3000,1000
0.5,13,4,HORIZON_16,16,0.7,1024,3000,1000
0.5,13,4,HORIZON_64,64,0.62,4096,3000,1000
0.5,13,4,EXACT_REPLAY,,0.775,256,3000,1000
0.5,13,16,HORIZON_1,1,0.179,0,3000,1000
0.5,13,16,HORIZON_4,4,0.183,256,3000,1000
0.5,13,16,HORIZON_16,16,0.466,1024,3000,1000
0.5,13,16,HORIZON_64,64,0.588,4096,3000,1000
0.5,13,16,EXACT_REPLAY,,0.775,1024,3000,1000
0.5,13,64,HORIZON_1,1,0.307,0,3000,1000
0.5,13,64,HORIZON_4,4,0.408,256,3000,1000
0.5,13,64,HORIZON_16,16,0.384,1024,3000,1000
0.5,13,64,HORIZON_64,64,0.337,4096,3000,1000
0.5,13,64,EXACT_REPLAY,,0.775,4096,3000,1000
0.5,14,4,HORIZON_1,1,0.397,0,3000,1000
0.5,14,4,HORIZON_4,4,0.643,256,3000,1000
0.5,14,4,HORIZON_16,16,0.689,1024,3000,1000
0.5,14,4,HORIZON_64,64,0.64,4096,3000,1000
0.5,14,4,EXACT_REPLAY,,0.746,256,3000,1000
0.5,14,16,HORIZON_1,1,0.279,0,3000,1000
0.5,14,16,HORIZON_4,4,0.276,256,3000,1000
0.5,14,16,HORIZON_16,16,0.507,1024,3000,1000
0.5,14,16,HORIZON_64,64,0.593,4096,3000,1000
0.5,14,16,EXACT_REPLAY,,0.746,1024,3000,1000
0.5,14,64,HORIZON_1,1,0.28,0,3000,1000
0.5,14,64,HORIZON_4,4,0.23,256,3000,1000
0.5,14,64,HORIZON_16,16,0.251,1024,3000,1000
0.5,14,64,HORIZON_64,64,0.302,4096,3000,1000
0.5,14,64,EXACT_REPLAY,,0.746,4096,3000,1000
0.5,15,4,HORIZON_1,1,0.403,0,3000,1000
0.5,15,4,HORIZON_4,4,0.687,256,3000,1000
0.5,15,4,HORIZON_16,16,0.739,1024,3000,1000
0.5,15,4,HORIZON_64,64,0.69,4096,3000,1000
0.5,15,4,EXACT_REPLAY,,0.781,256,3000,1000
0.5,15,16,HORIZON_1,1,0.308,0,3000,1000
0.5,15,16,HORIZON_4,4,0.315,256,3000,1000
0.5,15,16,HORIZON_16,16,0.556,1024,3000,1000
0.5,15,16,HORIZON_64,64,0.66,4096,3000,1000
0.5,15,16,EXACT_REPLAY,,0.78,1024,3000,1000
0.5,15,64,HORIZON_1,1,0.267,0,3000,1000
0.5,15,64,HORIZON_4,4,0.322,256,3000,1000
0.5,15,64,HORIZON_16,16,0.234,1024,3000,1000
0.5,15,64,HORIZON_64,64,0.238,4096,3000,1000
0.5,15,64,EXACT_REPLAY,,0.78,4096,3000,1000
0.5,16,4,HORIZON_1,1,0.434,0,3000,1000
0.5,16,4,HORIZON_4,4,0.705,256,3000,1000
0.5,16,4,HORIZON_16,16,0.749,1024,3000,1000
0.5,16,4,HORIZON_64,64,0.707,4096,3000,1000
0.5,16,4,EXACT_REPLAY,,0.791,256,3000,1000
0.5,16,16,HORIZON_1,1,0.252,0,3000,1000
0.5,16,16,HORIZON_4,4,0.27,256,3000,1000
0.5,16,16,HORIZON_16,16,0.521,1024,3000,1000
0.5,16,16,HORIZON_64,64,0.647,4096,3000,1000
0.5,16,16,EXACT_REPLAY,,0.791,1024,3000,1000
0.5,16,64,HORIZON_1,1,0.274,0,3000,1000
0.5,16,64,HORIZON_4,4,0.206,256,3000,1000
0.5,16,64,HORIZON_16,16,0.214,1024,3000,1000
0.5,16,64,HORIZON_64,64,0.341,4096,3000,1000
0.5,16,64,EXACT_REPLAY,,0.791,4096,3000,1000
0.5,17,4,HORIZON_1,1,0.38,0,3000,1000
0.5,17,4,HORIZON_4,4,0.676,256,3000,1000
0.5,17,4,HORIZON_16,16,0.725,1024,3000,1000
0.5,17,4,HORIZON_64,64,0.672,4096,3000,1000
0.5,17,4,EXACT_REPLAY,,0.761,256,3000,1000
0.5,17,16,HORIZON_1,1,0.281,0,3000,1000
0.5,17,16,HORIZON_4,4,0.203,256,3000,1000
0.5,17,16,HORIZON_16,16,0.475,1024,3000,1000
0.5,17,16,HORIZON_64,64,0.607,4096,3000,1000
0.5,17,16,EXACT_REPLAY,,0.761,1024,3000,1000
0.5,17,64,HORIZON_1,1,0.226,0,3000,1000
0.5,17,64,HORIZON_4,4,0.332,256,3000,1000
0.5,17,64,HORIZON_16,16,0.248,1024,3000,1000
0.5,17,64,HORIZON_64,64,0.282,4096,3000,1000
0.5,17,64,EXACT_REPLAY,,0.76,4096,3000,1000
0.5,18,4,HORIZON_1,1,0.406,0,3000,1000
0.5,18,4,HORIZON_4,4,0.711,256,3000,1000
0.5,18,4,HORIZON_16,16,0.732,1024,3000,1000
0.5,18,4,HORIZON_64,64,0.674,4096,3000,1000
0.5,18,4,EXACT_REPLAY,,0.773,256,3000,1000
0.5,18,16,HORIZON_1,1,0.221,0,3000,1000
0.5,18,16,HORIZON_4,4,0.224,256,3000,1000
0.5,18,16,HORIZON_16,16,0.475,1024,3000,1000
0.5,18,16,HORIZON_64,64,0.602,4096,3000,1000
0.5,18,16,EXACT_REPLAY,,0.772,1024,3000,1000
0.5,18,64,HORIZON_1,1,0.18,0,3000,1000
0.5,18,64,HORIZON_4,4,0.141,256,3000,1000
0.5,18,64,HORIZON_16,16,0.159,1024,3000,1000
0.5,18,64,HORIZON_64,64,0.213,4096,3000,1000
0.5,18,64,EXACT_REPLAY,,0.771,4096,3000,1000
0.5,19,4,HORIZON_1,1,0.46,0,3000,1000
0.5,19,4,HORIZON_4,4,0.673,256,3000,1000
0.5,19,4,HORIZON_16,16,0.686,1024,3000,1000
0.5,19,4,HORIZON_64,64,0.631,4096,3000,1000
0.5,19,4,EXACT_REPLAY,,0.738,256,3000,1000
0.5,19,16,HORIZON_1,1,0.251,0,3000,1000
0.5,19,16,HORIZON_4,4,0.302,256,3000,1000
0.5,19,16,HORIZON_16,16,0.568,1024,3000,1000
0.5,19,16,HORIZON_64,64,0.61,4096,3000,1000
0.5,19,16,EXACT_REPLAY,,0.738,1024,3000,1000
0.5,19,64,HORIZON_1,1,0.206,0,3000,1000
0.5,19,64,HORIZON_4,4,0.173,256,3000,1000
0.5,19,64,HORIZON_16,16,0.266,1024,3000,1000
0.5,19,64,HORIZON_64,64,0.327,4096,3000,1000
0.5,19,64,EXACT_REPLAY,,0.738,4096,3000,1000
0.5,20,4,HORIZON_1,1,0.413,0,3000,1000
0.5,20,4,HORIZON_4,4,0.714,256,3000,1000
0.5,20,4,HORIZON_16,16,0.717,1024,3000,1000
0.5,20,4,HORIZON_64,64,0.687,4096,3000,1000
0.5,20,4,EXACT_REPLAY,,0.762,256,3000,1000
0.5,20,16,HORIZON_1,1,0.248,0,3000,1000
0.5,20,16,HORIZON_4,4,0.323,256,3000,1000
0.5,20,16,HORIZON_16,16,0.547,1024,3000,1000
0.5,20,16,HORIZON_64,64,0.685,4096,3000,1000
0.5,20,16,EXACT_REPLAY,,0.761,1024,3000,1000
0.5,20,64,HORIZON_1,1,0.225,0,3000,1000
0.5,20,64,HORIZON_4,4,0.234,256,3000,1000
0.5,20,64,HORIZON_16,16,0.191,1024,3000,1000
0.5,20,64,HORIZON_64,64,0.308,4096,3000,1000
0.5,20,64,EXACT_REPLAY,,0.761,4096,3000,1000
0.5,21,4,HORIZON_1,1,0.416,0,3000,1000
0.5,21,4,HORIZON_4,4,0.676,256,3000,1000
0.5,21,4,HORIZON_16,16,0.698,1024,3000,1000
0.5,21,4,HORIZON_64,64,0.669,4096,3000,1000
0.5,21,4,EXACT_REPLAY,,0.773,256,3000,1000
0.5,21,16,HORIZON_1,1,0.231,0,3000,1000
0.5,21,16,HORIZON_4,4,0.216,256,3000,1000
0.5,21,16,HORIZON_16,16,0.505,1024,3000,1000
0.5,21,16,HORIZON_64,64,0.599,4096,3000,1000
0.5,21,16,EXACT_REPLAY,,0.773,1024,3000,1000
0.5,21,64,HORIZON_1,1,0.229,0,3000,1000
0.5,21,64,HORIZON_4,4,0.223,256,3000,1000
0.5,21,64,HORIZON_16,16,0.185,1024,3000,1000
0.5,21,64,HORIZON_64,64,0.263,4096,3000,1000
0.5,21,64,EXACT_REPLAY,,0.772,4096,3000,1000
0.5,22,4,HORIZON_1,1,0.428,0,3000,1000
0.5,22,4,HORIZON_4,4,0.681,256,3000,1000
0.5,22,4,HORIZON_16,16,0.689,1024,3000,1000
0.5,22,4,HORIZON_64,64,0.631,4096,3000,1000
0.5,22,4,EXACT_REPLAY,,0.773,256,3000,1000
0.5,22,16,HORIZON_1,1,0.263,0,3000,1000
0.5,22,16,HORIZON_4,4,0.254,256,3000,1000
0.5,22,16,HORIZON_16,16,0.467,1024,3000,1000
0.5,22,16,HORIZON_64,64,0.581,4096,3000,1000
0.5,22,16,EXACT_REPLAY,,0.773,1024,3000,1000
0.5,22,64,HORIZON_1,1,0.362,0,3000,1000
0.5,22,64,HORIZON_4,4,0.324,256,3000,1000
0.5,22,64,HORIZON_16,16,0.331,1024,3000,1000
0.5,22,64,HORIZON_64,64,0.361,4096,3000,1000
0.5,22,64,EXACT_REPLAY,,0.773,4096,3000,1000
0.5,23,4,HORIZON_1,1,0.384,0,3000,1000
0.5,23,4,HORIZON_4,4,0.696,256,3000,1000
0.5,23,4,HORIZON_16,16,0.727,1024,3000,1000
0.5,23,4,HORIZON_64,64,0.663,4096,3000,1000
0.5,23,4,EXACT_REPLAY,,0.744,256,3000,1000
0.5,23,16,HORIZON_1,1,0.233,0,3000,1000
0.5,23,16,HORIZON_4,4,0.265,256,3000,1000
0.5,23,16,HORIZON_16,16,0.484,1024,3000,1000
0.5,23,16,HORIZON_64,64,0.64,4096,3000,1000
0.5,23,16,EXACT_REPLAY,,0.744,1024,3000,1000
0.5,23,64,HORIZON_1,1,0.244,0,3000,1000
0.5,23,64,HORIZON_4,4,0.303,256,3000,1000
0.5,23,64,HORIZON_16,16,0.252,1024,3000,1000
0.5,23,64,HORIZON_64,64,0.293,4096,3000,1000
0.5,23,64,EXACT_REPLAY,,0.743,4096,3000,1000
0.5,24,4,HORIZON_1,1,0.387,0,3000,1000
0.5,24,4,HORIZON_4,4,0.697,256,3000,1000
0.5,24,4,HORIZON_16,16,0.744,1024,3000,1000
0.5,24,4,HORIZON_64,64,0.698,4096,3000,1000
0.5,24,4,EXACT_REPLAY,,0.789,256,3000,1000
0.5,24,16,HORIZON_1,1,0.336,0,3000,1000
0.5,24,16,HORIZON_4,4,0.284,256,3000,1000
0.5,24,16,HORIZON_16,16,0.513,1024,3000,1000
0.5,24,16,HORIZON_64,64,0.665,4096,3000,1000
0.5,24,16,EXACT_REPLAY,,0.788,1024,3000,1000
0.5,24,64,HORIZON_1,1,0.234,0,3000,1000
0.5,24,64,HORIZON_4,4,0.21,256,3000,1000
0.5,24,64,HORIZON_16,16,0.284,1024,3000,1000
0.5,24,64,HORIZON_64,64,0.31,4096,3000,1000
0.5,24,64,EXACT_REPLAY,,0.788,4096,3000,1000
0.5,25,4,HORIZON_1,1,0.442,0,3000,1000
0.5,25,4,HORIZON_4,4,0.666,256,3000,1000
0.5,25,4,HORIZON_16,16,0.711,1024,3000,1000
0.5,25,4,HORIZON_64,64,0.678,4096,3000,1000
0.5,25,4,EXACT_REPLAY,,0.753,256,3000,1000
0.5,25,16,HORIZON_1,1,0.273,0,3000,1000
0.5,25,16,HORIZON_4,4,0.291,256,3000,1000
0.5,25,16,HORIZON_16,16,0.51,1024,3000,1000
0.5,25,16,HORIZON_64,64,0.658,4096,3000,1000
0.5,25,16,EXACT_REPLAY,,0.753,1024,3000,1000
0.5,25,64,HORIZON_1,1,0.189,0,3000,1000
0.5,25,64,HORIZON_4,4,0.208,256,3000,1000
0.5,25,64,HORIZON_16,16,0.223,1024,3000,1000
0.5,25,64,HORIZON_64,64,0.321,4096,3000,1000
0.5,25,64,EXACT_REPLAY,,0.753,4096,3000,1000
0.5,26,4,HORIZON_1,1,0.407,0,3000,1000
0.5,26,4,HORIZON_4,4,0.656,256,3000,1000
0.5,26,4,HORIZON_16,16,0.662,1024,3000,1000
0.5,26,4,HORIZON_64,64,0.652,4096,3000,1000
0.5,26,4,EXACT_REPLAY,,0.721,256,3000,1000
0.5,26,16,HORIZON_1,1,0.197,0,3000,1000
0.5,26,16,HORIZON_4,4,0.165,256,3000,1000
0.5,26,16,HORIZON_16,16,0.452,1024,3000,1000
0.5,26,16,HORIZON_64,64,0.587,4096,3000,1000
0.5,26,16,EXACT_REPLAY,,0.721,1024,3000,1000
0.5,26,64,HORIZON_1,1,0.16,0,3000,1000
0.5,26,64,HORIZON_4,4,0.212,256,3000,1000
0.5,26,64,HORIZON_16,16,0.187,1024,3000,1000
0.5,26,64,HORIZON_64,64,0.266,4096,3000,1000
0.5,26,64,EXACT_REPLAY,,0.72,4096,3000,1000
0.5,27,4,HORIZON_1,1,0.375,0,3000,1000
0.5,27,4,HORIZON_4,4,0.655,256,3000,1000
0.5,27,4,HORIZON_16,16,0.679,1024,3000,1000
0.5,27,4,HORIZON_64,64,0.636,4096,3000,1000
0.5,27,4,EXACT_REPLAY,,0.722,256,3000,1000
0.5,27,16,HORIZON_1,1,0.274,0,3000,1000
0.5,27,16,HORIZON_4,4,0.283,256,3000,1000
0.5,27,16,HORIZON_16,16,0.493,1024,3000,1000
0.5,27,16,HORIZON_64,64,0.608,4096,3000,1000
0.5,27,16,EXACT_REPLAY,,0.722,1024,3000,1000
0.5,27,64,HORIZON_1,1,0.253,0,3000,1000
0.5,27,64,HORIZON_4,4,0.267,256,3000,1000
0.5,27,64,HORIZON_16,16,0.235,1024,3000,1000
0.5,27,64,HORIZON_64,64,0.333,4096,3000,1000
0.5,27,64,EXACT_REPLAY,,0.721,4096,3000,1000
0.5,28,4,HORIZON_1,1,0.414,0,3000,1000
0.5,28,4,HORIZON_4,4,0.687,256,3000,1000
0.5,28,4,HORIZON_16,16,0.721,1024,3000,1000
0.5,28,4,HORIZON_64,64,0.684,4096,3000,1000
0.5,28,4,EXACT_REPLAY,,0.789,256,3000,1000
0.5,28,16,HORIZON_1,1,0.238,0,3000,1000
0.5,28,16,HORIZON_4,4,0.238,256,3000,1000
0.5,28,16,HORIZON_16,16,0.535,1024,3000,1000
0.5,28,16,HORIZON_64,64,0.667,4096,3000,1000
0.5,28,16,EXACT_REPLAY,,0.79,1024,3000,1000
0.5,28,64,HORIZON_1,1,0.332,0,3000,1000
0.5,28,64,HORIZON_4,4,0.286,256,3000,1000
0.5,28,64,HORIZON_16,16,0.323,1024,3000,1000
0.5,28,64,HORIZON_64,64,0.337,4096,3000,1000
0.5,28,64,EXACT_REPLAY,,0.79,4096,3000,1000
0.5,29,4,HORIZON_1,1,0.291,0,3000,1000
0.5,29,4,HORIZON_4,4,0.622,256,3000,1000
0.5,29,4,HORIZON_16,16,0.702,1024,3000,1000
0.5,29,4,HORIZON_64,64,0.7,4096,3000,1000
0.5,29,4,EXACT_REPLAY,,0.761,256,3000,1000
0.5,29,16,HORIZON_1,1,0.212,0,3000,1000
0.5,29,16,HORIZON_4,4,0.21,256,3000,1000
0.5,29,16,HORIZON_16,16,0.369,1024,3000,1000
0.5,29,16,HORIZON_64,64,0.626,4096,3000,1000
0.5,29,16,EXACT_REPLAY,,0.761,1024,3000,1000
0.5,29,64,HORIZON_1,1,0.272,0,3000,1000
0.5,29,64,HORIZON_4,4,0.26,256,3000,1000
0.5,29,64,HORIZON_16,16,0.258,1024,3000,1000
0.5,29,64,HORIZON_64,64,0.287,4096,3000,1000
0.5,29,64,EXACT_REPLAY,,0.761,4096,3000,1000
0.9,0,4,HORIZON_1,1,0.644,0,3000,1000
0.9,0,4,HORIZON_4,4,0.668,256,3000,1000
0.9,0,4,HORIZON_16,16,0.67,1024,3000,1000
0.9,0,4,HORIZON_64,64,0.607,4096,3000,1000
0.9,0,4,EXACT_REPLAY,,0.693,256,3000,1000
0.9,0,16,HORIZON_1,1,0.314,0,3000,1000
0.9,0,16,HORIZON_4,4,0.362,256,3000,1000
0.9,0,16,HORIZON_16,16,0.583,1024,3000,1000
0.9,0,16,HORIZON_64,64,0.633,4096,3000,1000
0.9,0,16,EXACT_REPLAY,,0.692,1024,3000,1000
0.9,0,64,HORIZON_1,1,0.149,0,3000,1000
0.9,0,64,HORIZON_4,4,0.175,256,3000,1000
0.9,0,64,HORIZON_16,16,0.217,1024,3000,1000
0.9,0,64,HORIZON_64,64,0.333,4096,3000,1000
0.9,0,64,EXACT_REPLAY,,0.694,4096,3000,1000
0.9,1,4,HORIZON_1,1,0.676,0,3000,1000
0.9,1,4,HORIZON_4,4,0.7,256,3000,1000
0.9,1,4,HORIZON_16,16,0.699,1024,3000,1000
0.9,1,4,HORIZON_64,64,0.627,4096,3000,1000
0.9,1,4,EXACT_REPLAY,,0.723,256,3000,1000
0.9,1,16,HORIZON_1,1,0.396,0,3000,1000
0.9,1,16,HORIZON_4,4,0.442,256,3000,1000
0.9,1,16,HORIZON_16,16,0.651,1024,3000,1000
0.9,1,16,HORIZON_64,64,0.662,4096,3000,1000
0.9,1,16,EXACT_REPLAY,,0.722,1024,3000,1000
0.9,1,64,HORIZON_1,1,0.184,0,3000,1000
0.9,1,64,HORIZON_4,4,0.181,256,3000,1000
0.9,1,64,HORIZON_16,16,0.153,1024,3000,1000
0.9,1,64,HORIZON_64,64,0.292,4096,3000,1000
0.9,1,64,EXACT_REPLAY,,0.721,4096,3000,1000
0.9,2,4,HORIZON_1,1,0.733,0,3000,1000
0.9,2,4,HORIZON_4,4,0.759,256,3000,1000
0.9,2,4,HORIZON_16,16,0.743,1024,3000,1000
0.9,2,4,HORIZON_64,64,0.652,4096,3000,1000
0.9,2,4,EXACT_REPLAY,,0.789,256,3000,1000
0.9,2,16,HORIZON_1,1,0.513,0,3000,1000
0.9,2,16,HORIZON_4,4,0.551,256,3000,1000
0.9,2,16,HORIZON_16,16,0.677,1024,3000,1000
0.9,2,16,HORIZON_64,64,0.686,4096,3000,1000
0.9,2,16,EXACT_REPLAY,,0.789,1024,3000,1000
0.9,2,64,HORIZON_1,1,0.27,0,3000,1000
0.9,2,64,HORIZON_4,4,0.252,256,3000,1000
0.9,2,64,HORIZON_16,16,0.234,1024,3000,1000
0.9,2,64,HORIZON_64,64,0.404,4096,3000,1000
0.9,2,64,EXACT_REPLAY,,0.788,4096,3000,1000
0.9,3,4,HORIZON_1,1,0.663,0,3000,1000
0.9,3,4,HORIZON_4,4,0.687,256,3000,1000
0.9,3,4,HORIZON_16,16,0.68,1024,3000,1000
0.9,3,4,HORIZON_64,64,0.619,4096,3000,1000
0.9,3,4,EXACT_REPLAY,,0.719,256,3000,1000
0.9,3,16,HORIZON_1,1,0.463,0,3000,1000
0.9,3,16,HORIZON_4,4,0.5,256,3000,1000
0.9,3,16,HORIZON_16,16,0.615,1024,3000,1000
0.9,3,16,HORIZON_64,64,0.64,4096,3000,1000
0.9,3,16,EXACT_REPLAY,,0.718,1024,3000,1000
0.9,3,64,HORIZON_1,1,0.223,0,3000,1000
0.9,3,64,HORIZON_4,4,0.235,256,3000,1000
0.9,3,64,HORIZON_16,16,0.248,1024,3000,1000
0.9,3,64,HORIZON_64,64,0.302,4096,3000,1000
0.9,3,64,EXACT_REPLAY,,0.718,4096,3000,1000
0.9,4,4,HORIZON_1,1,0.72,0,3000,1000
0.9,4,4,HORIZON_4,4,0.754,256,3000,1000
0.9,4,4,HORIZON_16,16,0.715,1024,3000,1000
0.9,4,4,HORIZON_64,64,0.638,4096,3000,1000
0.9,4,4,EXACT_REPLAY,,0.741,256,3000,1000
0.9,4,16,HORIZON_1,1,0.463,0,3000,1000
0.9,4,16,HORIZON_4,4,0.516,256,3000,1000
0.9,4,16,HORIZON_16,16,0.683,1024,3000,1000
0.9,4,16,HORIZON_64,64,0.664,4096,3000,1000
0.9,4,16,EXACT_REPLAY,,0.742,1024,3000,1000
0.9,4,64,HORIZON_1,1,0.249,0,3000,1000
0.9,4,64,HORIZON_4,4,0.24,256,3000,1000
0.9,4,64,HORIZON_16,16,0.226,1024,3000,1000
0.9,4,64,HORIZON_64,64,0.362,4096,3000,1000
0.9,4,64,EXACT_REPLAY,,0.742,4096,3000,1000
0.9,5,4,HORIZON_1,1,0.694,0,3000,1000
0.9,5,4,HORIZON_4,4,0.723,256,3000,1000
0.9,5,4,HORIZON_16,16,0.743,1024,3000,1000
0.9,5,4,HORIZON_64,64,0.656,4096,3000,1000
0.9,5,4,EXACT_REPLAY,,0.748,256,3000,1000
0.9,5,16,HORIZON_1,1,0.446,0,3000,1000
0.9,5,16,HORIZON_4,4,0.475,256,3000,1000
0.9,5,16,HORIZON_16,16,0.633,1024,3000,1000
0.9,5,16,HORIZON_64,64,0.645,4096,3000,1000
0.9,5,16,EXACT_REPLAY,,0.747,1024,3000,1000
0.9,5,64,HORIZON_1,1,0.243,0,3000,1000
0.9,5,64,HORIZON_4,4,0.249,256,3000,1000
0.9,5,64,HORIZON_16,16,0.264,1024,3000,1000
0.9,5,64,HORIZON_64,64,0.418,4096,3000,1000
0.9,5,64,EXACT_REPLAY,,0.745,4096,3000,1000
0.9,6,4,HORIZON_1,1,0.715,0,3000,1000
0.9,6,4,HORIZON_4,4,0.731,256,3000,1000
0.9,6,4,HORIZON_16,16,0.714,1024,3000,1000
0.9,6,4,HORIZON_64,64,0.601,4096,3000,1000
0.9,6,4,EXACT_REPLAY,,0.741,256,3000,1000
0.9,6,16,HORIZON_1,1,0.422,0,3000,1000
0.9,6,16,HORIZON_4,4,0.439,256,3000,1000
0.9,6,16,HORIZON_16,16,0.638,1024,3000,1000
0.9,6,16,HORIZON_64,64,0.634,4096,3000,1000
0.9,6,16,EXACT_REPLAY,,0.74,1024,3000,1000
0.9,6,64,HORIZON_1,1,0.399,0,3000,1000
0.9,6,64,HORIZON_4,4,0.421,256,3000,1000
0.9,6,64,HORIZON_16,16,0.36,1024,3000,1000
0.9,6,64,HORIZON_64,64,0.448,4096,3000,1000
0.9,6,64,EXACT_REPLAY,,0.74,4096,3000,1000
0.9,7,4,HORIZON_1,1,0.667,0,3000,1000
0.9,7,4,HORIZON_4,4,0.681,256,3000,1000
0.9,7,4,HORIZON_16,16,0.678,1024,3000,1000
0.9,7,4,HORIZON_64,64,0.605,4096,3000,1000
0.9,7,4,EXACT_REPLAY,,0.702,256,3000,1000
0.9,7,16,HORIZON_1,1,0.489,0,3000,1000
0.9,7,16,HORIZON_4,4,0.497,256,3000,1000
0.9,7,16,HORIZON_16,16,0.648,1024,3000,1000
0.9,7,16,HORIZON_64,64,0.648,4096,3000,1000
0.9,7,16,EXACT_REPLAY,,0.702,1024,3000,1000
0.9,7,64,HORIZON_1,1,0.272,0,3000,1000
0.9,7,64,HORIZON_4,4,0.263,256,3000,1000
0.9,7,64,HORIZON_16,16,0.23,1024,3000,1000
0.9,7,64,HORIZON_64,64,0.358,4096,3000,1000
0.9,7,64,EXACT_REPLAY,,0.703,4096,3000,1000
0.9,8,4,HORIZON_1,1,0.684,0,3000,1000
0.9,8,4,HORIZON_4,4,0.718,256,3000,1000
0.9,8,4,HORIZON_16,16,0.747,1024,3000,1000
0.9,8,4,HORIZON_64,64,0.706,4096,3000,1000
0.9,8,4,EXACT_REPLAY,,0.762,256,3000,1000
0.9,8,16,HORIZON_1,1,0.508,0,3000,1000
0.9,8,16,HORIZON_4,4,0.531,256,3000,1000
0.9,8,16,HORIZON_16,16,0.651,1024,3000,1000
0.9,8,16,HORIZON_64,64,0.702,4096,3000,1000
0.9,8,16,EXACT_REPLAY,,0.759,1024,3000,1000
0.9,8,64,HORIZON_1,1,0.291,0,3000,1000
0.9,8,64,HORIZON_4,4,0.278,256,3000,1000
0.9,8,64,HORIZON_16,16,0.233,1024,3000,1000
0.9,8,64,HORIZON_64,64,0.45,4096,3000,1000
0.9,8,64,EXACT_REPLAY,,0.761,4096,3000,1000
0.9,9,4,HORIZON_1,1,0.713,0,3000,1000
0.9,9,4,HORIZON_4,4,0.742,256,3000,1000
0.9,9,4,HORIZON_16,16,0.728,1024,3000,1000
0.9,9,4,HORIZON_64,64,0.701,4096,3000,1000
0.9,9,4,EXACT_REPLAY,,0.773,256,3000,1000
0.9,9,16,HORIZON_1,1,0.489,0,3000,1000
0.9,9,16,HORIZON_4,4,0.516,256,3000,1000
0.9,9,16,HORIZON_16,16,0.652,1024,3000,1000
0.9,9,16,HORIZON_64,64,0.689,4096,3000,1000
0.9,9,16,EXACT_REPLAY,,0.773,1024,3000,1000
0.9,9,64,HORIZON_1,1,0.311,0,3000,1000
0.9,9,64,HORIZON_4,4,0.3,256,3000,1000
0.9,9,64,HORIZON_16,16,0.309,1024,3000,1000
0.9,9,64,HORIZON_64,64,0.444,4096,3000,1000
0.9,9,64,EXACT_REPLAY,,0.775,4096,3000,1000
0.9,10,4,HORIZON_1,1,0.692,0,3000,1000
0.9,10,4,HORIZON_4,4,0.714,256,3000,1000
0.9,10,4,HORIZON_16,16,0.704,1024,3000,1000
0.9,10,4,HORIZON_64,64,0.614,4096,3000,1000
0.9,10,4,EXACT_REPLAY,,0.751,256,3000,1000
0.9,10,16,HORIZON_1,1,0.437,0,3000,1000
0.9,10,16,HORIZON_4,4,0.491,256,3000,1000
0.9,10,16,HORIZON_16,16,0.67,1024,3000,1000
0.9,10,16,HORIZON_64,64,0.66,4096,3000,1000
0.9,10,16,EXACT_REPLAY,,0.751,1024,3000,1000
0.9,10,64,HORIZON_1,1,0.324,0,3000,1000
0.9,10,64,HORIZON_4,4,0.323,256,3000,1000
0.9,10,64,HORIZON_16,16,0.303,1024,3000,1000
0.9,10,64,HORIZON_64,64,0.427,4096,3000,1000
0.9,10,64,EXACT_REPLAY,,0.751,4096,3000,1000
0.9,11,4,HORIZON_1,1,0.734,0,3000,1000
0.9,11,4,HORIZON_4,4,0.761,256,3000,1000
0.9,11,4,HORIZON_16,16,0.75,1024,3000,1000
0.9,11,4,HORIZON_64,64,0.689,4096,3000,1000
0.9,11,4,EXACT_REPLAY,,0.776,256,3000,1000
0.9,11,16,HORIZON_1,1,0.514,0,3000,1000
0.9,11,16,HORIZON_4,4,0.55,256,3000,1000
0.9,11,16,HORIZON_16,16,0.708,1024,3000,1000
0.9,11,16,HORIZON_64,64,0.736,4096,3000,1000
0.9,11,16,EXACT_REPLAY,,0.777,1024,3000,1000
0.9,11,64,HORIZON_1,1,0.362,0,3000,1000
0.9,11,64,HORIZON_4,4,0.381,256,3000,1000
0.9,11,64,HORIZON_16,16,0.353,1024,3000,1000
0.9,11,64,HORIZON_64,64,0.465,4096,3000,1000
0.9,11,64,EXACT_REPLAY,,0.777,4096,3000,1000
0.9,12,4,HORIZON_1,1,0.731,0,3000,1000
0.9,12,4,HORIZON_4,4,0.757,256,3000,1000
0.9,12,4,HORIZON_16,16,0.728,1024,3000,1000
0.9,12,4,HORIZON_64,64,0.562,4096,3000,1000
0.9,12,4,EXACT_REPLAY,,0.762,256,3000,1000
0.9,12,16,HORIZON_1,1,0.479,0,3000,1000
0.9,12,16,HORIZON_4,4,0.524,256,3000,1000
0.9,12,16,HORIZON_16,16,0.696,1024,3000,1000
0.9,12,16,HORIZON_64,64,0.619,4096,3000,1000
0.9,12,16,EXACT_REPLAY,,0.763,1024,3000,1000
0.9,12,64,HORIZON_1,1,0.344,0,3000,1000
0.9,12,64,HORIZON_4,4,0.349,256,3000,1000
0.9,12,64,HORIZON_16,16,0.331,1024,3000,1000
0.9,12,64,HORIZON_64,64,0.477,4096,3000,1000
0.9,12,64,EXACT_REPLAY,,0.76,4096,3000,1000
0.9,13,4,HORIZON_1,1,0.692,0,3000,1000
0.9,13,4,HORIZON_4,4,0.712,256,3000,1000
0.9,13,4,HORIZON_16,16,0.714,1024,3000,1000
0.9,13,4,HORIZON_64,64,0.664,4096,3000,1000
0.9,13,4,EXACT_REPLAY,,0.735,256,3000,1000
0.9,13,16,HORIZON_1,1,0.488,0,3000,1000
0.9,13,16,HORIZON_4,4,0.519,256,3000,1000
0.9,13,16,HORIZON_16,16,0.663,1024,3000,1000
0.9,13,16,HORIZON_64,64,0.687,4096,3000,1000
0.9,13,16,EXACT_REPLAY,,0.733,1024,3000,1000
0.9,13,64,HORIZON_1,1,0.237,0,3000,1000
0.9,13,64,HORIZON_4,4,0.242,256,3000,1000
0.9,13,64,HORIZON_16,16,0.271,1024,3000,1000
0.9,13,64,HORIZON_64,64,0.403,4096,3000,1000
0.9,13,64,EXACT_REPLAY,,0.733,4096,3000,1000
0.9,14,4,HORIZON_1,1,0.722,0,3000,1000
0.9,14,4,HORIZON_4,4,0.727,256,3000,1000
0.9,14,4,HORIZON_16,16,0.706,1024,3000,1000
0.9,14,4,HORIZON_64,64,0.6,4096,3000,1000
0.9,14,4,EXACT_REPLAY,,0.738,256,3000,1000
0.9,14,16,HORIZON_1,1,0.554,0,3000,1000
0.9,14,16,HORIZON_4,4,0.598,256,3000,1000
0.9,14,16,HORIZON_16,16,0.701,1024,3000,1000
0.9,14,16,HORIZON_64,64,0.66,4096,3000,1000
0.9,14,16,EXACT_REPLAY,,0.737,1024,3000,1000
0.9,14,64,HORIZON_1,1,0.245,0,3000,1000
0.9,14,64,HORIZON_4,4,0.256,256,3000,1000
0.9,14,64,HORIZON_16,16,0.263,1024,3000,1000
0.9,14,64,HORIZON_64,64,0.429,4096,3000,1000
0.9,14,64,EXACT_REPLAY,,0.736,4096,3000,1000
0.9,15,4,HORIZON_1,1,0.643,0,3000,1000
0.9,15,4,HORIZON_4,4,0.683,256,3000,1000
0.9,15,4,HORIZON_16,16,0.684,1024,3000,1000
0.9,15,4,HORIZON_64,64,0.572,4096,3000,1000
0.9,15,4,EXACT_REPLAY,,0.713,256,3000,1000
0.9,15,16,HORIZON_1,1,0.392,0,3000,1000
0.9,15,16,HORIZON_4,4,0.418,256,3000,1000
0.9,15,16,HORIZON_16,16,0.598,1024,3000,1000
0.9,15,16,HORIZON_64,64,0.601,4096,3000,1000
0.9,15,16,EXACT_REPLAY,,0.713,1024,3000,1000
0.9,15,64,HORIZON_1,1,0.336,0,3000,1000
0.9,15,64,HORIZON_4,4,0.317,256,3000,1000
0.9,15,64,HORIZON_16,16,0.278,1024,3000,1000
0.9,15,64,HORIZON_64,64,0.398,4096,3000,1000
0.9,15,64,EXACT_REPLAY,,0.713,4096,3000,1000
0.9,16,4,HORIZON_1,1,0.745,0,3000,1000
0.9,16,4,HORIZON_4,4,0.77,256,3000,1000
0.9,16,4,HORIZON_16,16,0.773,1024,3000,1000
0.9,16,4,HORIZON_64,64,0.698,4096,3000,1000
0.9,16,4,EXACT_REPLAY,,0.798,256,3000,1000
0.9,16,16,HORIZON_1,1,0.517,0,3000,1000
0.9,16,16,HORIZON_4,4,0.535,256,3000,1000
0.9,16,16,HORIZON_16,16,0.696,1024,3000,1000
0.9,16,16,HORIZON_64,64,0.703,4096,3000,1000
0.9,16,16,EXACT_REPLAY,,0.797,1024,3000,1000
0.9,16,64,HORIZON_1,1,0.225,0,3000,1000
0.9,16,64,HORIZON_4,4,0.179,256,3000,1000
0.9,16,64,HORIZON_16,16,0.247,1024,3000,1000
0.9,16,64,HORIZON_64,64,0.439,4096,3000,1000
0.9,16,64,EXACT_REPLAY,,0.797,4096,3000,1000
0.9,17,4,HORIZON_1,1,0.699,0,3000,1000
0.9,17,4,HORIZON_4,4,0.735,256,3000,1000
0.9,17,4,HORIZON_16,16,0.75,1024,3000,1000
0.9,17,4,HORIZON_64,64,0.69,4096,3000,1000
0.9,17,4,EXACT_REPLAY,,0.764,256,3000,1000
0.9,17,16,HORIZON_1,1,0.448,0,3000,1000
0.9,17,16,HORIZON_4,4,0.47,256,3000,1000
0.9,17,16,HORIZON_16,16,0.641,1024,3000,1000
0.9,17,16,HORIZON_64,64,0.698,4096,3000,1000
0.9,17,16,EXACT_REPLAY,,0.764,1024,3000,1000
0.9,17,64,HORIZON_1,1,0.179,0,3000,1000
0.9,17,64,HORIZON_4,4,0.218,256,3000,1000
0.9,17,64,HORIZON_16,16,0.242,1024,3000,1000
0.9,17,64,HORIZON_64,64,0.407,4096,3000,1000
0.9,17,64,EXACT_REPLAY,,0.763,4096,3000,1000
0.9,18,4,HORIZON_1,1,0.633,0,3000,1000
0.9,18,4,HORIZON_4,4,0.671,256,3000,1000
0.9,18,4,HORIZON_16,16,0.657,1024,3000,1000
0.9,18,4,HORIZON_64,64,0.591,4096,3000,1000
0.9,18,4,EXACT_REPLAY,,0.713,256,3000,1000
0.9,18,16,HORIZON_1,1,0.389,0,3000,1000
0.9,18,16,HORIZON_4,4,0.399,256,3000,1000
0.9,18,16,HORIZON_16,16,0.591,1024,3000,1000
0.9,18,16,HORIZON_64,64,0.6,4096,3000,1000
0.9,18,16,EXACT_REPLAY,,0.714,1024,3000,1000
0.9,18,64,HORIZON_1,1,0.256,0,3000,1000
0.9,18,64,HORIZON_4,4,0.259,256,3000,1000
0.9,18,64,HORIZON_16,16,0.283,1024,3000,1000
0.9,18,64,HORIZON_64,64,0.4,4096,3000,1000
0.9,18,64,EXACT_REPLAY,,0.714,4096,3000,1000
0.9,19,4,HORIZON_1,1,0.687,0,3000,1000
0.9,19,4,HORIZON_4,4,0.707,256,3000,1000
0.9,19,4,HORIZON_16,16,0.707,1024,3000,1000
0.9,19,4,HORIZON_64,64,0.608,4096,3000,1000
0.9,19,4,EXACT_REPLAY,,0.742,256,3000,1000
0.9,19,16,HORIZON_1,1,0.437,0,3000,1000
0.9,19,16,HORIZON_4,4,0.447,256,3000,1000
0.9,19,16,HORIZON_16,16,0.625,1024,3000,1000
0.9,19,16,HORIZON_64,64,0.649,4096,3000,1000
0.9,19,16,EXACT_REPLAY,,0.74,1024,3000,1000
0.9,19,64,HORIZON_1,1,0.334,0,3000,1000
0.9,19,64,HORIZON_4,4,0.311,256,3000,1000
0.9,19,64,HORIZON_16,16,0.279,1024,3000,1000
0.9,19,64,HORIZON_64,64,0.43,4096,3000,1000
0.9,19,64,EXACT_REPLAY,,0.74,4096,3000,1000
0.9,20,4,HORIZON_1,1,0.759,0,3000,1000
0.9,20,4,HORIZON_4,4,0.775,256,3000,1000
0.9,20,4,HORIZON_16,16,0.755,1024,3000,1000
0.9,20,4,HORIZON_64,64,0.633,4096,3000,1000
0.9,20,4,EXACT_REPLAY,,0.791,256,3000,1000
0.9,20,16,HORIZON_1,1,0.496,0,3000,1000
0.9,20,16,HORIZON_4,4,0.516,256,3000,1000
0.9,20,16,HORIZON_16,16,0.706,1024,3000,1000
0.9,20,16,HORIZON_64,64,0.683,4096,3000,1000
0.9,20,16,EXACT_REPLAY,,0.792,1024,3000,1000
0.9,20,64,HORIZON_1,1,0.239,0,3000,1000
0.9,20,64,HORIZON_4,4,0.271,256,3000,1000
0.9,20,64,HORIZON_16,16,0.283,1024,3000,1000
0.9,20,64,HORIZON_64,64,0.437,4096,3000,1000
0.9,20,64,EXACT_REPLAY,,0.787,4096,3000,1000
0.9,21,4,HORIZON_1,1,0.708,0,3000,1000
0.9,21,4,HORIZON_4,4,0.731,256,3000,1000
0.9,21,4,HORIZON_16,16,0.744,1024,3000,1000
0.9,21,4,HORIZON_64,64,0.698,4096,3000,1000
0.9,21,4,EXACT_REPLAY,,0.751,256,3000,1000
0.9,21,16,HORIZON_1,1,0.472,0,3000,1000
0.9,21,16,HORIZON_4,4,0.52,256,3000,1000
0.9,21,16,HORIZON_16,16,0.681,1024,3000,1000
0.9,21,16,HORIZON_64,64,0.724,4096,3000,1000
0.9,21,16,EXACT_REPLAY,,0.752,1024,3000,1000
0.9,21,64,HORIZON_1,1,0.34,0,3000,1000
0.9,21,64,HORIZON_4,4,0.29,256,3000,1000
0.9,21,64,HORIZON_16,16,0.235,1024,3000,1000
0.9,21,64,HORIZON_64,64,0.411,4096,3000,1000
0.9,21,64,EXACT_REPLAY,,0.751,4096,3000,1000
0.9,22,4,HORIZON_1,1,0.693,0,3000,1000
0.9,22,4,HORIZON_4,4,0.711,256,3000,1000
0.9,22,4,HORIZON_16,16,0.7,1024,3000,1000
0.9,22,4,HORIZON_64,64,0.676,4096,3000,1000
0.9,22,4,EXACT_REPLAY,,0.739,256,3000,1000
0.9,22,16,HORIZON_1,1,0.45,0,3000,1000
0.9,22,16,HORIZON_4,4,0.486,256,3000,1000
0.9,22,16,HORIZON_16,16,0.65,1024,3000,1000
0.9,22,16,HORIZON_64,64,0.673,4096,3000,1000
0.9,22,16,EXACT_REPLAY,,0.739,1024,3000,1000
0.9,22,64,HORIZON_1,1,0.215,0,3000,1000
0.9,22,64,HORIZON_4,4,0.198,256,3000,1000
0.9,22,64,HORIZON_16,16,0.204,1024,3000,1000
0.9,22,64,HORIZON_64,64,0.353,4096,3000,1000
0.9,22,64,EXACT_REPLAY,,0.738,4096,3000,1000
0.9,23,4,HORIZON_1,1,0.638,0,3000,1000
0.9,23,4,HORIZON_4,4,0.673,256,3000,1000
0.9,23,4,HORIZON_16,16,0.682,1024,3000,1000
0.9,23,4,HORIZON_64,64,0.639,4096,3000,1000
0.9,23,4,EXACT_REPLAY,,0.71,256,3000,1000
0.9,23,16,HORIZON_1,1,0.495,0,3000,1000
0.9,23,16,HORIZON_4,4,0.555,256,3000,1000
0.9,23,16,HORIZON_16,16,0.644,1024,3000,1000
0.9,23,16,HORIZON_64,64,0.65,4096,3000,1000
0.9,23,16,EXACT_REPLAY,,0.71,1024,3000,1000
0.9,23,64,HORIZON_1,1,0.209,0,3000,1000
0.9,23,64,HORIZON_4,4,0.233,256,3000,1000
0.9,23,64,HORIZON_16,16,0.212,1024,3000,1000
0.9,23,64,HORIZON_64,64,0.473,4096,3000,1000
0.9,23,64,EXACT_REPLAY,,0.711,4096,3000,1000
0.9,24,4,HORIZON_1,1,0.695,0,3000,1000
0.9,24,4,HORIZON_4,4,0.734,256,3000,1000
0.9,24,4,HORIZON_16,16,0.758,1024,3000,1000
0.9,24,4,HORIZON_64,64,0.638,4096,3000,1000
0.9,24,4,EXACT_REPLAY,,0.765,256,3000,1000
0.9,24,16,HORIZON_1,1,0.364,0,3000,1000
0.9,24,16,HORIZON_4,4,0.422,256,3000,1000
0.9,24,16,HORIZON_16,16,0.636,1024,3000,1000
0.9,24,16,HORIZON_64,64,0.659,4096,3000,1000
0.9,24,16,EXACT_REPLAY,,0.764,1024,3000,1000
0.9,24,64,HORIZON_1,1,0.192,0,3000,1000
0.9,24,64,HORIZON_4,4,0.211,256,3000,1000
0.9,24,64,HORIZON_16,16,0.255,1024,3000,1000
0.9,24,64,HORIZON_64,64,0.446,4096,3000,1000
0.9,24,64,EXACT_REPLAY,,0.764,4096,3000,1000
0.9,25,4,HORIZON_1,1,0.647,0,3000,1000
0.9,25,4,HORIZON_4,4,0.678,256,3000,1000
0.9,25,4,HORIZON_16,16,0.683,1024,3000,1000
0.9,25,4,HORIZON_64,64,0.622,4096,3000,1000
0.9,25,4,EXACT_REPLAY,,0.694,256,3000,1000
0.9,25,16,HORIZON_1,1,0.435,0,3000,1000
0.9,25,16,HORIZON_4,4,0.457,256,3000,1000
0.9,25,16,HORIZON_16,16,0.598,1024,3000,1000
0.9,25,16,HORIZON_64,64,0.624,4096,3000,1000
0.9,25,16,EXACT_REPLAY,,0.694,1024,3000,1000
0.9,25,64,HORIZON_1,1,0.272,0,3000,1000
0.9,25,64,HORIZON_4,4,0.278,256,3000,1000
0.9,25,64,HORIZON_16,16,0.27,1024,3000,1000
0.9,25,64,HORIZON_64,64,0.333,4096,3000,1000
0.9,25,64,EXACT_REPLAY,,0.694,4096,3000,1000
0.9,26,4,HORIZON_1,1,0.668,0,3000,1000
0.9,26,4,HORIZON_4,4,0.697,256,3000,1000
0.9,26,4,HORIZON_16,16,0.694,1024,3000,1000
0.9,26,4,HORIZON_64,64,0.576,4096,3000,1000
0.9,26,4,EXACT_REPLAY,,0.727,256,3000,1000
0.9,26,16,HORIZON_1,1,0.483,0,3000,1000
0.9,26,16,HORIZON_4,4,0.493,256,3000,1000
0.9,26,16,HORIZON_16,16,0.622,1024,3000,1000
0.9,26,16,HORIZON_64,64,0.602,4096,3000,1000
0.9,26,16,EXACT_REPLAY,,0.726,1024,3000,1000
0.9,26,64,HORIZON_1,1,0.32,0,3000,1000
0.9,26,64,HORIZON_4,4,0.298,256,3000,1000
0.9,26,64,HORIZON_16,16,0.298,1024,3000,1000
0.9,26,64,HORIZON_64,64,0.408,4096,3000,1000
0.9,26,64,EXACT_REPLAY,,0.724,4096,3000,1000
0.9,27,4,HORIZON_1,1,0.677,0,3000,1000
0.9,27,4,HORIZON_4,4,0.702,256,3000,1000
0.9,27,4,HORIZON_16,16,0.692,1024,3000,1000
0.9,27,4,HORIZON_64,64,0.612,4096,3000,1000
0.9,27,4,EXACT_REPLAY,,0.729,256,3000,1000
0.9,27,16,HORIZON_1,1,0.439,0,3000,1000
0.9,27,16,HORIZON_4,4,0.492,256,3000,1000
0.9,27,16,HORIZON_16,16,0.635,1024,3000,1000
0.9,27,16,HORIZON_64,64,0.645,4096,3000,1000
0.9,27,16,EXACT_REPLAY,,0.728,1024,3000,1000
0.9,27,64,HORIZON_1,1,0.286,0,3000,1000
0.9,27,64,HORIZON_4,4,0.278,256,3000,1000
0.9,27,64,HORIZON_16,16,0.232,1024,3000,1000
0.9,27,64,HORIZON_64,64,0.372,4096,3000,1000
0.9,27,64,EXACT_REPLAY,,0.725,4096,3000,1000
0.9,28,4,HORIZON_1,1,0.709,0,3000,1000
0.9,28,4,HORIZON_4,4,0.725,256,3000,1000
0.9,28,4,HORIZON_16,16,0.725,1024,3000,1000
0.9,28,4,HORIZON_64,64,0.667,4096,3000,1000
0.9,28,4,EXACT_REPLAY,,0.748,256,3000,1000
0.9,28,16,HORIZON_1,1,0.508,0,3000,1000
0.9,28,16,HORIZON_4,4,0.541,256,3000,1000
0.9,28,16,HORIZON_16,16,0.66,1024,3000,1000
0.9,28,16,HORIZON_64,64,0.684,4096,3000,1000
0.9,28,16,EXACT_REPLAY,,0.749,1024,3000,1000
0.9,28,64,HORIZON_1,1,0.216,0,3000,1000
0.9,28,64,HORIZON_4,4,0.242,256,3000,1000
0.9,28,64,HORIZON_16,16,0.262,1024,3000,1000
0.9,28,64,HORIZON_64,64,0.477,4096,3000,1000
0.9,28,64,EXACT_REPLAY,,0.749,4096,3000,1000
0.9,29,4,HORIZON_1,1,0.661,0,3000,1000
0.9,29,4,HORIZON_4,4,0.679,256,3000,1000
0.9,29,4,HORIZON_16,16,0.685,1024,3000,1000
0.9,29,4,HORIZON_64,64,0.579,4096,3000,1000
0.9,29,4,EXACT_REPLAY,,0.698,256,3000,1000
0.9,29,16,HORIZON_1,1,0.419,0,3000,1000
0.9,29,16,HORIZON_4,4,0.461,256,3000,1000
0.9,29,16,HORIZON_16,16,0.611,1024,3000,1000
0.9,29,16,HORIZON_64,64,0.613,4096,3000,1000
0.9,29,16,EXACT_REPLAY,,0.698,1024,3000,1000
0.9,29,64,HORIZON_1,1,0.252,0,3000,1000
0.9,29,64,HORIZON_4,4,0.258,256,3000,1000
0.9,29,64,HORIZON_16,16,0.268,1024,3000,1000
0.9,29,64,HORIZON_64,64,0.398,4096,3000,1000
0.9,29,64,EXACT_REPLAY,,0.698,4096,3000,1000
