seed,arm,mean_normalized_tracking_mse
812000,MOTOR_GATED_RNN,0.1475265729062514
812001,MOTOR_GATED_RNN,0.1740565361917063
812002,MOTOR_GATED_RNN,0.1590080907959921
812003,MOTOR_GATED_RNN,0.1636078285932127
812004,MOTOR_GATED_RNN,0.16723838822013593
812005,MOTOR_GATED_RNN,0.14881397080639747
812006,MOTOR_GATED_RNN,0.15970226293147038
812007,MOTOR_GATED_RNN,0.15113766662971384
812008,MOTOR_GATED_RNN,0.14025059250499286
812009,MOTOR_GATED_RNN,0.1581135086151662
812010,MOTOR_GATED_RNN,0.1521223464933342
812011,MOTOR_GATED_RNN,0.16751456040634888
812012,MOTOR_GATED_RNN,0.1617714345559311
812013,MOTOR_GATED_RNN,0.15420486912290657
812014,MOTOR_GATED_RNN,0.15284024127803517
812015,MOTOR_GATED_RNN,0.1507111594265824
812016,MOTOR_GATED_RNN,0.15626008288884624
812017,MOTOR_GATED_RNN,0.14859221393961441
812018,MOTOR_GATED_RNN,0.15591786345351194
812019,MOTOR_GATED_RNN,0.16400436913452104
812020,MOTOR_GATED_RNN,0.17279328152541473
812021,MOTOR_GATED_RNN,0.14488441657728182
812022,MOTOR_GATED_RNN,0.14941694450182613
812023,MOTOR_GATED_RNN,0.14905843846097044
812024,MOTOR_GATED_RNN,0.15171527495267015
812025,MOTOR_GATED_RNN,0.1531167608448411
812026,MOTOR_GATED_RNN,0.1405623662800292
812027,MOTOR_GATED_RNN,0.15194532208059008
812028,MOTOR_GATED_RNN,0.15702879849420942
812029,MOTOR_GATED_RNN,0.16135348765820395
812030,MOTOR_GATED_RNN,0.14152598434008812
812031,MOTOR_GATED_RNN,0.14933588465836634
812032,MOTOR_GATED_RNN,0.15974830724169078
812033,MOTOR_GATED_RNN,0.14824848190193313
812034,MOTOR_GATED_RNN,0.15726460398741854
812035,MOTOR_GATED_RNN,0.16773981838702368
812036,MOTOR_GATED_RNN,0.14865897401942732
812037,MOTOR_GATED_RNN,0.15416642399225405
812038,MOTOR_GATED_RNN,0.15124305841680155
812039,MOTOR_GATED_RNN,0.13947497472520304
812000,GENERIC_GRU,0.14382821151464636
812001,GENERIC_GRU,0.16298721931912863
812002,GENERIC_GRU,0.1542050516417226
812003,GENERIC_GRU,0.1639465764933032
812004,GENERIC_GRU,0.16539144455046803
812005,GENERIC_GRU,0.14743825123055598
812006,GENERIC_GRU,0.15824760387407666
812007,GENERIC_GRU,0.14867908915793962
812008,GENERIC_GRU,0.1377473724327294
812009,GENERIC_GRU,0.15478619353720438
812010,GENERIC_GRU,0.14996440045618997
812011,GENERIC_GRU,0.15916965634181146
812012,GENERIC_GRU,0.15823679483640452
812013,GENERIC_GRU,0.15130379579268563
812014,GENERIC_GRU,0.1513844812623637
812015,GENERIC_GRU,0.1502261707530223
812016,GENERIC_GRU,0.15822494294875342
812017,GENERIC_GRU,0.1458865766262723
812018,GENERIC_GRU,0.15226217020438176
812019,GENERIC_GRU,0.16360384548629142
812020,GENERIC_GRU,0.17045992124407616
812021,GENERIC_GRU,0.14110311559914374
812022,GENERIC_GRU,0.14831507420630335
812023,GENERIC_GRU,0.145431669353006
812024,GENERIC_GRU,0.14875587442347993
812025,GENERIC_GRU,0.15117997045052592
812026,GENERIC_GRU,0.1386597642881301
812027,GENERIC_GRU,0.14691986497106407
812028,GENERIC_GRU,0.15418720328528712
812029,GENERIC_GRU,0.16108263765930236
812030,GENERIC_GRU,0.13998753465900227
812031,GENERIC_GRU,0.1483493231337186
812032,GENERIC_GRU,0.15862936885998424
812033,GENERIC_GRU,0.14892016438932454
812034,GENERIC_GRU,0.1573246487777571
812035,GENERIC_GRU,0.16451767090789798
812036,GENERIC_GRU,0.14728201671140018
812037,GENERIC_GRU,0.1520994321780244
812038,GENERIC_GRU,0.14983348972297772
812039,GENERIC_GRU,0.13929011135757147
812000,MOTOR_ZERO_ABLATION,0.14467063930807356
812001,MOTOR_ZERO_ABLATION,0.16936971765194958
812002,MOTOR_ZERO_ABLATION,0.155093052878016
812003,MOTOR_ZERO_ABLATION,0.16419031827478123
812004,MOTOR_ZERO_ABLATION,0.16628225831040405
812005,MOTOR_ZERO_ABLATION,0.14925906030647032
812006,MOTOR_ZERO_ABLATION,0.16210690121377455
812007,MOTOR_ZERO_ABLATION,0.1498760601735168
812008,MOTOR_ZERO_ABLATION,0.13868643378676498
812009,MOTOR_ZERO_ABLATION,0.15944879511884563
812010,MOTOR_ZERO_ABLATION,0.15107031317540404
812011,MOTOR_ZERO_ABLATION,0.15761616050193922
812012,MOTOR_ZERO_ABLATION,0.15939060191023047
812013,MOTOR_ZERO_ABLATION,0.15578504022394962
812014,MOTOR_ZERO_ABLATION,0.15207643629704998
812015,MOTOR_ZERO_ABLATION,0.150605976746699
812016,MOTOR_ZERO_ABLATION,0.16245129564298658
812017,MOTOR_ZERO_ABLATION,0.14987055197442617
812018,MOTOR_ZERO_ABLATION,0.15305327519263118
812019,MOTOR_ZERO_ABLATION,0.16746592548787115
812020,MOTOR_ZERO_ABLATION,0.17203128849997534
812021,MOTOR_ZERO_ABLATION,0.14312988989710965
812022,MOTOR_ZERO_ABLATION,0.15507692607278062
812023,MOTOR_ZERO_ABLATION,0.14729374461698352
812024,MOTOR_ZERO_ABLATION,0.15240549287142813
812025,MOTOR_ZERO_ABLATION,0.15077614141594226
812026,MOTOR_ZERO_ABLATION,0.14098533985912576
812027,MOTOR_ZERO_ABLATION,0.14836145414219792
812028,MOTOR_ZERO_ABLATION,0.1552617502314165
812029,MOTOR_ZERO_ABLATION,0.16434174836765747
812030,MOTOR_ZERO_ABLATION,0.1430058659621754
812031,MOTOR_ZERO_ABLATION,0.1498424338574338
812032,MOTOR_ZERO_ABLATION,0.1582685359585576
812033,MOTOR_ZERO_ABLATION,0.14934045785497918
812034,MOTOR_ZERO_ABLATION,0.15869007491904816
812035,MOTOR_ZERO_ABLATION,0.17233390379064834
812036,MOTOR_ZERO_ABLATION,0.14720739235455116
812037,MOTOR_ZERO_ABLATION,0.1558566816447128
812038,MOTOR_ZERO_ABLATION,0.15034964670511158
812039,MOTOR_ZERO_ABLATION,0.13967188318651286
812000,MOTOR_PERMUTED_ABLATION,0.14404045689872527
812001,MOTOR_PERMUTED_ABLATION,0.16771476592993467
812002,MOTOR_PERMUTED_ABLATION,0.15630926394389805
812003,MOTOR_PERMUTED_ABLATION,0.16566722895996422
812004,MOTOR_PERMUTED_ABLATION,0.16645325613342843
812005,MOTOR_PERMUTED_ABLATION,0.14790987226061778
812006,MOTOR_PERMUTED_ABLATION,0.1596169948932506
812007,MOTOR_PERMUTED_ABLATION,0.1516476474514724
812008,MOTOR_PERMUTED_ABLATION,0.13853882984969468
812009,MOTOR_PERMUTED_ABLATION,0.15480463465813643
812010,MOTOR_PERMUTED_ABLATION,0.1499516247504195
812011,MOTOR_PERMUTED_ABLATION,0.16072813089616989
812012,MOTOR_PERMUTED_ABLATION,0.1566611040680589
812013,MOTOR_PERMUTED_ABLATION,0.15358728906894573
812014,MOTOR_PERMUTED_ABLATION,0.15255767754752825
812015,MOTOR_PERMUTED_ABLATION,0.1499788505240025
812016,MOTOR_PERMUTED_ABLATION,0.16216607968957597
812017,MOTOR_PERMUTED_ABLATION,0.1467924790679517
812018,MOTOR_PERMUTED_ABLATION,0.15352278345682324
812019,MOTOR_PERMUTED_ABLATION,0.16448308667700873
812020,MOTOR_PERMUTED_ABLATION,0.17072168722047334
812021,MOTOR_PERMUTED_ABLATION,0.14447957457780322
812022,MOTOR_PERMUTED_ABLATION,0.15032309651060702
812023,MOTOR_PERMUTED_ABLATION,0.1481999675352792
812024,MOTOR_PERMUTED_ABLATION,0.1522623951261146
812025,MOTOR_PERMUTED_ABLATION,0.15253696001708114
812026,MOTOR_PERMUTED_ABLATION,0.14140832561401195
812027,MOTOR_PERMUTED_ABLATION,0.14807179486914473
812028,MOTOR_PERMUTED_ABLATION,0.1556082548092683
812029,MOTOR_PERMUTED_ABLATION,0.1630803328446282
812030,MOTOR_PERMUTED_ABLATION,0.1461851426550066
812031,MOTOR_PERMUTED_ABLATION,0.14941847371442812
812032,MOTOR_PERMUTED_ABLATION,0.1574905531983145
812033,MOTOR_PERMUTED_ABLATION,0.149789477877467
812034,MOTOR_PERMUTED_ABLATION,0.16209293906034486
812035,MOTOR_PERMUTED_ABLATION,0.16566049458810075
812036,MOTOR_PERMUTED_ABLATION,0.14782508803299343
812037,MOTOR_PERMUTED_ABLATION,0.15573929790688512
812038,MOTOR_PERMUTED_ABLATION,0.14970474690173668
812039,MOTOR_PERMUTED_ABLATION,0.13957544601360788
812000,KNOWN_GENERATOR_KALMAN_FIXED_GAIN,0.14590815603534135
812001,KNOWN_GENERATOR_KALMAN_FIXED_GAIN,0.16539399325857784
812002,KNOWN_GENERATOR_KALMAN_FIXED_GAIN,0.15617668890049513
812003,KNOWN_GENERATOR_KALMAN_FIXED_GAIN,0.16527671175941444
812004,KNOWN_GENERATOR_KALMAN_FIXED_GAIN,0.16783865372190193
812005,KNOWN_GENERATOR_KALMAN_FIXED_GAIN,0.1499198700271752
812006,KNOWN_GENERATOR_KALMAN_FIXED_GAIN,0.16067021836590775
812007,KNOWN_GENERATOR_KALMAN_FIXED_GAIN,0.15064857197691436
812008,KNOWN_GENERATOR_KALMAN_FIXED_GAIN,0.14103567127286099
812009,KNOWN_GENERATOR_KALMAN_FIXED_GAIN,0.15669676123867776
812010,KNOWN_GENERATOR_KALMAN_FIXED_GAIN,0.15096002867078298
812011,KNOWN_GENERATOR_KALMAN_FIXED_GAIN,0.15975840089708604
812012,KNOWN_GENERATOR_KALMAN_FIXED_GAIN,0.15762335318424547
812013,KNOWN_GENERATOR_KALMAN_FIXED_GAIN,0.15395093062126597
812014,KNOWN_GENERATOR_KALMAN_FIXED_GAIN,0.15268378561248228
812015,KNOWN_GENERATOR_KALMAN_FIXED_GAIN,0.15339763709131765
812016,KNOWN_GENERATOR_KALMAN_FIXED_GAIN,0.15778660579780576
812017,KNOWN_GENERATOR_KALMAN_FIXED_GAIN,0.1495954307770176
812018,KNOWN_GENERATOR_KALMAN_FIXED_GAIN,0.15417916035058435
812019,KNOWN_GENERATOR_KALMAN_FIXED_GAIN,0.16312837606422448
812020,KNOWN_GENERATOR_KALMAN_FIXED_GAIN,0.17233645486785562
812021,KNOWN_GENERATOR_KALMAN_FIXED_GAIN,0.1454955035924058
812022,KNOWN_GENERATOR_KALMAN_FIXED_GAIN,0.14994187173691106
812023,KNOWN_GENERATOR_KALMAN_FIXED_GAIN,0.14852088508168176
812024,KNOWN_GENERATOR_KALMAN_FIXED_GAIN,0.15318275173721202
812025,KNOWN_GENERATOR_KALMAN_FIXED_GAIN,0.15351853859931375
812026,KNOWN_GENERATOR_KALMAN_FIXED_GAIN,0.141342725781907
812027,KNOWN_GENERATOR_KALMAN_FIXED_GAIN,0.14971983490516577
812028,KNOWN_GENERATOR_KALMAN_FIXED_GAIN,0.15522312701670465
812029,KNOWN_GENERATOR_KALMAN_FIXED_GAIN,0.16172912105662934
812030,KNOWN_GENERATOR_KALMAN_FIXED_GAIN,0.14190391572403205
812031,KNOWN_GENERATOR_KALMAN_FIXED_GAIN,0.15096914624142152
812032,KNOWN_GENERATOR_KALMAN_FIXED_GAIN,0.1596364475148643
812033,KNOWN_GENERATOR_KALMAN_FIXED_GAIN,0.14974507044483604
812034,KNOWN_GENERATOR_KALMAN_FIXED_GAIN,0.1590739786090899
812035,KNOWN_GENERATOR_KALMAN_FIXED_GAIN,0.16495560252616953
812036,KNOWN_GENERATOR_KALMAN_FIXED_GAIN,0.14927864628212487
812037,KNOWN_GENERATOR_KALMAN_FIXED_GAIN,0.155027674015435
812038,KNOWN_GENERATOR_KALMAN_FIXED_GAIN,0.15041644913977892
812039,KNOWN_GENERATOR_KALMAN_FIXED_GAIN,0.1403808275620357
812000,MEMORYLESS_REACTIVE,0.15335881856376798
812001,MEMORYLESS_REACTIVE,0.17317344232908932
812002,MEMORYLESS_REACTIVE,0.1637905690651862
812003,MEMORYLESS_REACTIVE,0.1730055991428568
812004,MEMORYLESS_REACTIVE,0.17606297688608435
812005,MEMORYLESS_REACTIVE,0.15800834218830778
812006,MEMORYLESS_REACTIVE,0.16775010864484408
812007,MEMORYLESS_REACTIVE,0.15862982188760533
812008,MEMORYLESS_REACTIVE,0.1491594252408041
812009,MEMORYLESS_REACTIVE,0.1642294960171577
812010,MEMORYLESS_REACTIVE,0.15901636423427062
812011,MEMORYLESS_REACTIVE,0.16748444962147754
812012,MEMORYLESS_REACTIVE,0.1645811634294601
812013,MEMORYLESS_REACTIVE,0.16197057588845193
812014,MEMORYLESS_REACTIVE,0.1602922209082892
812015,MEMORYLESS_REACTIVE,0.16247616787057895
812016,MEMORYLESS_REACTIVE,0.16524316724312577
812017,MEMORYLESS_REACTIVE,0.15848242295595316
812018,MEMORYLESS_REACTIVE,0.16205042052818255
812019,MEMORYLESS_REACTIVE,0.17033554675621185
812020,MEMORYLESS_REACTIVE,0.1800419885233328
812021,MEMORYLESS_REACTIVE,0.15377823028708837
812022,MEMORYLESS_REACTIVE,0.15729616441275102
812023,MEMORYLESS_REACTIVE,0.15568408103171844
812024,MEMORYLESS_REACTIVE,0.16162222352807248
812025,MEMORYLESS_REACTIVE,0.16134086309891066
812026,MEMORYLESS_REACTIVE,0.14910140940820513
812027,MEMORYLESS_REACTIVE,0.15720616613271368
812028,MEMORYLESS_REACTIVE,0.16180388645738583
812029,MEMORYLESS_REACTIVE,0.16934112317741243
812030,MEMORYLESS_REACTIVE,0.14950789568927741
812031,MEMORYLESS_REACTIVE,0.1589144866562384
812032,MEMORYLESS_REACTIVE,0.16742223859652544
812033,MEMORYLESS_REACTIVE,0.15715774676906144
812034,MEMORYLESS_REACTIVE,0.1667940000775459
812035,MEMORYLESS_REACTIVE,0.1721982458501078
812036,MEMORYLESS_REACTIVE,0.15722452890707875
812037,MEMORYLESS_REACTIVE,0.1635505328677431
812038,MEMORYLESS_REACTIVE,0.15783784678482005
812039,MEMORYLESS_REACTIVE,0.1474310609698513
