scene_id,scene_group,split,filename_sha256
hdrihaven_001_ahornsteig_16k,ahornsteig_16k,validation,3a38e6ab2f029fc66899e4337e14bf06debbfa90d4f972b9776e7d1b28623357
hdrihaven_002_autumn_crossing_16k,autumn_crossing_16k,validation,49e75ad4116316a3626ac8af73346b31bc92ddfb9da8c673b1eaf6b5b4a4ef01
hdrihaven_003_autumn_ground_16k,autumn_ground_16k,validation,ab75f320a7f84b8b7ea17e4af7794b125f130e993d4a28d50fcf894fcbe875b0
hdrihaven_004_autumn_hockey_16k,autumn_hockey_16k,test,fd2b13138845f7b7f36906ff689c6ee33fb0d15ef511416c4f39b3a0e1b2bac6
hdrihaven_005_balcony_16k,balcony_16k,train,a9f421b85198741f32a81eae1e600761410744b1b4916a715428caca7a7ab314
hdrihaven_006_bathroom_16k,bathroom_16k,train,248f88ea9da0f04f592abcbd87ead2faa78b18de02f593831a4f8d6eb54a5690
hdrihaven_007_beach_parking_16k,beach_parking_16k,train,fef6d5551ee40b300f86825b66ce9d30f7d8cd7762b11d39f093828004ff1263
hdrihaven_008_bell_park_dawn_16k,bell_park_dawn_16k,train,b4fcd0e2fdaccf4ef768e40cab4a81053e7648da6055de198805b43cc46c19cb
hdrihaven_009_bell_park_pier_16k,bell_park_pier_16k,test,0a65f710e0125c99dc713ac42eed76fe48c782f6d2933dd98eebed5973a9bd60
hdrihaven_010_belvedere_16k,belvedere_16k,train,a9dc6e8a49dfcf30054ad351c7dc385e365a900d736c6fa479a01403506fcbf7
hdrihaven_011_bergen_16k,bergen_16k,train,9192bba68ae2f60ab0abcb3375324d44cca81de82a5a9a7b31d948bd9bdb6acf
hdrihaven_012_between_bridges_16k,between_bridges_16k,train,cb8cd2b98ac6c569e7fe87385dff097ce81b52ad2697fd3975d1f823d682d5c0
hdrihaven_013_binnenalster_16k,binnenalster_16k,train,ab1cdf8aaf82a1906da74408a4b63c1bc18554cb77b28b1cf574470b5eb520de
hdrihaven_014_blender_institute_16k,blender_institute_16k,train,b0508bf1b4d72a9b055c8a7db80c23a544806b97b47e97a6bd3c8ead2c782fae
hdrihaven_015_blinds_16k,blinds_16k,test,f68e5c8453f06893aba41d8ad22c2fc49e6245bb052275e32d30f5daea48acf6
hdrihaven_016_blouberg_sunrise_1_16k,blouberg_sunrise_1_16k,train,87cdaac22d6f9081f1b94babdacf55e3440a7d6a1c2684923475e7f1a2f5960a
hdrihaven_017_blouberg_sunrise_2_16k,blouberg_sunrise_2_16k,train,b5d59ea6a793d60b7d7b0749b1cadcd485ed90b1e1a9bf65c3e641f0426f8202
hdrihaven_018_blue_grotto_16k,blue_grotto_16k,train,2801d21c1479dde0eedca0da7aac54bbe7f8fbaa2e32339d48f7833f270e77a3
hdrihaven_019_cabin_16k,cabin_16k,train,9a80803a997573380715c814c55c6c8aa9d877dfc8fe6dd06276410ef2d5e3f0
hdrihaven_020_cape_hill_16k,cape_hill_16k,train,531a0b7a8574cd2242aeee6c82f4b760f2275b7147e45824b5afe4c2ea83ec84
hdrihaven_021_cave_wall_16k,cave_wall_16k,train,9e47df323b601eb6b8c8e49871b2c9b5c1b64ff71e72605fde461f09ee33bb3d
hdrihaven_022_cayley_interior_16k,cayley_interior_16k,train,078a6213f83ff3ccb0dbca521035a703d096b144ec6b234a591eb641b400775f
hdrihaven_023_cayley_lookout_16k,cayley_lookout_16k,test,988ca80ada64d2e4fc5518c6bf9ce0f96c35c9f6c9c917851a5391a24a724b8b
hdrihaven_024_cedar_bridge_16k,cedar_bridge_16k,train,8fb8be1c828a65fc685ffa0750b04dbe3f405b0995f52fd497edbf6cd8b064ed
hdrihaven_025_champagne_castle_1_16k,champagne_castle_1_16k,train,5ea7602ca85162251f7d93064d1a02b1fc607ca1252c65e2b681d51c4560a4ce
hdrihaven_026_chapmans_drive_16k,chapmans_drive_16k,train,f7ff7517bd54a5b418aeac0df039336279b7e716f88e53f68ff48ef9b441a235
hdrihaven_027_circus_maximus_1_16k,circus_maximus_1_16k,train,ccb67aff5577e30de303e4a7bc75b25c6f0d7b7e0edc89f45b34d97ebb6d5abf
hdrihaven_028_circus_maximus_2_16k,circus_maximus_2_16k,train,2394c2d9683d3b34435307caac04e4333a620c96286ec06cc44d85d0f5383822
hdrihaven_029_cliffside_16k,cliffside_16k,validation,66f471dc1df9ec0b4a26c6d70fac25d7b21ea486c34a4390959a616b2fccecd2
hdrihaven_030_cloud_layers_16k,cloud_layers_16k,validation,5a792ad1ee85f16f9bff0aca588190ae0f67b15643b9af926b397829c50f2a06
hdrihaven_031_cloudy_cliffside_road_16k,cloudy_cliffside_road_16k,train,31c796b7f694fb9d4b6c212ed5e87086c687aab6a16b6726ee9ccf86f7dea6fb
hdrihaven_032_cloudy_vondelpark_16k,cloudy_vondelpark_16k,train,fe23c72096ee8d969f4c92c6aa4300338a07c32fb204f580faf7bbbf43785f38
hdrihaven_033_colosseum_16k,colosseum_16k,train,556294473ef27019d5825aab9fe6dbb133f3c5c623109714fc55097572d4c2f1
hdrihaven_034_courtyard_16k,courtyard_16k,train,bce8267b707336599f3454750b0f3d66bd1b0ab8b1200fee1b61b5ece124fb86
hdrihaven_035_courtyard_night_16k,courtyard_night_16k,train,b7df0c3c740ac95a67e7bc76f2ab70750ecb268e718ba2e2ef9b135da37c5abe
hdrihaven_036_crystal_falls_16k,crystal_falls_16k,train,6e1b9d79ebc7e55cca82f99076022b38ba6c2632c0dd8d6e535f8f54a92ea325
hdrihaven_037_dam_road_16k,dam_road_16k,train,5bc56f7046667de614046d8c816b337711e7f48442045ddda846002cde60062a
hdrihaven_038_de_balie_16k,de_balie_16k,train,520853989c524d3f2998003cf2fbe186908535b4f2388d3862076a37d9d4e64f
hdrihaven_039_delta_2_16k,delta_2_16k,validation,a8311478ae3e19f2eb498da6aaea8d914262b95ecccf4f8ed83ff3312c4468ff
hdrihaven_040_dresden_moat_16k,dresden_moat_16k,test,86369059c2cc7686965a311679049c25807b133a2a4d649ad3026a2ee422afd5
hdrihaven_041_dresden_square_16k,dresden_square_16k,train,e9cb89eac3e4b6594168d6e96fa4b5e9f779b30834c3185bf86056fecfe89c99
hdrihaven_042_dresden_station_night_16k,dresden_station_night_16k,train,6064fca99fa8ad17e2c542cf8b2dbd55eff0192c8c92d703e9858a9cb33cfa09
hdrihaven_043_dry_field_16k,dry_field_16k,train,23503db3a11fe30f5f7b23251e432a0e846fc0596e2cb080ce7c558a324cc9d6
hdrihaven_044_dusseldorf_bridge_16k,dusseldorf_bridge_16k,train,05fb19191d920a233fec1c6cc38088431db99bc9d5ddf867c1c1d278f7997ba7
hdrihaven_045_eilenriede_labyrinth_16k,eilenriede_labyrinth_16k,train,49b7c4680fb295d099a73682cd4e74bc488f37791196bdcc1aa749f487c7de6f
hdrihaven_046_eilenriede_park_16k,eilenriede_park_16k,train,eab32b8a9d8de24f658d40b9c74636431d7b56fe276cc4027b7376d28fcc6fbf
hdrihaven_047_emmarentia_16k,emmarentia_16k,train,efd00b6691138b3d062272f06c46bf311483d66af9329169730cd96940e638df
hdrihaven_048_en_suite_16k,en_suite_16k,train,2c572262077bf1ce37df2696801bb68c06b195196dd3b001c7f12f66d9466f86
hdrihaven_049_fireplace_16k,fireplace_16k,train,da5048682edcbc294e6a5aab5871719d34e746363ce6eef500ba52d065772327
hdrihaven_050_fish_eagle_hill_16k,fish_eagle_hill_16k,train,b614dd127b44355ee87cbbe9029beab5d20d562c0c33a8118c9b31f7e4a24f16
hdrihaven_051_fish_hoek_beach_16k,fish_hoek_beach_16k,train,74ac8bb2cc8513307e63def4cc0d803b5212b68eb2563de51a2377690a42081e
hdrihaven_052_floral_tent_16k,floral_tent_16k,validation,4a60c0fdf5ae926b890ec9aa5c1764b9b886baacb2ae4859ad99a0aaab89634a
hdrihaven_053_flower_road_16k,flower_road_16k,train,21881ec43931ab8361c8c2dc29635f64c26a8f6c5ecf38ba1afbb682d3099e23
hdrihaven_054_furry_clouds_16k,furry_clouds_16k,train,c780a26909a8ca390521f13a3b6ebba9c765bd00841efda2b8e52bdd1318d461
hdrihaven_055_garage_16k,garage_16k,train,6eb4975cac3ec7c533e91bc026b32e67c5c849704f1a3ab70c9a9742c3a935e6
hdrihaven_056_georgentor_16k,georgentor_16k,train,67e36db3b9f8b6fa9cade05a7ac2c05fcad5d764e98ead34da4d387cdf03ed36
hdrihaven_057_glass_passage_16k,glass_passage_16k,train,2b90d62cc78b9c58cff489131e15051c1945ee68082e7e29a4cea616b98e6695
hdrihaven_058_goegap_16k,goegap_16k,train,4ddfeb84a3c9bbb173efcb54165783b63554e9147849376b09600d51f567095e
hdrihaven_059_graffiti_shelter_16k,graffiti_shelter_16k,train,d416bdaef7467008c412fb556850296388a913c603a8ba31d1583952b781a26d
hdrihaven_060_gray_pier_16k,gray_pier_16k,train,eadd3241873064c0714d47ce7974c7f671f663ca0d79018fac3e45583ad945d6
hdrihaven_061_green_point_park_16k,green_point_park_16k,train,afde45455687a218a73a4d1df887338b09739b1ad731cc93f230e96f998b8a74
hdrihaven_062_hamburg_canal_16k,hamburg_canal_16k,train,dfb0d441a5c68d8a8a6fbc035ec409bcdf64fc7f423e6e27a44046804d51c3fa
hdrihaven_063_hamburg_hbf_16k,hamburg_hbf_16k,train,8c45406b69f3e5f82a1dff79eebe9ec41dec2223bb4d924bbcefa3ba10142ea9
hdrihaven_064_hansaplatz_16k,hansaplatz_16k,train,45048b72438ac2c795e17177eb986ad334a30058555e95a2c4a9037f6a8222ab
hdrihaven_065_harties_16k,harties_16k,test,27b855076a375165cf2e9d97483d95a8526f82c3542c5f8de45af49cd2efc2f4
hdrihaven_066_hikers_cave_16k,hikers_cave_16k,train,e66fcf6709f06793ff2754c3141f6dbd75600e0a3f7fc14c7e0e64e962a615d0
hdrihaven_067_hilltop_construction_16k,hilltop_construction_16k,train,ec7d0cd42a3ea94b6a4b4517edae8d6c41c29a8c8b70469396be8690d2e43257
hdrihaven_068_hotel_room_16k,hotel_room_16k,train,bec21df162c418f620c5d90036bcf6915cf6bce1477256b843699bda400f0368
hdrihaven_069_kiara_1_dawn_16k,kiara_1_dawn_16k,train,f3ecd9a8e1a8e75fb1d6172535b1fbbd97993ccccd126fed0226ccb76e4c1fe6
hdrihaven_070_kiara_2_sunrise_16k,kiara_2_sunrise_16k,train,c38a27acac63dca251afc526511f947270df8793196dad3abe87f69d43de73c9
hdrihaven_071_kiara_3_morning_16k,kiara_3_morning_16k,train,3ce6aac9fe3db4d66adf63a5f69c22b7ca587d114de10f7ae75464ea688e52cc
hdrihaven_072_kiara_4_mid-morning_16k,kiara_4_mid-morning_16k,validation,81b472bfbd290f2ebec4364f2299b914831a25f79a7620f5c5f84c1abd4a9a4b
hdrihaven_073_kiara_5_noon_16k,kiara_5_noon_16k,train,46bc084dd6073832594f7f2553e7de71ee4edd88ef945410f705f2c106d1454f
hdrihaven_074_kiara_6_afternoon_16k,kiara_6_afternoon_16k,train,59f22236159b18eef39ca70f3ec571e77ebd18a35a1f93ec45aa91cb878f8cfb
hdrihaven_075_kiara_7_late-afternoon_16k,kiara_7_late-afternoon_16k,train,33b85316713a42cf40edd4fd9fa4df1f71f405661748dbe36596dbd96932b7f2
hdrihaven_076_kiara_8_sunset_16k,kiara_8_sunset_16k,train,ff793f3c600baf78dcb3cfa27c98aca20c64de7924273a7d01c83163643a7613
hdrihaven_077_kiara_9_dusk_16k,kiara_9_dusk_16k,train,1c6dfe9132a3eb78e77d573e1659ec4ca31e665c9f0c3ab800daa5c5bb54e29e
hdrihaven_078_kiara_interior_16k,kiara_interior_16k,train,04e4e4885a3e09be84058aa754ffece29a1714f666f837af2b28dd93390b504d
hdrihaven_079_konigsallee_16k,konigsallee_16k,test,76637ad9c5d6e1cdc96e4c0728a2b513c5c5ba1e987236ccfb80ee93554875c7
hdrihaven_080_konzerthaus_16k,konzerthaus_16k,train,4e4d980a36e6c1869c336c77e37527c84e9ffb06007e958a2cf505070928b351
hdrihaven_081_lapa_16k,lapa_16k,train,347943db4ca507ba59dfb3b69e46afd6ab24a1c800825fc8390c9b25b3024456
hdrihaven_082_learner_park_16k,learner_park_16k,train,e500df651f7babc34f2db553151b5fc5a8a59df51356c8f7227301b7c1af36b4
hdrihaven_083_lenong_1_16k,lenong_1_16k,train,e7609d8f68e280dbe5f8428491462f147069b679b8f5e65ef21de4e4dc5b3d19
hdrihaven_084_lenong_2_16k,lenong_2_16k,test,42890893df388eee863febbd438f6d0f5cd307034540e421aac0d77ce1232a7b
hdrihaven_085_lookout_16k,lookout_16k,test,3ebc9243663b1b491603af027f00940e2a1dd3c1ddd810f996d9e7d2fa695d57
hdrihaven_086_lythwood_field_16k,lythwood_field_16k,test,acff1b21eeca00b3426d96bca6531df1ec0d386930368b6e039f031a3d732ef4
hdrihaven_087_mealie_road_16k,mealie_road_16k,train,ae74c5aa9b71f90b7fa531d07e07709003c539660ba0d834b3693445f3d0537c
hdrihaven_088_misty_pines_16k,misty_pines_16k,train,67a3bc0b320f0f092d9b661c5d1d1a5ba5394d6570e98a78da0d655517b64eab
hdrihaven_089_modern_buildings_16k,modern_buildings_16k,train,10d91aa63a7d220d1319f5b6f14588697dc2663c96c61d4fcd6f991d31c277bf
hdrihaven_090_modern_buildings_night_16k,modern_buildings_night_16k,validation,a7c4775564b29f0bd0478e3ac77ce65e0b05f79bf488b011d9a72f70936c1a4a
hdrihaven_091_monks_forest_16k,monks_forest_16k,train,4affc0ab21165c9a1348f6c72402bc74b19b53933c1847d0e6b7e86904274a5f
hdrihaven_092_moonless_golf_16k,moonless_golf_16k,train,c3394e97fbbb551d273c5ffcfb2ed6f830856ed7be04fbf8ecfefcd9a96b078a
hdrihaven_093_moonlit_golf_16k,moonlit_golf_16k,test,ac1eadc7a362d173e89f9b2424db8e355a9b89add4bd03e7cfebd09a10d17460
hdrihaven_094_mosaic_tunnel_16k,mosaic_tunnel_16k,validation,be62fd11ac1547fafb0f10dafe1c500b03c2492c42c8e29e5e7aeaceff2d8be4
hdrihaven_095_mossy_forest_16k,mossy_forest_16k,train,b983ec24f8a454521c1a19ff61707624fd9ad48d4b150bd1218bcc5f9602a397
hdrihaven_096_mpumalanga_veld_16k,mpumalanga_veld_16k,test,d02efe45e33089cedc6841bc24577738776e10432fca9c2f2b3d186bf6c9c3e4
hdrihaven_097_mud_road_16k,mud_road_16k,train,b9c4f5e549ff702256b8a11bd60ee8260bf09584d836e004c6aff7bb98b87dde
hdrihaven_098_museumplein_16k,museumplein_16k,train,9931201b9d14dd0f5406e9f5ff12bf3a2ee69b6e9e507bd3e8a4ade6fa6bc7f5
hdrihaven_099_neuer_zollhof_16k,neuer_zollhof_16k,validation,cc205e287107654b3d830080dc74c13d58f829aa9bcc07c49bdd31d3cc53131b
hdrihaven_100_nkuhlu_16k,nkuhlu_16k,train,cd7f9ca2e4441a0423ec7bbe82ecc1742e47c9ec1168e4293f5b3c3826fada37
hdrihaven_101_noga_16k,noga_16k,test,97950eba0328f2a64d3b3db325d3cc58b90a1aaeae56645ad90c180b1e14c4bf
hdrihaven_102_noon_grass_16k,noon_grass_16k,train,4dc76d12ba5c0f1cd79fc27856eb8745b0634136ea2c09c1fc02516a75addfd4
hdrihaven_103_northcliff_16k,northcliff_16k,train,055ea0ae5dbbe959aaa3c3c599d2e62fe39f65250e1ffc209c3e3dda9f0e9e63
hdrihaven_104_ostrich_road_16k,ostrich_road_16k,train,87a9300e703312daab57adfcdfc185109d635f01960bf87a3914bb17b30f2e87
hdrihaven_105_park_bench_16k,park_bench_16k,train,f8962cc7dc7903c9b3ebd3a3226ce2c2feb1f7b894627c42e221b289f9fa5b81
hdrihaven_106_parking_garage_16k,parking_garage_16k,train,fb21d9a8b945dcd7765f96e5bc95f259f5a03faa97311843ed6b4c597e143948
hdrihaven_107_partial_eclipse_16k,partial_eclipse_16k,train,a69ce6057ce30519837569975d53fad408a84559ac5acfaca50d5ad165b4e6fa
hdrihaven_108_paul_lobe_haus_16k,paul_lobe_haus_16k,train,3f45dfe36f399993aaf3e1c796a9b67f0f2ab38e8f0aa9b046cac50a9743ac4c
hdrihaven_109_piazza_martin_lutero_16k,piazza_martin_lutero_16k,validation,1da5e2bf23fd6a894956c9c3547562c53f824d45403c642233117d4bf151794a
hdrihaven_110_piazza_san_marco_16k,piazza_san_marco_16k,train,d82567cd0e0432301ca04c33a1afabb903dd47e33915ad5bf80efd313c91d9be
hdrihaven_111_pillars_16k,pillars_16k,validation,0db412562d0aeb1d3a4c502f25ad2acd2835098ef9af36bb3a42a446c108a185
hdrihaven_112_pink_sunrise_16k,pink_sunrise_16k,test,fbb99d27401af3397f2f967e8df0211ea2fca504bab4a394071fe4bda5ab8e92
hdrihaven_113_pond_16k,pond_16k,train,c345a74c1718b9144e434bfab647833d64e07a2d515f17fd61e3b7b81b3de32b
hdrihaven_114_pond_bridge_night_16k,pond_bridge_night_16k,train,82a37451308653c98dd95c02cc1853bcc78e9f4448aae56cde1beabfbe9c5ee5
hdrihaven_115_potsdamer_platz_16k,potsdamer_platz_16k,train,2e21948eeb532e604a901b583f000268c61367836c66d676832fc97f8f236842
hdrihaven_116_preller_drive_16k,preller_drive_16k,validation,8c7b58f2db836d5c3e56dbea8b9c08f28df8ea39de72c9a5262b64f723e10abe
hdrihaven_117_rathaus_16k,rathaus_16k,train,1dafb16f7a6f53664b15d84ce798623ed59d0f21199b9c143495ddd5c3661392
hdrihaven_118_reading_room_16k,reading_room_16k,train,e68a29014888da0eab66aa720248c915e485c95b0130de0ae176a7b4abd7f316
hdrihaven_119_red_hill_curve_16k,red_hill_curve_16k,validation,bd4ce93abe818b24de776421a5767d95301f87ad55aa848f84786f704016f219
hdrihaven_120_red_hill_straight_16k,red_hill_straight_16k,train,e58f720263ef58f68615ee33f867c0f028c44e091bf9390a00622e66d9715e69
hdrihaven_121_red_wall_16k,red_wall_16k,train,37393c2d2a8a84a22a045db4ef808b7b68bc0f4ae0bff7f700a9f350470291c3
hdrihaven_122_reichstag_1_16k,reichstag_1_16k,train,a6df5a132453ba824a8bfca62e1310957e0cc2c92bef7f399d09e03112ca5b11
hdrihaven_123_residential_garden_16k,residential_garden_16k,test,075a7f41b4afbcd21d8239cfcb3a2448cf4e6ebed38892ea9c33890afc7b9ba6
hdrihaven_124_rhodes_memorial_16k,rhodes_memorial_16k,train,4938e1cd65fca6305e4ab10ec08005cc95d744cf1500a65cd6b9c00b9c90c106
hdrihaven_125_river_rocks_16k,river_rocks_16k,train,1ad6a3b7dd7c8dd2c27b56cd440e37ccd371305bb8242397c790857111cbf496
hdrihaven_126_river_walk_1_16k,river_walk_1_16k,train,78bf0ad882ba11d74a1f8aa9693d81b9cbb545a2fab1d98d4fa732fc75f943c1
hdrihaven_127_river_walk_2_16k,river_walk_2_16k,validation,753d58af4339e83dcf336de09f26c6abf35697e9b5cc2fd1a8d29c9eda89b9d1
hdrihaven_128_rocky_ridge_16k,rocky_ridge_16k,train,66fac7a6a6c86cbba046939dc466cf35b48258160c4aa46a4097d1b82a3cc374
hdrihaven_129_roofless_ruins_16k,roofless_ruins_16k,train,f5728dbba66567fc87f4ebbbf91b84ff1ad34e925306184dd419fce5f60a2470
hdrihaven_130_rooftop_day_16k,rooftop_day_16k,test,ab7183f30c5e26dff2bddd7431643a53bf9f71a5aa69de86995cce00c267a633
hdrihaven_131_rooftop_night_16k,rooftop_night_16k,train,5ff50c38ba91e36aa883051ff983feb7c0240934406a8df21b12a6df25f9740a
hdrihaven_132_rustig_koppie_16k,rustig_koppie_16k,validation,1bfafd2147f95c9882f3c4a615c35001d4d7da3cc86fe5dca0715c1520264f93
hdrihaven_133_sabie_tent_16k,sabie_tent_16k,train,d555d91721abf2c8e4c00065ba071240e64a43fa4ffa77f1124e317e4d6d8d9f
hdrihaven_134_san_giuseppe_bridge_16k,san_giuseppe_bridge_16k,train,f2724f81c7be98b848d5588adb53a896cb439c8834ba722bdc8ec1e5a0f5d042
hdrihaven_135_satara_night_16k,satara_night_16k,train,3d0ae3dc5572673eef18b32c8c4140431c2b119a8828848d37d7bdafb24a2930
hdrihaven_136_satara_night_no_lamps_16k,satara_night_no_lamps_16k,train,76c4a75f958c06d7b7d875f63203de94027d2dded3cd162fceee4faf581247a7
hdrihaven_137_schadowplatz_16k,schadowplatz_16k,train,2db99a529a0a7486dd1eb8930fe2dd9dfce7abb9922b83fdcb41590767bc0dc9
hdrihaven_138_secluded_beach_16k,secluded_beach_16k,train,5ae7487e35b6016da81401caea7d242f4ce274d2aab1d46f26a1f7da7647205c
hdrihaven_139_shady_patch_16k,shady_patch_16k,train,999e39b2ce725172963eeed737839016fb9e767d15fd3b0aa458ae14b9dc4214
hdrihaven_140_short_tunnel_16k,short_tunnel_16k,train,d4bf155bae3f45a51e52f5014c4a1c9460b6230555d486be447a4f93c361aad6
hdrihaven_141_signal_hill_dawn_16k,signal_hill_dawn_16k,train,219facdd6ddc26383201c26e48cf99b03baa7f0d1f3e4e4912acd27f8a21a540
hdrihaven_142_signal_hill_sunrise_16k,signal_hill_sunrise_16k,test,9db69b33f1137e595d63820c67fd701e56a4fb6b8fc3cb69043e46452847f156
hdrihaven_143_simons_town_harbour_16k,simons_town_harbour_16k,train,175ab55d6760b94376e17ffffc2d29cb2b58851f22279b74c754edf12b3d3e1d
hdrihaven_144_simons_town_rocks_16k,simons_town_rocks_16k,train,74d1e0775ea0ca1e000462cd50697eb188ec0a41ada9feeb9c8fa5d39676a0b6
hdrihaven_145_sisulu_16k,sisulu_16k,train,22879165ac96b9b6de05db7f73f5e055ec2259e8064ba20d1ba357e5235494f6
hdrihaven_146_skate_park_16k,skate_park_16k,test,efaff02b480a964237fddb14d840849343a3056287e94e4badb0ec5125613207
hdrihaven_147_skukuza_golf_16k,skukuza_golf_16k,validation,c5a068ae90cc50c654243d67dcd3e6e7c26bac8ebf357416d3588209b180e720
hdrihaven_148_skylit_garage_16k,skylit_garage_16k,train,c08efdf435a5b452a19e7f70e2e5cc1197cdecdfc7ca5e874e1202e2ccb08cfe
hdrihaven_149_small_empty_house_16k,small_empty_house_16k,train,75bad79ec81dd71235470334efd315b10a02d628a68145129f74078bef601955
hdrihaven_150_sterkspruit_falls_16k,sterkspruit_falls_16k,train,34e49735265de530e379f4fd17847115e3b0e61338fc87ddf272e12d1c30c006
hdrihaven_151_stone_pines_16k,stone_pines_16k,test,d233eed36d11cb64794f0764af97d7477190ee6e015f524ed209a4ed9742e6ff
hdrihaven_152_storeroom_16k,storeroom_16k,test,cfa16ffcefb7bd15b18d9205578837df160b5424983a7d2d497b0d370b0d82a8
hdrihaven_153_stream_16k,stream_16k,train,1f80809c9f0be069064d94e5a1a375363ed569f7f8e9ebee4a56445e7cc8ed69
hdrihaven_154_street_lamp_16k,street_lamp_16k,train,0f00da0a496a351dc4b354fc57768eec23b7e9361b2aff45325b944744e0c7af
hdrihaven_155_studio_small_01_16k,studio_small_01_16k,train,59c8eec2171ed4013c90ffaaec7f5341d2beddfa206be1cca5edb5028dcbc3c8
hdrihaven_156_studio_small_02_16k,studio_small_02_16k,train,669f1cd8ffc3db8ba010f328933b5b80cf215cd1b98814443ee60423b6f6403b
hdrihaven_157_studio_small_03_16k,studio_small_03_16k,train,862afb98c5081189d3d839b1dec10e31c116201e9dda97e458a7a063178f7b01
hdrihaven_158_studio_small_04_16k,studio_small_04_16k,test,60396924b5241e31ef36fcfa16c2689ff0b38a180e7bd10c37d07597bce7cc29
hdrihaven_159_studio_small_05_16k,studio_small_05_16k,train,86511246ac5446fe996a4d83e7ee1e92e830aadce53e66c6d9c17893ffc2ac7c
hdrihaven_160_studio_small_06_16k,studio_small_06_16k,test,2d0aa84baef60accc6935e605fa98dedab1303e00342005c4127b9c52622c0a1
hdrihaven_161_subway_entrance_16k,subway_entrance_16k,train,31f7db2e9def19a7d7ae761e69c49ea71a1f7a21c190fda414489b5d98e299ee
hdrihaven_162_sunny_vondelpark_16k,sunny_vondelpark_16k,train,168149582349a191e01d9975a36fa68b051198c8f4927af570b443fe7061af18
hdrihaven_163_sunset_fairway_16k,sunset_fairway_16k,train,ba3efa89b7dc8d3478d83459a5f9ca04af334068225226525adcf22f1734f391
hdrihaven_164_symmetrical_garden_16k,symmetrical_garden_16k,train,1c1525617ae5b60bd8ae1a224309ed2093f1834787dc52df67a8c66f7ad99c7e
hdrihaven_165_table_mountain_1_16k,table_mountain_1_16k,validation,d0ef8a764caedfe81df6315a75180b8b2276b0f9e9ee611be1eee1ad26b41389
hdrihaven_166_table_mountain_2_16k,table_mountain_2_16k,validation,68ccac2a19e616129fd2d2bd4353f8fc25a4269464a2494bf50ec1bff9ecdb43
hdrihaven_167_tears_of_steel_bridge_16k,tears_of_steel_bridge_16k,train,004fdb4ca56b2ca36ff20901bd93f0638a195daa9b396a695cef2584c4bbe599
hdrihaven_168_teufelsberg_ground_1_16k,teufelsberg_ground_1_16k,validation,6efabdd2639d4e023b0553e5798e1a24efdf0fe46ee8993caf5b8118e5888ab5
hdrihaven_169_teufelsberg_ground_2_16k,teufelsberg_ground_2_16k,train,927a950f6bf4fab57406dfee4fb712525e053856bd5c09fdad09b8d31e3c1ceb
hdrihaven_170_teufelsberg_inner_16k,teufelsberg_inner_16k,train,17a44635e226c138d4c737546399fec07ae6427ea3f0dac25c03d6ef0bacf92e
hdrihaven_171_teufelsberg_lookout_16k,teufelsberg_lookout_16k,train,8015dd87234795b4641e6ccc1665e36f507d0bbd39b84db16fc516196c7a4f96
hdrihaven_172_teufelsberg_roof_16k,teufelsberg_roof_16k,train,14b4fb30291321afa240c48fed27738c479188bd0d354a1e05459b37afe0bc22
hdrihaven_173_the_sky_is_on_fire_16k,the_sky_is_on_fire_16k,test,1b714d22b8afc53984c8d2e8a748ab526f94b078f0703c5e61605dc9233cbf84
hdrihaven_174_tiber_1_16k,tiber_1_16k,train,265e664b16f7d6dd4871871a274f99c916dde7749d37a49cceb30b9e51cbcc60
hdrihaven_175_tiber_island_16k,tiber_island_16k,train,5f5aedafd38aa58ecaedec063aacdf2992a060f6b6550db1f052760ae6a0db20
hdrihaven_176_tiergarten_16k,tiergarten_16k,validation,50c34bc236e809f89333f03a769731ebbf3aab4e7f21750627072e6c12393624
hdrihaven_177_tucker_wreck_16k,tucker_wreck_16k,test,6a33d0d39cf43fc286456850c579a8c799e13717b6f736a6398c35d94dc4fb58
hdrihaven_178_umhlanga_sunrise_16k,umhlanga_sunrise_16k,validation,78749c36e8fdf727bf24da479bc437940c445e9c8b8133d79a1c377a759e112d
hdrihaven_179_under_bridge_16k,under_bridge_16k,test,2ebe2a82e622fcf8f5534941e207ebdb120329dedb9b07b6842b081e3b745c1c
hdrihaven_180_urban_courtyard_16k,urban_courtyard_16k,train,d891baaccead37485b76d57d7c52fde6cd8e598b1b5667efe57ff78a1f338977
hdrihaven_181_vatican_road_16k,vatican_road_16k,validation,f2084175cb6bcc92e2e4109f09eb51dc339dd39657c9c0c3ecb5ff61bfc2a604
hdrihaven_182_veld_fire_16k,veld_fire_16k,train,5ccef3c95676bed7b943331f74cb7e17b0fb7d51268d2648f49cc9bc75ad77bf
hdrihaven_183_venetian_crossroads_16k,venetian_crossroads_16k,train,9210199044fe144091238356f0f7e3ee3b7fcc0bdc62b9d9c3bec3d0c7f94906
hdrihaven_184_venice_dawn_1_16k,venice_dawn_1_16k,test,0df0a1ccb9b5b9d6e1f5c47c44d6ebdfb9dd8744666bfa9331bae6f5cef197e6
hdrihaven_185_venice_dawn_2_16k,venice_dawn_2_16k,test,db0f191cf7aa109cf6a90559fb07b0b6018b0096eaa2e20fd9c8664bae2d3a4b
hdrihaven_186_venice_sunrise_16k,venice_sunrise_16k,train,9691bb8bc72add30e7c039e2f70b485059815c15508562c83a99389b0f636a86
hdrihaven_187_venice_sunset_16k,venice_sunset_16k,train,99ee304875a9e13939ff80e8e8f2fc126ba31a7989c883644e750804e3190e0b
hdrihaven_188_veranda_16k,veranda_16k,train,f0f262e65663db494ce30003f58c011d678ee276f4d3870beb4fc022c59e994a
hdrihaven_189_versveldpas_16k,versveldpas_16k,train,a7b62301b2f6a3108c0d04b996956c38b77327dbe53546a45332f71e85b7bfbf
hdrihaven_190_viale_giuseppe_garibaldi_16k,viale_giuseppe_garibaldi_16k,train,7741e843b17a21006d465585e10c7c8f5bf1933e6b1a056704acca2385299085
hdrihaven_191_vignaioli_16k,vignaioli_16k,validation,b904eca6a422ac05666562b990b714c7e4182475aeb5a56b5bfffd5252ba1a8a
hdrihaven_192_vignaioli_night_16k,vignaioli_night_16k,test,3c75d650b5a61138f9e1328d72d380f2ecee155f2b2da24a6a93b394a2de3f81
hdrihaven_193_vulture_hide_16k,vulture_hide_16k,train,470bfe0dd0a0d1ff7a7750503abdbffe57546ea2161bc1e3ce0b2d874f143c85
hdrihaven_194_waterbuck_trail_16k,waterbuck_trail_16k,test,132d86226ef4c0402fa8ce8019db9004d92d519694f52508f03ff2bb337b4839
hdrihaven_195_white_cliff_top_16k,white_cliff_top_16k,validation,5e080dcb33f2ddc1c134a6f43888c6c080ca8e5eb0b42d2ca691a3d14c086980
hdrihaven_196_winter_sky_16k,winter_sky_16k,validation,1d77c601c7dff9200ad76c179020e8e9dddb0ad34d9c2e85fbe90fa17895f188
hdrihaven_197_wobbly_bridge_16k,wobbly_bridge_16k,test,9572eaf490a1bc63eb875c8e42c69998ba80c331fe8ba9ed73a4dc66e468b7e5
hdrihaven_198_wooden_lounge_16k,wooden_lounge_16k,validation,ceee96e27ceaa05bbae407d15e866a507bd3943dde31a9d4d6cef3648504655d
hdrihaven_199_woods_16k,woods_16k,validation,00724196ae7fd9d740a4ccc8a59e527a51e566b826abf87c1e043eaa62df8e12
hdrihaven_200_yellow_field_16k,yellow_field_16k,train,63fa5ac96da871162df1efaead01097ae084554e42a6ef728b82064d5bc84d0c
hdrihaven_201_zwinger_night_16k,zwinger_night_16k,validation,1bfc0cadfdf6671af969d7c16c95d033602f19ec872837c3ee0d903643cccc98
