functional_id,cohort,local_recurrence_index,post_offset_persistence
3980,primary82,0.0,0.26016767336444446
4107,primary82,0.0,0.9065328815929617
4640,primary82,0.0,0.626611915799296
2852,primary82,0.0,1.6815715202635657
8783,primary82,0.0,0.7826221993550756
3809,primary82,0.0,0.96233847216967
2903,primary82,0.0,0.8294406283684543
4476,primary82,0.0,0.6218063442978139
7861,primary82,0.0,0.7390102228953419
615,primary82,0.0,0.8668865239951928
6955,primary82,0.0,0.6572643549940104
6113,primary82,0.0,0.7298201060864506
6236,primary82,0.0,0.9645271412947387
6840,primary82,0.5,0.9230079841618775
1799,primary82,0.0,0.788866858872731
8913,primary82,0.0,0.8454869453387822
4473,primary82,0.0,0.565434258163437
8479,primary82,0.0,0.6999899720649408
8042,primary82,0.0,0.5563299884989283
4967,primary82,0.0,0.7849821470360652
8802,primary82,0.0,0.9873646412787886
4834,primary82,0.0,0.7366018962817866
6866,primary82,0.0,0.7913459324927825
9424,primary82,0.0,0.13756560618501454
4219,primary82,0.5,0.649802067479465
6747,primary82,0.0,0.676390289801557
4241,primary82,0.0,0.5488399350957897
4323,primary82,0.0,0.38802987931768285
3997,primary82,0.0,0.7257682205908373
3862,primary82,0.0,0.7308878456113754
476,primary82,0.0,0.8811974287047751
665,primary82,0.0,0.6723997780608433
785,primary82,0.0,0.8930233785383189
4326,primary82,0.0,1.3581390470142842
5442,primary82,0.3333333333333333,0.10340693413186275
3503,primary82,0.0,0.7404861189771768
8311,primary82,0.0,0.7287152774833808
2234,primary82,0.0,0.5988871896467195
5222,primary82,0.0,0.7150927848715578
4361,primary82,0.0,1.1075786453654928
5167,primary82,0.0,0.7497232405195511
12418,primary82,0.0,0.14695527440388947
4903,primary82,0.0,0.8293779201737121
5658,primary82,0.0,0.7296316353774924
8348,primary82,0.0,0.0880437629344417
1252,primary82,0.0,1.4030070144571116
5710,primary82,0.0,0.6573413690167789
7903,primary82,0.0,0.9160935219213503
1234,primary82,0.0,0.9931592110115699
7529,primary82,0.0,1.0247428078814274
4780,primary82,0.0,0.8094877908267758
11692,primary82,0.0,-0.8821469431514106
9214,primary82,0.0,0.8228410162299671
9933,primary82,0.0,1.27811103645259
9958,primary82,0.0,-0.04882581867612998
11550,primary82,0.0,0.7503369991350339
1587,primary82,0.0,0.4148307095305595
6194,primary82,0.0,0.641134390881543
9681,primary82,0.0,0.8403477524170946
5965,primary82,0.0,1.0046308634309238
6966,primary82,0.0,1.2270512246973175
9704,primary82,0.0,0.7591306981616438
8366,primary82,0.0,0.5946507574413787
2882,primary82,0.0,0.6575544155865514
3470,primary82,0.0,0.7689005864949295
8290,primary82,0.0,0.47343066375632475
9388,primary82,0.0,1.223751843547736
9269,primary82,0.0,0.4218092237079969
7525,primary82,0.0,0.7837322513901195
7765,primary82,0.0,1.4050186504106343
7428,primary82,0.0,0.676807253128116
8774,primary82,0.0,0.908618959702439
9641,primary82,0.0,-0.03238799204782535
5474,primary82,0.5,0.6363615171437462
1556,primary82,0.0,0.41103860187296604
11083,primary82,0.0,-0.3951698813543207
8660,primary82,0.0,0.7158188348176076
5622,primary82,0.0,0.7372715908235132
8788,primary82,0.0,0.9598161417173525
6167,primary82,0.0,0.6623564908622346
4386,primary82,0.0,0.756522085525051
9807,primary82,0.0,0.7491987945717931
