functional_id,left_dots_dataset_present,left_dots_trial_count,left_dots_usable_trials,left_dots_nonfinite_required_window_trials,left_dots_zero_stimulus_denominator_trials,left_dots_decay_usable_trials,right_dots_dataset_present,right_dots_trial_count,right_dots_usable_trials,right_dots_nonfinite_required_window_trials,right_dots_zero_stimulus_denominator_trials,right_dots_decay_usable_trials,left_sine_dataset_present,left_sine_trial_count,left_sine_usable_trials,left_sine_nonfinite_required_window_trials,left_sine_zero_stimulus_denominator_trials,right_sine_dataset_present,right_sine_trial_count,right_sine_usable_trials,right_sine_nonfinite_required_window_trials,right_sine_zero_stimulus_denominator_trials
3980,1,4,3,1,0,3,1,9,9,0,0,9,1,6,6,0,0,1,4,4,0,0
4107,1,4,3,1,0,3,1,9,9,0,0,9,1,6,6,0,0,1,4,4,0,0
4640,1,4,3,1,0,3,1,9,9,0,0,9,1,6,6,0,0,1,4,4,0,0
2852,1,4,3,1,0,3,1,9,9,0,0,9,1,6,6,0,0,1,4,4,0,0
8783,1,6,5,1,0,5,1,6,6,0,0,6,1,4,4,0,0,1,7,7,0,0
3809,1,4,3,1,0,3,1,9,9,0,0,9,1,6,6,0,0,1,4,4,0,0
2903,1,4,3,1,0,3,1,9,9,0,0,9,1,6,6,0,0,1,4,4,0,0
4476,1,4,3,1,0,3,1,9,9,0,0,9,1,6,6,0,0,1,4,4,0,0
8365,1,6,5,1,0,5,1,6,6,0,0,6,1,4,4,0,0,1,7,7,0,0
7861,1,6,5,1,0,5,1,6,6,0,0,6,1,4,4,0,0,1,7,7,0,0
9978,1,6,5,1,0,5,1,6,6,0,0,6,1,4,4,0,0,1,7,7,0,0
615,1,5,5,0,0,5,1,8,8,0,0,8,1,7,6,1,0,1,3,3,0,0
6955,1,5,4,1,0,4,1,8,8,0,0,8,1,5,5,0,0,1,5,5,0,0
6113,1,5,4,1,0,4,1,8,8,0,0,8,1,5,5,0,0,1,5,5,0,0
6236,1,5,4,1,0,4,1,8,8,0,0,8,1,5,5,0,0,1,5,5,0,0
6840,1,5,4,1,0,4,1,8,8,0,0,8,1,5,5,0,0,1,5,5,0,0
1799,1,5,5,0,0,5,1,8,8,0,0,8,1,7,6,1,0,1,3,3,0,0
8913,1,6,5,1,0,5,1,6,6,0,0,6,1,4,4,0,0,1,7,7,0,0
4473,1,4,3,1,0,3,1,9,9,0,0,9,1,6,6,0,0,1,4,4,0,0
8479,1,6,5,1,0,5,1,6,6,0,0,6,1,4,4,0,0,1,7,7,0,0
8042,1,6,5,1,0,5,1,6,6,0,0,6,1,4,4,0,0,1,7,7,0,0
4967,1,5,4,1,0,4,1,8,8,0,0,8,1,5,5,0,0,1,5,5,0,0
8802,1,6,5,1,0,5,1,6,6,0,0,6,1,4,4,0,0,1,7,7,0,0
4834,1,5,4,1,0,4,1,8,8,0,0,8,1,5,5,0,0,1,5,5,0,0
6866,1,5,4,1,0,4,1,8,8,0,0,8,1,5,5,0,0,1,5,5,0,0
9424,1,6,5,1,0,5,1,6,6,0,0,6,1,4,4,0,0,1,7,7,0,0
4219,1,4,3,1,0,3,1,9,9,0,0,9,1,6,6,0,0,1,4,4,0,0
6747,1,5,4,1,0,4,1,8,8,0,0,8,1,5,5,0,0,1,5,5,0,0
4241,1,4,3,1,0,3,1,9,9,0,0,9,1,6,6,0,0,1,4,4,0,0
4323,1,4,3,1,0,3,1,9,9,0,0,9,1,6,6,0,0,1,4,4,0,0
3997,1,4,3,1,0,3,1,9,9,0,0,9,1,6,6,0,0,1,4,4,0,0
4548,1,4,3,1,0,3,1,9,9,0,0,9,1,6,6,0,0,1,4,4,0,0
6927,1,5,4,1,0,4,1,8,8,0,0,8,1,5,5,0,0,1,5,5,0,0
6762,1,5,4,1,0,4,1,8,8,0,0,8,1,5,5,0,0,1,5,5,0,0
3862,1,4,3,1,0,3,1,9,9,0,0,9,1,6,6,0,0,1,4,4,0,0
476,1,5,5,0,0,5,1,8,8,0,0,8,1,7,6,1,0,1,3,3,0,0
665,1,5,5,0,0,5,1,8,8,0,0,8,1,7,6,1,0,1,3,3,0,0
785,1,5,5,0,0,5,1,8,8,0,0,8,1,7,6,1,0,1,3,3,0,0
4326,1,4,3,1,0,3,1,9,9,0,0,9,1,6,6,0,0,1,4,4,0,0
1928,1,5,5,0,0,5,1,8,8,0,0,8,1,7,6,1,0,1,3,3,0,0
5442,1,5,4,1,0,4,1,8,8,0,0,8,1,5,5,0,0,1,5,5,0,0
3503,1,4,3,1,0,3,1,9,9,0,0,9,1,6,6,0,0,1,4,4,0,0
8311,1,6,5,1,0,5,1,6,6,0,0,6,1,4,4,0,0,1,7,7,0,0
2234,1,4,3,1,0,3,1,9,9,0,0,9,1,6,6,0,0,1,4,4,0,0
2939,1,4,3,1,0,3,1,9,9,0,0,9,1,6,6,0,0,1,4,4,0,0
5222,1,5,4,1,0,4,1,8,8,0,0,8,1,5,5,0,0,1,5,5,0,0
1308,1,5,5,0,0,5,1,8,8,0,0,8,1,7,6,1,0,1,3,3,0,0
4361,1,4,3,1,0,3,1,9,9,0,0,9,1,6,6,0,0,1,4,4,0,0
5167,1,5,4,1,0,4,1,8,8,0,0,8,1,5,5,0,0,1,5,5,0,0
12418,1,2,2,0,0,2,1,5,5,0,0,5,1,9,8,1,0,1,7,7,0,0
2218,1,4,3,1,0,3,1,9,9,0,0,9,1,6,6,0,0,1,4,4,0,0
4903,1,5,4,1,0,4,1,8,8,0,0,8,1,5,5,0,0,1,5,5,0,0
5658,1,5,4,1,0,4,1,8,8,0,0,8,1,5,5,0,0,1,5,5,0,0
8348,1,6,5,1,0,5,1,6,6,0,0,6,1,4,4,0,0,1,7,7,0,0
5164,1,5,4,1,0,4,1,8,8,0,0,8,1,5,5,0,0,1,5,5,0,0
9276,1,6,5,1,0,5,1,6,6,0,0,6,1,4,4,0,0,1,7,7,0,0
1252,1,5,5,0,0,5,1,8,8,0,0,8,1,7,6,1,0,1,3,3,0,0
5710,1,5,4,1,0,4,1,8,8,0,0,8,1,5,5,0,0,1,5,5,0,0
7903,1,6,5,1,0,5,1,6,6,0,0,6,1,4,4,0,0,1,7,7,0,0
1234,1,5,5,0,0,5,1,8,8,0,0,8,1,7,6,1,0,1,3,3,0,0
7529,1,6,5,1,0,5,1,6,6,0,0,6,1,4,4,0,0,1,7,7,0,0
4780,1,4,3,1,0,3,1,9,9,0,0,9,1,6,6,0,0,1,4,4,0,0
11692,1,2,2,0,0,2,1,5,5,0,0,5,1,9,8,1,0,1,7,7,0,0
9214,1,6,5,1,0,5,1,6,6,0,0,6,1,4,4,0,0,1,7,7,0,0
9933,1,6,5,1,0,5,1,6,6,0,0,6,1,4,4,0,0,1,7,7,0,0
9958,1,6,5,1,0,5,1,6,6,0,0,6,1,4,4,0,0,1,7,7,0,0
11550,1,2,2,0,0,2,1,5,5,0,0,5,1,9,8,1,0,1,7,7,0,0
1587,1,5,5,0,0,5,1,8,8,0,0,8,1,7,6,1,0,1,3,3,0,0
6194,1,5,4,1,0,4,1,8,8,0,0,8,1,5,5,0,0,1,5,5,0,0
9681,1,6,5,1,0,5,1,6,6,0,0,6,1,4,4,0,0,1,7,7,0,0
5965,1,5,4,1,0,4,1,8,8,0,0,8,1,5,5,0,0,1,5,5,0,0
6966,1,5,4,1,0,4,1,8,8,0,0,8,1,5,5,0,0,1,5,5,0,0
8500,1,6,5,1,0,5,1,6,6,0,0,6,1,4,4,0,0,1,7,7,0,0
9704,1,6,5,1,0,5,1,6,6,0,0,6,1,4,4,0,0,1,7,7,0,0
8366,1,6,5,1,0,5,1,6,6,0,0,6,1,4,4,0,0,1,7,7,0,0
9181,1,6,5,1,0,5,1,6,6,0,0,6,1,4,4,0,0,1,7,7,0,0
2882,1,4,3,1,0,3,1,9,9,0,0,9,1,6,6,0,0,1,4,4,0,0
3470,1,4,3,1,0,3,1,9,9,0,0,9,1,6,6,0,0,1,4,4,0,0
8290,1,6,5,1,0,5,1,6,6,0,0,6,1,4,4,0,0,1,7,7,0,0
9388,1,6,5,1,0,5,1,6,6,0,0,6,1,4,4,0,0,1,7,7,0,0
9269,1,6,5,1,0,5,1,6,6,0,0,6,1,4,4,0,0,1,7,7,0,0
7525,1,6,5,1,0,5,1,6,6,0,0,6,1,4,4,0,0,1,7,7,0,0
7765,1,6,5,1,0,5,1,6,6,0,0,6,1,4,4,0,0,1,7,7,0,0
7428,1,6,5,1,0,5,1,6,6,0,0,6,1,4,4,0,0,1,7,7,0,0
8774,1,6,5,1,0,5,1,6,6,0,0,6,1,4,4,0,0,1,7,7,0,0
9641,1,6,5,1,0,5,1,6,6,0,0,6,1,4,4,0,0,1,7,7,0,0
5474,1,5,4,1,0,4,1,8,8,0,0,8,1,5,5,0,0,1,5,5,0,0
1556,1,5,5,0,0,5,1,8,8,0,0,8,1,7,6,1,0,1,3,3,0,0
11083,1,2,2,0,0,2,1,5,5,0,0,5,1,9,8,1,0,1,7,7,0,0
9414,1,6,5,1,0,5,1,6,6,0,0,6,1,4,4,0,0,1,7,7,0,0
8660,1,6,5,1,0,5,1,6,6,0,0,6,1,4,4,0,0,1,7,7,0,0
5622,1,5,4,1,0,4,1,8,8,0,0,8,1,5,5,0,0,1,5,5,0,0
6406,1,5,4,1,0,4,1,8,8,0,0,8,1,5,5,0,0,1,5,5,0,0
8788,1,6,5,1,0,5,1,6,6,0,0,6,1,4,4,0,0,1,7,7,0,0
6167,1,5,4,1,0,4,1,8,8,0,0,8,1,5,5,0,0,1,5,5,0,0
4386,1,4,3,1,0,3,1,9,9,0,0,9,1,6,6,0,0,1,4,4,0,0
9807,1,6,5,1,0,5,1,6,6,0,0,6,1,4,4,0,0,1,7,7,0,0
