null_index,topology_sha256,rho,unique_binary_topology,accepted_swaps_total,edge_count,in_degree_exact,out_degree_exact,global_weight_multiset_exact,node_weighted_strength_preserved
1,7be3562dff5eebae8baa5f3bca524d1921c3689f9df6c7e49ee39975d12f572b,nan,1,310,31,1,1,1,0
2,62e66bc24881cecc07fd4581b955129ce90f76256bfb7ac900ccf404873a5f78,nan,1,620,31,1,1,1,0
3,cea2ed987b542426988c5bbbb3217553632c504096fa1ea4157d0ab952577620,nan,1,930,31,1,1,1,0
4,1e9bf05cf92c022f21ca7e9fa577a9c940dbd4ee813cecc5777ec5b7f4f66985,nan,1,1240,31,1,1,1,0
5,21a61331fe6d538d77f8bd6956cb534dd3187fb956d31993601fa8185fb89801,nan,1,1550,31,1,1,1,0
6,3cc8b51fe3124277abfb99e05bd61b081c61a87001c3174c726c53674f02c09d,0.06113400057895975,1,1860,31,1,1,1,0
7,b1b78f58d462ca5c1663c771dec0ecf8b5071fe26379dc56c947ddb358c8c2f1,nan,1,2170,31,1,1,1,0
8,bfb9dcaca54072a0f063c9e6330fc31e420c3db8a9fe5bf69a0ed70b24381396,nan,1,2480,31,1,1,1,0
9,f3fd6a9940e7c22b334d2980ee9f765b59859b77867c41c879049e428240e1ed,nan,1,2790,31,1,1,1,0
10,26e5eed035e2873d75947793b52c693f0057ba966846ef96a7778e576f9b6263,nan,1,3100,31,1,1,1,0
11,46e83bc8e69a2eef6e92aeaf7cb028273ccaf5d4646b9f5d3e0ea3749cdd5c5d,-0.0467602809366118,1,3410,31,1,1,1,0
12,d6c3a2b872266d86c790021fbc9d155e04a52363e98e7948213715be234c8baf,nan,1,3720,31,1,1,1,0
13,257a8589c0c1cba0c5ce562beab4b755644199c7157893bfc3f866774c66f0fe,nan,1,4030,31,1,1,1,0
14,260fa15ea49e513e6333c05d3436c39a12d6d687b1210c32aba30a462a3d561e,nan,1,4340,31,1,1,1,0
15,ad8ae93e76aebedc04269c524de59ef4c7d30a4a987b32c6ca8928b2fd711af9,nan,1,4650,31,1,1,1,0
16,04fdd9c413276bc611ed83da0038432e2c6e3bfbecb853d075d00f6ef6d9e3c4,nan,1,4960,31,1,1,1,0
17,25e0ed47e27fca69791405cb154f8f71b834ce7460e37e325dc24429ab0f697d,nan,1,5270,31,1,1,1,0
18,27e6bef00071a49d822c3fd6d00ad8b70e0058b92957921962b37bf1db1c2ae7,nan,1,5580,31,1,1,1,0
19,cb0b4a3b9726c70ef5c7d944541e4c3ee47c091b4ea0274d6e6f4d261754d09e,nan,1,5890,31,1,1,1,0
20,e90004178823f364293ab3d5039ab0c6d9091399479fd458064fd26cdf0b11d3,-0.061337644818063544,1,6200,31,1,1,1,0
21,8ca8131cbb2ea54fa2aa8393c8ff1b0d722526a2a0ef0e1577101e665bf46110,nan,1,6510,31,1,1,1,0
22,82c1afe768ee3d0b688c1e2ba229b6c3ca3231ccd8861b4f49834abb25547994,nan,1,6820,31,1,1,1,0
23,8223bb4433d6089f797aa9f1ee81eb5522b21b4eb2211ff41caf552acefe4cf7,nan,1,7130,31,1,1,1,0
24,108f79f4c58e30ac330977da3a3e0844ed8e744ecd938399f52ec5f61991f90b,nan,1,7440,31,1,1,1,0
25,b05bc286f85eb5ee5aff24e1ac5fc0613f532e7c7b4656d97aad0a1242f5a1cb,nan,1,7750,31,1,1,1,0
26,a4d655b52608e973f39f81dac32061fe7a16ee1ac16d5b397e758fde21100a48,nan,1,8060,31,1,1,1,0
27,463a6684ca6ed20d09161c009ec48e67149207f5a286861a768db40ea69a4bf1,nan,1,8370,31,1,1,1,0
28,f38e0ef87e01ef024e709594e5f1173f0553532ff1ffa24b4cfcae76d383cb42,nan,1,8680,31,1,1,1,0
29,feb4d2532e91a3b4f168a6a0c32e0a9b8314d0a7104dbff4ffd8b96e5886fbbe,nan,1,8990,31,1,1,1,0
30,f451bedc5861a525873a4973b29868a0ba721eede767fc5817fac8494ebdfd7c,nan,1,9300,31,1,1,1,0
31,047969ccb946a0fc065907720940024d7f5fc3f4a0323cf1cc2957c01e60cea1,nan,1,9610,31,1,1,1,0
32,e25dbba2fc57706fb5b65376ce2385bac937bbb8931beb077a8f9315a9ad5d96,-0.07746626855508423,1,9920,31,1,1,1,0
33,1cd41fdffb9b1262d785b31ce8ad49d290b4574abbb9a9499bf56bd05550a3d5,nan,1,10230,31,1,1,1,0
34,f1feddcf0f8efba90c85abd0f67f8662a832621332f8435b91d06da3326dedad,nan,1,10540,31,1,1,1,0
35,7b64d80f526378947be058d0566d4b2fb52de875e818395bb23c81b1a72c3685,nan,1,10850,31,1,1,1,0
36,73a984741e32236b2c1b81e8996563ef0895d25a811e5e0e241c887d3eac2783,nan,1,11160,31,1,1,1,0
37,efb6f47f61b7e09728853f24da642b452260d490579519c7bd1ca7465d929bc3,nan,1,11470,31,1,1,1,0
38,5999e4580ecf0b365a30a9e42b74b72da925467756c3471a43a9827a80b32b85,nan,1,11780,31,1,1,1,0
39,5da4716ca1cd78dc3c13570a69053e7c3085eecc9e74fd396d31656b6ba371b9,0.006680040133801687,1,12090,31,1,1,1,0
40,f65cf0b537f6cf8a1c49a05de8799983a526c20b3e7feba8ac640ffa392ca870,nan,1,12400,31,1,1,1,0
41,13b1e14ea13b3952b202bf19810ae4ae61f4b22fd99095049c63d87421322a40,nan,1,12710,31,1,1,1,0
42,a21a9a988dad588a24824632cae94048cd017178d5754aab5a06e2a99e0b25b1,nan,1,13020,31,1,1,1,0
43,d506fe636ae51b1752d6d35aade5b805008821f14159243574991e56be4e57f2,nan,1,13330,31,1,1,1,0
44,30ea63ddb88cbea2425cf842344b21c6132ae081226db3e57199b43e7eee6f8f,nan,1,13640,31,1,1,1,0
45,26cd9e9446da16cb71b603efe65d287bec9b8dfffe3c9f67220affc75b77bad7,nan,1,13950,31,1,1,1,0
46,5cf103b05b0df52e5e6eb3329bf0f6ee26ce591bb5a8dbb6be556d6e72fae3a6,nan,1,14260,31,1,1,1,0
47,2e0e82a74176a1b0514124f5c1064fea645ff043a6b2489a42816821b271753f,nan,1,14570,31,1,1,1,0
48,2b969b738b52d222470feb0435ee001ee9288a80dbe413d7748485c25f8911b7,0.06113400057895975,1,14880,31,1,1,1,0
49,bd6d2efe42399241e0f9a2b02f6c290e8b0a7d01af0e66dde8142b2fda95eb64,nan,1,15190,31,1,1,1,0
50,5ef278541e932b65e518ea510cdb7d831bcd4ff472e64850c446bf06f708d7ee,nan,1,15500,31,1,1,1,0
51,4086db29da7d2ee0c6aa6605ad315136cb92bcf3be17488b44d946b3766a02d1,nan,1,15810,31,1,1,1,0
52,a25642faaee49537f13b33a8b1a01aa2664275542ec70b2140fa3746f41cd160,nan,1,16120,31,1,1,1,0
53,ad528eee91980bca24f7c9a1d3b8b9329b9634b1cf3a1932bffb6ab5da206055,nan,1,16430,31,1,1,1,0
54,36fb272446a95395573952a33814b649e06e28fa4ff734800927a7eda1a35491,nan,1,16740,31,1,1,1,0
55,e531d9112916b64e81c14fa1d6f98a56259c833daf155e3203e15591b1c41111,-0.04443517297244842,1,17050,31,1,1,1,0
56,a23cd15c4a3fba88d1aa3077a60f7783a631b325606ad9277b3d4f6eb422d290,nan,1,17360,31,1,1,1,0
57,7f23a9fdfc86e7351106f8c7f8769b9e51c7f1838008dd0fbfdd7f51e9f65ee9,nan,1,17670,31,1,1,1,0
58,16ce20e7e35dd4d7ac8dd498231387859780eedab323f86ed37ec789818115ff,nan,1,17980,31,1,1,1,0
59,1c0be21a4c549494736486ecde9633714a8c38e52e84b0172529dcea855dc50a,nan,1,18290,31,1,1,1,0
60,f405405d49288afc462f05e93c4f41e5ca826c00b15cb3e5447cf6ae9b54f0cb,nan,1,18600,31,1,1,1,0
61,ec8b790e473dce7262ea0bd349669d225c17c360fc6103a9599f20ee4ce40cba,nan,1,18910,31,1,1,1,0
62,35854a3b6f86fdc7b5f5d55855a796beded12468d14e22015287669b5a4c1ab3,nan,1,19220,31,1,1,1,0
63,899fdfecc2dc2e0f418983ebf00d09a653d89bce0090412242fa7d830fd673e2,nan,1,19530,31,1,1,1,0
64,09720a6032d6659caae119208c306587b40714a09700cf38fe43e705fa0e330b,nan,1,19840,31,1,1,1,0
65,ca958ffd1a10549e2b0016e5041393aa868eef039b8a69af8aa34d06d9894282,nan,1,20150,31,1,1,1,0
66,4b15b4a633725606709621ce5bedf961d26e9b0b2868d5c213fdabc7ea2798ed,nan,1,20460,31,1,1,1,0
67,a6e6ea333cf6106db178af20f9e379e633c1a435aa53e9614fb748110f4b45bf,nan,1,20770,31,1,1,1,0
68,e86b792d3cca00186f5c7263589f052fe3fd45042a960b3b60885026fad43907,nan,1,21080,31,1,1,1,0
69,fedce3de550a1d25a6b3f0d737b3b719b3d753ee98d8029ffbabd5ee8def27a5,nan,1,21390,31,1,1,1,0
70,ce37acc8f5f773c010bb7458cf260d09137a29e20345ae14eba58c1f14d035f5,nan,1,21700,31,1,1,1,0
71,532bf2c09088cf620e0700de732c554fd4b6084ed00339440d1142219772f3e7,nan,1,22010,31,1,1,1,0
72,c68e4037a85feda2b15f0f5867d262cc2d9092e7cf57b47c47a48f929e2ea5cb,0.026720160535206747,1,22320,31,1,1,1,0
73,a4a0bbba951a3d9b201478be52041dfe27b1042493007852c491e9321c12043f,nan,1,22630,31,1,1,1,0
74,d2fffdd8fed767516332ceecda712d1e1e6537a379f40b158b689a09d55fc4cf,nan,1,22940,31,1,1,1,0
75,b576c19b6c09faaca310dcea2fe8a028a67d6b3a0279b42c4c089d929b2e73b2,nan,1,23250,31,1,1,1,0
76,ce46d98b8a9d1e401afb9d3062654264a9451b2d157cc59c0950ef9d4bb8ddc9,nan,1,23560,31,1,1,1,0
77,082b5d5a752e2d371544014c989a8333200248085b0b0ce402413bb4ab1a9d1e,nan,1,23870,31,1,1,1,0
78,fd174411665a1ff21c2766f909ead1e633fb3d6e6b9fd944f9d13edeae8dc6d9,nan,1,24180,31,1,1,1,0
79,3817fa46dfed017c70ed84f22da73765dca637f72903bec8e4983f9dbee48224,nan,1,24490,31,1,1,1,0
80,f42703a4fdae4a517a154f75126e5e44917f81c0fc4e420d58869cc619b75a85,nan,1,24800,31,1,1,1,0
81,8df22b2fc2bc8def74f3cc5f97cb3fa9812c93538046137ce67988eb5f5da6ac,nan,1,25110,31,1,1,1,0
82,32492d095744a17df249a86dea55ffd39da00f3966e5d5de8ddc98ae42080dad,nan,1,25420,31,1,1,1,0
83,bfc78d5f0a1b48d07b421cf60df848b5184cb0d3fdb60b6725343c77a8d42e92,nan,1,25730,31,1,1,1,0
84,cfe57f0f9d31e1af45a17c5d651f2ae2496007a42d1c96923b994bf89e4fdf61,nan,1,26040,31,1,1,1,0
85,8b6b355301eb8fe38ba9d999af986872920a6008eedd0d4d54a21bf560b1a727,nan,1,26350,31,1,1,1,0
86,681200d94dc49319d76196cf0c68d87b4e279512e5412c2917e4ca975bba7289,nan,1,26660,31,1,1,1,0
87,fa0fe9415277a0000718b7ad5b20576ef6891576bdbdde409379603ee9a9117a,nan,1,26970,31,1,1,1,0
88,aee97cfcce27b6c94384fa587298146ee0ead57f1e6e6db44b50ad14457454a7,nan,1,27280,31,1,1,1,0
89,87bdc285c4887600ee3764657bb67b9269d7f6b8cd4a5c37d42e809abb48ce97,nan,1,27590,31,1,1,1,0
90,fe4afeaa780ab8353e2dd2b9aab298e406e87e2b552efdcd813ac71bcade24fe,nan,1,27900,31,1,1,1,0
91,59b9568bb6ba1b8f579f65816002bda4446a4e1449b1c71e59a2b52a7131cea5,nan,1,28210,31,1,1,1,0
92,87ed82054b06034f10c54cb27ee7a233d0e23a82933d2de386712f832ca49399,nan,1,28520,31,1,1,1,0
93,670cc5e8c4f1c8ebcbedb08951ec26be2efbba1b1715f71c6beb4f5f1258491b,nan,1,28830,31,1,1,1,0
94,8c0a6d4ca8f89825df5e0f737bf1721feb4a30a0a39a842b42c87547ee02fcd2,nan,1,29140,31,1,1,1,0
95,6ffd4d030b9bd63ce4cca7d80ad11c7a247eebf675adc603950509ffc4a4f6e2,nan,1,29450,31,1,1,1,0
96,962ee34475543c5cba352f99cf19b08fd15066b317e37d5247ea4ce7e5eda7dd,nan,1,29760,31,1,1,1,0
97,e28d1191e3b3f9674b5750fbfbde21b755d085930e96cd7c9917b09cc9b74c71,nan,1,30070,31,1,1,1,0
98,a691d794f99da8ca61ae461184f9c1be163522c4233c916a775e410ddf06db76,nan,1,30380,31,1,1,1,0
99,60d5db9a93798661ebbc08b2a3b1e39415b5dba133e88a45a6db113b813f6861,nan,1,30690,31,1,1,1,0
100,216990871cae592184c63f03c6f0fddb15dbf3939649d21340af6715263bc5fa,nan,1,31000,31,1,1,1,0
101,c717cdc9a7ae2c2bb1a93c113f87a681d035bda5e0affa966c77ec3a4623fcca,nan,1,31310,31,1,1,1,0
102,37dc39f74edf1b651059d5c860a5cd8deffaabea47be2f3e859d704a27fff78c,-0.04443517297244842,1,31620,31,1,1,1,0
103,2f53c782fdac60cc4cd0fd30278212c4f5fcda1419c9c6ad447bb1ab2f31c9f7,nan,1,31930,31,1,1,1,0
104,ed540bf8a09e5bf12f2d66179fe52903c42e8407864a289c3bdd005691f0a1ec,nan,1,32240,31,1,1,1,0
105,ccf7b2a9151ef17f66e274d9a393062307fdd12cee3ea3794776fd1f48c64ac6,nan,1,32550,31,1,1,1,0
106,a7a0f7a1292cffccdf88d5ba47b99a92ee273a542024ead739c78e0e667da404,nan,1,32860,31,1,1,1,0
107,3af322783d2361fd944f79f6bb7e5e690111d1a76bdc96c5d9b9fadc05a6adb7,nan,1,33170,31,1,1,1,0
108,b071c84afae4c1e130a79f212aa738ea487f9462dd2f178fe7f55636e07bb8aa,nan,1,33480,31,1,1,1,0
109,d22f01f5709229de4fabe440417bf577f6320d398d8ef214ad8c213d36d78e5e,nan,1,33790,31,1,1,1,0
110,caa024b9314d303cf4a9fe4b3589e4cc5bc4a240a231102bd48b527cd16a9e15,nan,1,34100,31,1,1,1,0
111,cb198a3d71796cd5b723c1605fc76fc8f73743ad1b9ff944eabc341e305dd08f,nan,1,34410,31,1,1,1,0
112,c1a5cde63c7235e23ca855050e91b34192edbb46c8c3610f1ac6617fd6b48520,nan,1,34720,31,1,1,1,0
113,7d4c556cc2a3eedb785d63444c7b01c8d42bb3b5e103ea18a7eae055f1000750,nan,1,35030,31,1,1,1,0
114,4df573e42df3681196ac00387b33cfde09a8bbb424766512202d0cb12227658c,nan,1,35340,31,1,1,1,0
115,59978466cdcc59a590ec5c5c313a4c09a54a8db8a36510608ed4aaf6cbecc098,nan,1,35650,31,1,1,1,0
116,dcf98ad4ff037484a4902cbf2e6a11ecd14616fc9416e3bfc707e6966b7914e1,nan,1,35960,31,1,1,1,0
117,4ab0c20f6d54d524b0c5eb1b17a9ec91341b330c72a5918ddc61d0a26e161676,nan,1,36270,31,1,1,1,0
118,946203e8c9476e72621c5086ef2ae82a0a8d5a0314f6a09d690d3a441d6e12e6,0.06113400057895975,1,36580,31,1,1,1,0
119,4a63e57023f76d883ae8ef3535ee9ede8b4e9b1850962abffbf2137707c906a9,0.15753918337069706,1,36890,31,1,1,1,0
120,3e7d70423b4e15a18ab0f688aa1c30762bf0cca343a3be3cca66f386b0db0e66,nan,1,37200,31,1,1,1,0
121,62af74eb21ef9e42dd9bbcfd5b7c0843ee070968bf840131047223857058a520,0.06113400057895975,1,37510,31,1,1,1,0
122,64307e7469bc69d468f3f156ccf7dc05142dc25b6775a2f995cba3664b6c8435,nan,1,37820,31,1,1,1,0
123,27c5f3e78f230581928a19f2afea3c108d4d19e442a761614424b87615f9df9d,nan,1,38130,31,1,1,1,0
124,975040834ab94c6eb79043e9f8b6f598ec52162f83d9f1ffcdf9135cb577e2a9,nan,1,38440,31,1,1,1,0
125,f7085a479bc20392b6365e81d429db17ceae11fe989d782b9d913b21065b0f1e,nan,1,38750,31,1,1,1,0
126,a1f4bbfde83d9b7ca0784c38b28f27011d409c9b561b6cdbe180e8714afc5463,nan,1,39060,31,1,1,1,0
127,5e107b7e734141aa2cb840270b6b86e5205e4f75b3929b3874f58c1607261e7c,nan,1,39370,31,1,1,1,0
128,e2e07ee7e0f83e7ff1b2c1fdd78a53524365586ac79c390b35444a3cd85f000e,nan,1,39680,31,1,1,1,0
129,3657cd0c95c9a61fb8d06d0c54744d8f5996317a1de42103d47de8cc9e304573,-0.07746626855508423,1,39990,31,1,1,1,0
130,1f37f636bfc2bd751593a0f4215d809cd292726765c6260b300034697d837a84,nan,1,40300,31,1,1,1,0
131,7f98dea4aa173c0ccee691e003c8bc0d4628419116647837b21f4a24315cbb06,nan,1,40610,31,1,1,1,0
132,4c57d24d662e3579fe47a7b8737690a0bfd924e0972d11cf135e6a98eccd0812,nan,1,40920,31,1,1,1,0
133,0f1709b821398b1ea56c22a2dd0e9919d314753405319b54b7b7fe236fd899fb,nan,1,41230,31,1,1,1,0
134,492ac12a8c7be6782d994db0167dce3b8e4a2bc2732d2a220aacbede11444972,nan,1,41540,31,1,1,1,0
135,2263ba43338c81351c2ab202d566ab7e80c30ddc2bd20b6d6c58d31902e1d239,nan,1,41850,31,1,1,1,0
136,992633db6a6eb9430f58b1e7a35a43f0937181790f4a79703c12fa1c96e76c0d,nan,1,42160,31,1,1,1,0
137,77058ffd440ba96bc22902115077a00a9bbf91e21621deca2b0951004e81c6ab,nan,1,42470,31,1,1,1,0
138,a797636b05c9d72e35d840de626f95c25fed8e93ef578a9d2f53dc65a38aac7a,nan,1,42780,31,1,1,1,0
139,7a6f211a5831c89873bbdcb2784c62f7a0eecd70340b1cc4f4d3254adaaa2798,nan,1,43090,31,1,1,1,0
140,19e29ebaa0feb7354abe10d701448bd7e1402b06b1b4782a6ae5039eb63946d1,nan,1,43400,31,1,1,1,0
141,0fd490668a4be61f7965cd3c6a9d70c13aedc1a35f8904fd37f80071c6500c2e,nan,1,43710,31,1,1,1,0
142,660249ee91bf06526781572e73bee064dbe5685c028312701de871cd68ecf85d,nan,1,44020,31,1,1,1,0
143,875f052ad4d60b97c850b4efadfe4316c9d608d88144734420f50beaee3cb665,nan,1,44330,31,1,1,1,0
144,7353261ad7dbd19a0bc419a5885827b8c071427b4332dd4dadcf744fb0772789,nan,1,44640,31,1,1,1,0
145,63d9be1c5075a829dc9722eb6dbcd1ad7d02b21ba31a8c0b1be783d4f1408f49,nan,1,44950,31,1,1,1,0
146,1d0fe67bcbdd4de27547ab6deb5812f5fe49a2bb4dc8c49ca6044b4eb7a20b57,nan,1,45260,31,1,1,1,0
147,0095c103e83a7a4c0e91cc005f2f4c1136058624f7be013cfb46c3111f7c6657,nan,1,45570,31,1,1,1,0
148,5d9795a2cd1b546492b9ccc7d36c790b7f98578e29c836fb50d1510dc5cda40d,nan,1,45880,31,1,1,1,0
149,c3542440f1845a22dde0a3b9fb4c4808154bd45ad1b60f6f3220b31cbe05da73,nan,1,46190,31,1,1,1,0
150,94c315474ec43f31ea87eec952719a16619e80e9da40c90162a356536f96cbb7,nan,1,46500,31,1,1,1,0
151,c06bfaa94b3c108c182120b6f1561e9f26b4e1d729e74b4d4a302e24c40c8bc8,0.013360080267603373,1,46810,31,1,1,1,0
152,a80514f666b261da52daf9b306572da6be3269cba34bb143d7beca293ba6541c,nan,1,47120,31,1,1,1,0
153,ae86238dbd2ca650db01913dc843feb8d3b00c4c869c87c1447354a9f5eb2a52,nan,1,47430,31,1,1,1,0
154,c8eeb1e915157d2dbef837121965f8df336dacf0a089ab16826968a389c18651,nan,1,47740,31,1,1,1,0
155,7e1d41551b744fd67eb0e7ee4e5febff117fd49966c056a193f7b95b59da6e93,nan,1,48050,31,1,1,1,0
156,7aa0730e584212f25dc1ed1b29d7d57df35d61df1f73a02381b2f33003ca5f4c,nan,1,48360,31,1,1,1,0
157,8cadc96947af9204db660fd70d061610a57a0f542f2703ab909d4c358fc3302b,nan,1,48670,31,1,1,1,0
158,f220416accae7ac9134f0c797c6c8044b28aaebc89051650e09fce73e43c79e2,nan,1,48980,31,1,1,1,0
159,86c5f5fadf0c3fdfd6c95883c3f4ac4cb22702fdfe7aafbbaf237498c63c1c80,-0.05007271389330061,1,49290,31,1,1,1,0
160,e05f20a2b35f3a40e8eab606eb74b0c117270f98130360503559e12d941f3054,-0.061337644818063544,1,49600,31,1,1,1,0
161,7326dd32c39d16ca9ceb90f3b8809d79049d6558afdeaf7cff03035ccde31732,nan,1,49910,31,1,1,1,0
162,d7fa7ffeaa77e0322f38a62e2797e4f1c90465d826ee19ca79ef7cd45c453df4,nan,1,50220,31,1,1,1,0
163,82fd6b2bb9f60c2202484afc33b199d3951eb282ff96729f324d0c593b370cee,nan,1,50530,31,1,1,1,0
164,1722fe4dfb0779e885c622f0adc1c5eec7fe83ca75c7a818bc937c203c657dc8,nan,1,50840,31,1,1,1,0
165,e5cd16dde62b47a522e0219ce5ce6b9281ae1de798ef3b249765394eea573e4b,nan,1,51150,31,1,1,1,0
166,977952fbe457f75189ad6c5d6fdb3e2cff048000d53357aa7416085e85f5c8c6,nan,1,51460,31,1,1,1,0
167,f3012fc2d48bb0477046b69f470674828fda6bafad31f30ed85001934ebfa4b7,nan,1,51770,31,1,1,1,0
168,33c1dbb572adec8dcdbe519fc32fc67f02a33ec24471e3e058566b09843f8c3d,-0.1235807424753312,1,52080,31,1,1,1,0
169,18d20ba4754c26c6146ec02ebc6e1bfb7eda2c405a9def21d9e593677210f64b,nan,1,52390,31,1,1,1,0
170,5c0a2448be4f176c6e893585cfb5cd0539af72efa561fff7c1299cfbd283c91c,nan,1,52700,31,1,1,1,0
171,535f08117a503a0f5975c9c1dc591232dd0ef46d5a0e54c681ac889c1f998707,nan,1,53010,31,1,1,1,0
172,46fbf0455f2ed268012b14b835c5dc92e112fc93873e9a88b8d68cff9984b685,nan,1,53320,31,1,1,1,0
173,5c526d24da9594fe649b38d8a5959d9231f59facf541bd5e5b25146e3dbffbb9,nan,1,53630,31,1,1,1,0
174,a47ab3eabd490553139ad39d7347f5905bfc2f509e349ab22e0ad3563e35b68a,nan,1,53940,31,1,1,1,0
175,6972522c36525a05ae9e1249fbb8dcf2f09f2f15e21206426747e575d29c0e7c,-0.13493467283017566,1,54250,31,1,1,1,0
176,ec01232c9fd1b4cc49b28966009f60ef20816e1eab2d0284d161ad37376e052d,nan,1,54560,31,1,1,1,0
177,b4fd5f34d406973ddb88872f36494bb0a3d3153b76ac79ccdafe208f6b224995,nan,1,54870,31,1,1,1,0
178,750a816bf85e26283c26dc2d29a1da9a74b91a386e28d3a51631a0deed4cf5c7,nan,1,55180,31,1,1,1,0
179,574b1675fe17a9ef43489c74b1a59abf834bd82ed2799eff23bc46a995343cab,nan,1,55490,31,1,1,1,0
180,2da133615443e10e17db8fb0d2f2f312e5ec8689f0394b6cc2bf7259eb87874a,nan,1,55800,31,1,1,1,0
181,2200f55f2cc3a38ac55752f36040e24e7e570b622bae4c742a410592acfb40f6,nan,1,56110,31,1,1,1,0
182,55090a647d196187a91838866d517940dd9f6293c4431326aeba5571271ea45a,nan,1,56420,31,1,1,1,0
183,82c426bfe39777fecf69a4e29d7bb357f783b8ffa76a89aaa22b57fdfa260237,nan,1,56730,31,1,1,1,0
184,965d3b6d41e56a2c48f7ec1e9d3f7f51539cb995c560c88a50656c3a16c0d7ba,nan,1,57040,31,1,1,1,0
185,adb2f5137bb421b800072492d035a0c6d7daa0af7033e69dbcf0f1326752ca52,-0.030913195495956326,1,57350,31,1,1,1,0
186,39e81cfc49d74b485a172e4b8b5dcc6d4da9322f0164c0e1b4cd7673de897ffd,nan,1,57660,31,1,1,1,0
187,c2052a06ad570a88fca76104ee71b42bfcd5b63adeca0c291538339e2c124bdb,nan,1,57970,31,1,1,1,0
188,b7cb1acb5839282a00aafaa4f29d52b2991d2a58d7617ace263f136644193b3f,nan,1,58280,31,1,1,1,0
189,20dc5b363591f418e97687abc8588050d6ee668ade119de3dbfc8faa168b3372,-0.24050384638158376,1,58590,31,1,1,1,0
190,82adab8eeaadf50867329a74911e45916b0ea4cf1baec00b3601ce42dc27c0b6,nan,1,58900,31,1,1,1,0
191,dbb3212417ade2a2ca25566ad30b778f88b3b94ad22882b72c13da94ea566c31,nan,1,59210,31,1,1,1,0
192,296c24904ced9dd5af047087d2ccb20b1dc8fa79ef1ce86145e15343a803b23c,nan,1,59520,31,1,1,1,0
193,d062627c24f23838b7483c2ebf778e4ade9af1dc906b2f223278ff43c06717e4,nan,1,59830,31,1,1,1,0
194,9d7306ff0526e8ab2f5b09dceebeadf1d9fc977731232b6bf595760cdd6e4818,-0.07070527981683819,1,60140,31,1,1,1,0
195,312ed7f314516be24d447505ebcc932468c6b5cd9993d6f68367f3337a491218,nan,1,60450,31,1,1,1,0
196,007ff75773e1908d04f40414e6cb0e4de23ca680782bbe8ec88a8996a3de1d1e,0.026720160535206747,1,60760,31,1,1,1,0
197,9b61c34070d510a5c2c7675cdf3020ae2a2bfae3428c516310df8f8cb5caf0ba,nan,1,61070,31,1,1,1,0
198,b966cfd9e379bac52abb10c2daf336c623b3d7e7942f117dd880ef63a7304a7d,nan,1,61380,31,1,1,1,0
199,d89ed1af12893a99d5c4a7f74c0a5ae4d1582c82b91c19a949c283413a3959f9,nan,1,61690,31,1,1,1,0
200,705c10c5c1d45ed67c04620cca5f2d60aa63cb2f91bee25f63d1afa7d2656b4f,nan,1,62000,31,1,1,1,0
201,099776e88bd509f5b3a56b89f1aebcd5c54c4854312b2ee247327401ca1cb62e,nan,1,62310,31,1,1,1,0
202,df94f08783f39f95fb9befd11471a362bcbf75d9f3df3c9d04eeb11c0ae0577c,nan,1,62620,31,1,1,1,0
203,ab0372e440b5746436a07fbc934473767f6e391052bc088db9026ec52501b63e,nan,1,62930,31,1,1,1,0
204,8ac3d092aa52ede3b6a8895c46de8231d6f44ee533c130d490eec15739db5d19,nan,1,63240,31,1,1,1,0
205,32f2de1664e70c0fcaf0b67f270834bddc746a1a3bd5addf8f62b5c4339a7a47,nan,1,63550,31,1,1,1,0
206,0c11299624a9d96edb8f8801009cec13224530ece62fd052c48f4a2bfa0c98da,nan,1,63860,31,1,1,1,0
207,150b0a9178773827846f5af1846b7e0d01c411331bcba599f9ce7ee43ef3d946,nan,1,64170,31,1,1,1,0
208,43a0bf5d7d5a76cc453de6c17e6d3daf567288bd1eac4218ed95edd0d14692a3,nan,1,64480,31,1,1,1,0
209,b710c427209bc9fd4b481e7f0e21e304ba0c1b7e682766960a85144915b69db6,nan,1,64790,31,1,1,1,0
210,ca5e4661cc69491978a31aaefaa37ac161866ccd073600dba9102846e8ea64cd,nan,1,65100,31,1,1,1,0
211,d68f20a5917889b932dc80269621a8d8b9d670afac746439051b59bddc72ca6c,nan,1,65410,31,1,1,1,0
212,e4beb635ff46704a84003b6532a09f314b22682cacfb9568be2ab51966a5436c,nan,1,65720,31,1,1,1,0
213,0f2a2fb38c3318ce7870a43044df08b6ccb08b7dcc0f9f49f19d28ba6142144d,nan,1,66030,31,1,1,1,0
214,52c3b3a7c7e7f9dc42f2d8a6938557bbefed402ab1daf253770d824dc2d23b11,nan,1,66340,31,1,1,1,0
215,7ef79b372cd9904b367a86cac1ea4aa4b94b6a155ce37a9269424cab81dc5aaf,nan,1,66650,31,1,1,1,0
216,55ed2f8328ac42fff50a34be72f28a3a617c79fac6d0a5a87a9fb641de96c5d6,0.03877386312536287,1,66960,31,1,1,1,0
217,04838186f30bb24aeeaa3208b793970e3c80f653a40fe7f89ad114b0971bcbba,nan,1,67270,31,1,1,1,0
218,526eed6c849e35128a363858e933db91d08a683d241934a56877eb3d46614e33,nan,1,67580,31,1,1,1,0
219,3502d0a43086eda0220c68d7a182319fc17990d8898353ba11fb019734e915dc,nan,1,67890,31,1,1,1,0
220,2e1d89a8de26e9ee9b3a2cd4b7117ce0071cb837f10aab91c1bcd9fe03758c8f,nan,1,68200,31,1,1,1,0
221,a39e4461f2eb41baa455354b67dc8ce45b58b958c644b155bb1b1a31000be9ce,-0.07070527981683819,1,68510,31,1,1,1,0
222,9d2e471d5a19d00f4576718489213d506cd245f8e0a7fc5383435df7cf606030,nan,1,68820,31,1,1,1,0
223,45bc648cda3492485d66a066452dcc3ca191e7f0a2c7f1a0d162b368f317cf66,nan,1,69130,31,1,1,1,0
224,196335e023f9a4013bfe6766f94808da9a6f772a8fc2e3eaf261a065c3d24f90,nan,1,69440,31,1,1,1,0
225,d92789209abe4d41149625e81547c3aa1c8fcf6ba7c7ea516d5f9e2f9b8ece3f,nan,1,69750,31,1,1,1,0
226,395e6091eb22556dd2f179e14627ccfee637c1c959153f7fa0bb2f89299b8df3,nan,1,70060,31,1,1,1,0
227,dac7afedbcf509b20bf24bd29615a818944f840f937c65c8a185a143a63b879e,nan,1,70370,31,1,1,1,0
228,5a00c811a8011578f3478d78fd8ed44a34e6a032d2327128181d34bbfd8e943e,nan,1,70680,31,1,1,1,0
229,50126f8720592c46de79b35187b83a38617ff25dbee1a73e3982ae62142c829a,nan,1,70990,31,1,1,1,0
230,1d16a9328757154d9794a1320c2c4a172cf641fc537c507bfe28e985802923e5,nan,1,71300,31,1,1,1,0
231,93e3730d29358d19df7ef4314d64fd70fc30fd1fc67054f47329d714aa744c9c,nan,1,71610,31,1,1,1,0
232,344e684a8f5ea563d6517e0384c99306fc5d6c090792ef5a738ffa8ea987f2de,nan,1,71920,31,1,1,1,0
233,10e4f1dcdb055e1b8936255b45685fd9e6e0c51fe84d45adca9ab9f2eaf5b734,nan,1,72230,31,1,1,1,0
234,551a524125b59397280eabdf22b3a5e0bb2c2b90b70c714f0039c8b0851274a1,nan,1,72540,31,1,1,1,0
235,fddf582dce20427cca55f3051673a93d84afdcd62aed768f4b532be762e7da0d,nan,1,72850,31,1,1,1,0
236,a3de2f6f2033daeb8a0108659e61cb558b79ee228f51ea69ee019e2a6798b92a,nan,1,73160,31,1,1,1,0
237,f711f02ace84f967d543de9621b8a2decf8e0bc6bc683cce66fdffb6f2985ffa,nan,1,73470,31,1,1,1,0
238,2c8dd7d06c0a77900f6f071121d7d7a04dea1fe8f73fbd3f988b724629eebcb9,nan,1,73780,31,1,1,1,0
239,04565377e5ce01f3ea183ee4ee6d95407872f9294e90502458551be5d268cbaf,nan,1,74090,31,1,1,1,0
240,b1be4cbba426d40fe531ec6c0efb0873cc6831000c26aaecab15fd6d97de8a2f,nan,1,74400,31,1,1,1,0
241,665d544061bbbd7d9b08aa86ddba012746a26054164f1e972cae1bcf4688cd33,nan,1,74710,31,1,1,1,0
242,61237b453afbc1d667a4c3e8a46220351025e841833e50749dbc23c974a8f594,0.006680040133801687,1,75020,31,1,1,1,0
243,aaa1c9738b2c0f910e6f21c2367e0b2f0dc99a7747a72fb74f2dcd29ec8f98a9,nan,1,75330,31,1,1,1,0
244,2e346a654353b50a19b51f3109a5be9666a6eb706904070cce3b42681b355a14,nan,1,75640,31,1,1,1,0
245,79921cf9bd879469c5b457c47534f1283c9b11cd0833e2ec4db5f3df4d9b1442,nan,1,75950,31,1,1,1,0
246,53170a95623b2ae903af7c9be01815e206e55a8413c4dfe699bde0602e3087b5,nan,1,76260,31,1,1,1,0
247,6a9a4d7586cc8a6dacd6b49ed3060c3b8d9911b6be0568da25ffbec7ec60995e,nan,1,76570,31,1,1,1,0
248,74d18a68852dae39cc0593a04f55c580b0524e40632e71932268c9a35b4aba5b,nan,1,76880,31,1,1,1,0
249,51cd700b6ae688292cac8180a474a3424e819c2eead1a579eee388764e504864,0.1872305134320306,1,77190,31,1,1,1,0
250,698eefcd1a9979ec856749ac3883a123d05d0982c0b555c3dc571840ff28a5e4,nan,1,77500,31,1,1,1,0
251,8f3895594c58ac8ce39ed0cbe9802ed3561a3c60f9a15c5aed8d707cf3fb8c78,nan,1,77810,31,1,1,1,0
252,c770dc0906a7b8656927d57326ee3ad55b6965aae798a61acb80f335ffd1abf6,nan,1,78120,31,1,1,1,0
253,e63afc978e5da3bbe2df250e01ac59940f0415312cb48f884115ac26fe1eb2cc,nan,1,78430,31,1,1,1,0
254,9f7ecd80bc8e64a34e96272c99c2b8d95a3a0ed70a1521c2322165fd56dae344,nan,1,78740,31,1,1,1,0
255,03f7a0de435b3628046ccbf90066705b3108ef460892b8f5c132642ad20ed277,nan,1,79050,31,1,1,1,0
256,740f0e217763520920791307a371faf18e56d70a151b6cfe40ec820fd7d8292c,0.018205794975879416,1,79360,31,1,1,1,0
257,d0858ab1e136254faad9d1cba3a27f7e0fe332551247064a06e6864f1dd639be,nan,1,79670,31,1,1,1,0
258,b3fd39d865539fb5c08a2421df9acaffdf60f9f07f309f3c718f8c78a11f45cc,nan,1,79980,31,1,1,1,0
259,3bc47fdc8c1d89f8826e3d7f86cf401388af2bb468bd103e2c4757894fccf288,nan,1,80290,31,1,1,1,0
260,69cfde066911664e52881e4d4da24eedd3774e271034ecd3c06fe18055b7b17c,nan,1,80600,31,1,1,1,0
261,43744aa34851d86245bd3d4225617bce5f6b9a700d200a50eeab45626a77355b,nan,1,80910,31,1,1,1,0
262,70b0862bc8927ed1132edc2258ebb64bda3ede5611c59f014b8dd0f1c494cd2a,nan,1,81220,31,1,1,1,0
263,fd79570ff99ed8c54230f21046ae3aff375fec43b1de47cbe1a68cec89b7ffc2,-0.08986650026174606,1,81530,31,1,1,1,0
264,91ea355cded1ffc501b57dd404de937916dadd89900bfd35bc5c4d0874e0ba44,nan,1,81840,31,1,1,1,0
265,d7c79f8b6f5ec392c6caebbd678058da84093a63fc4641d126f804d2a4d31912,nan,1,82150,31,1,1,1,0
266,e2be7032ae4bf5e393b2628cad9d56226834f906315b2cfb1c134b962a586ef8,nan,1,82460,31,1,1,1,0
267,5873602a6528f1355ee95f37b12e4c2e0f8432302548f3d05758b6b013e26144,nan,1,82770,31,1,1,1,0
268,80569de3e80961d351a20d93e66b3db43bd606c9ed5fec2a8f37911fd82c9e04,nan,1,83080,31,1,1,1,0
269,9c2035ace38ef49dc9cef1e2da0432c4069acfdabb9ede3abbedc1c47e175260,nan,1,83390,31,1,1,1,0
270,48d90efb587a51b72c07c6e7797677ea3aff2d19643a2598f52c588745282bce,nan,1,83700,31,1,1,1,0
271,0a436fc7e4e46dcf8b3d49075d3ba3dd30c291eec914b3f5c78789229bbb4b84,nan,1,84010,31,1,1,1,0
272,2d03bc6b7a18dd3994c0442653b3a1aac4f4b35d83296c58e923fdde2edf290b,nan,1,84320,31,1,1,1,0
273,cfb0a55c2a63fb0e8db5ae08450da10f1c72be99f8c406e29abe22631405c1c3,nan,1,84630,31,1,1,1,0
274,7bcb7a8b1258716ab40b0130a846d09035778694af2038bf7d7746e0fbee573c,nan,1,84940,31,1,1,1,0
275,6d552235f4f81f04e07aee0b7015314b34865935b7d7cbc7bf47dbd9590aeabc,nan,1,85250,31,1,1,1,0
276,916d5889ee4af4b612f68c79690a6b01c515d4bcdaf2d9c2398656246079c7cd,nan,1,85560,31,1,1,1,0
277,bb74568060bdadeece1358548819ccc6516cffdcefa7da7229f0454d4270cc65,nan,1,85870,31,1,1,1,0
278,be76db98063b8214ce1f13e8af4b54c2834838a44f800fe84ad9bfe203c20499,nan,1,86180,31,1,1,1,0
279,57289a7691d985dedfa032c54d8aa5f1a13d0591a78ab89c3508b4bc08d56a91,nan,1,86490,31,1,1,1,0
280,5f2fd38135c3752a0c9576607604a340291efaddc201fca6bcab39749827cbd7,nan,1,86800,31,1,1,1,0
281,f18e27645b90623079f2d6b6d5f319fb731b7a9cbdda073e5050211972eba3df,nan,1,87110,31,1,1,1,0
282,fb9b9d24c8b4445f253c0d9bb55721ec7aa31b91f650bccc36e60958dbc55d84,-0.1302607826091329,1,87420,31,1,1,1,0
283,2469fd577f87c33dc1ca5c47cccb4a7e6b4290c8b20471cb726e3d2f14e18003,nan,1,87730,31,1,1,1,0
284,71b10d0eac063cc360c69189e7708826458be2330dc792b824da62551048f55e,nan,1,88040,31,1,1,1,0
285,de92c33401c18f52a2b60b08dc82a3effc4fb5db68fac3d19b4ade8c056dbe95,-0.1830354421064924,1,88350,31,1,1,1,0
286,43b3ab0660613864dde58e42baeca490eabc42d53dc9b935a9b2445b01b42fff,nan,1,88660,31,1,1,1,0
287,4487c20cee2b91c58f37eee4d9d172c6bf13cf83971e7a312f01d031cf68656c,nan,1,88970,31,1,1,1,0
288,cf39303fc3f0d92fff292d457d68de58dd4c99f35881ab6c952119c661347c8d,nan,1,89280,31,1,1,1,0
289,12696f7d50bd3fe08915bf8faed0bf9edb75a0720ea4b58baffe9c5d135dc852,nan,1,89590,31,1,1,1,0
290,173869adf404fc19140c3ba7f0464b63408d145d5d69d6ea7b8d14b9c88e1194,nan,1,89900,31,1,1,1,0
291,7889f43523067fbf5c55d0da63b22b4838ba18d3955d64c9321c6c22dbb900b8,nan,1,90210,31,1,1,1,0
292,a7b13b44170732686f81520c27308e410fa055871848e5892f2758d137a58ba2,nan,1,90520,31,1,1,1,0
293,7e4ba2c3f67b4224cdaa54875962082bc79ed1c114218d725f02d06938f2b5cb,0.04423152873334462,1,90830,31,1,1,1,0
294,c06d4ab8de4b60cade1a844ed5a03f6475e1f69f42113e59ee1cbddb4412b8f6,0.06113400057895975,1,91140,31,1,1,1,0
295,1f6979bb72e933b51d59acbcbd2ce421dba9bb2b295caf6d559c7ed3ebcb04b5,nan,1,91450,31,1,1,1,0
296,63668127617c1a4fabc1440cc64a5a2e5b633dc2c641649840b0b1a658339df7,nan,1,91760,31,1,1,1,0
297,e022e77f2203185b4945ab09c76df0bb0d42e605e7080b16a3587e40f5ff485c,nan,1,92070,31,1,1,1,0
298,5006be010e6bae5f4dbc975825f1db6b7e416b795bbff52457eefd74fc247ae5,nan,1,92380,31,1,1,1,0
299,3bf7b2d296e903420e6d540684141b0fcfd3ef63d03af3d02a348600f6c442cb,nan,1,92690,31,1,1,1,0
300,63b5aebd8c56062a3bed1fa3dea800b2595d3f483b0c9ea5580b324684916bc7,nan,1,93000,31,1,1,1,0
301,31cd7302d40ef6795b6609e3ac1ade0ad55a5786f0020e135600719634436661,nan,1,93310,31,1,1,1,0
302,fee072eb058abb30f0112eca620a2b373b5c7aebc1727582d40fb4f84840a8dd,0.020040120401405057,1,93620,31,1,1,1,0
303,c856dc1fe931a5852cc9bc5d95df3d91c4a1850ae78ea028e896ae18b5787476,nan,1,93930,31,1,1,1,0
304,908edead10d668a62c2b38462cb5e10e1721cd26b239cf936b4fa45707a21125,nan,1,94240,31,1,1,1,0
305,c0868e615920301a7acab5faea544e6fe51a0e17f8119694e15c1a922e1471f5,nan,1,94550,31,1,1,1,0
306,0dd51c92b1b4cd2e07ad42270ab1ab2c8e965d009df3dcff52048ac7fc1cfa7e,nan,1,94860,31,1,1,1,0
307,8a1363361933ab1fbd275a894a662d0483fb4a86ffed27ae0a721f08ec2453e2,nan,1,95170,31,1,1,1,0
308,7f5a2d1ce99aec650c64b899ad80efea5aa659e39543db9ad395ad4159ff5bc2,nan,1,95480,31,1,1,1,0
309,6efa50bc0aaa1bf04c395371b908d869e041910598616bafa5dc4bf8e310c74f,nan,1,95790,31,1,1,1,0
310,099d0c0d04c0a70f5b7701e7a2f76ebc42b6076ec0b4df80cd23be892e33af41,nan,1,96100,31,1,1,1,0
311,65d7d1f79433785099ddbe76bc9a38ba3584240c4de7261da17be70c0903e0d2,nan,1,96410,31,1,1,1,0
312,74edd3936f16137969f801c02716b65e72c823592a9a7a582eb5ab1f9d046c52,nan,1,96720,31,1,1,1,0
313,629859339d6df495b95b9bc4eeb3588a70a1d5e96f5e75914cca4918d65383ca,-0.049078261624014984,1,97030,31,1,1,1,0
314,2e6d4f42ab5821930054946af24d829b2df84963cb1f80330dc6779c30ed7647,nan,1,97340,31,1,1,1,0
315,4b0c7330e3f04b1567e0a5f76d76da25338105e96c5c9b2c9afea98fd9b322a9,nan,1,97650,31,1,1,1,0
316,6b4ca21dbd9cb0aa6fd57fcfaeea37f55beee0065b7f32d6d7f47abcced1de55,nan,1,97960,31,1,1,1,0
317,4e3150d75f76d07c2f94af23815d25a78d97ca3cce0e7fe6781baf725d3fd205,nan,1,98270,31,1,1,1,0
318,aa0511931ac07c58e643dbf3d002c2f9513e79c1c4bd91a6f1e98c1a2f2f5851,nan,1,98580,31,1,1,1,0
319,06611ad83720d6642d712c15f6f0c344ff1395eff099861bbeb569d632b01de4,-0.014010723650341205,1,98890,31,1,1,1,0
320,b2ea7654e39798d81fdea7dffe71de28ea97bb345a8ab54c63f1ece74ab0191b,0.04717845471236377,1,99200,31,1,1,1,0
321,509bee18f039f6baa4de7d118c7b3961cd82339e192afdec447ebb083ecbd244,nan,1,99510,31,1,1,1,0
322,f65a7703b607d1e15c06533b154f00db16b642825e36a841d5ee1b27d5f83974,-0.07746626855508423,1,99820,31,1,1,1,0
323,e4341af3331a1e765c8ca0c1aa2ebb2eac394dd08a378f94b6c32efcc5dd839b,nan,1,100130,31,1,1,1,0
324,7e2d1613871d4354f718cdf6a39132e62c06f7f81f5089c3ad97e647ca3abf32,nan,1,100440,31,1,1,1,0
325,e35559e0778dc4c1bcfd0cff22639d424f22d9511e96a97a7b284fcc9752d6b2,nan,1,100750,31,1,1,1,0
326,9ce857a5c5233def8b2de2df597e7af7c25efebb2b3a268435f4a83034914293,nan,1,101060,31,1,1,1,0
327,80dfcd03856ba5976066e9581a42d004c48e217684beacc9e97ac271a641b735,nan,1,101370,31,1,1,1,0
328,7ce38c728fe535da6926c8f8c15e19b7ff87f4fe6054775a70762ec73cf49a61,nan,1,101680,31,1,1,1,0
329,800fed283841c08ca513ec834235e1d26032eee81f771917553859998bb55554,nan,1,101990,31,1,1,1,0
330,135aa55f32d7efe072640b632f3d36862ac7af1f7b0d7c6cd9b91eed952e4998,nan,1,102300,31,1,1,1,0
331,3a9c4c9ec1e504153906b217650b84a202b80c3fc0fdfb6842f84eeb9610f630,nan,1,102610,31,1,1,1,0
332,3532f0cff24b910875d5f6c8df1f6baa4a4ab56a5c84914b8e5213d414c2cf11,-0.12894753220052402,1,102920,31,1,1,1,0
333,84e114748a20fc52c13557ddcad054fc4f0e7b223f63fb41f5c8391e304fef08,nan,1,103230,31,1,1,1,0
334,986e6e590e262f54fc30c709331269837e7401aa0b1a5f99b1c7e63dcac1f7ae,nan,1,103540,31,1,1,1,0
335,a8d92af18a5c10775b105b44929391969e2e4ff53164faeb1cf24cb574913f9a,nan,1,103850,31,1,1,1,0
336,85ffbd0571690e062b33feefe16afe3af3d56f2eb0a145ba51257c3fb2ad83ad,nan,1,104160,31,1,1,1,0
337,9ef34e1ce59cc3177a431f825b3ad66a1165d24af97e30d57801e254feb5be15,nan,1,104470,31,1,1,1,0
338,13f36b87647b5febca0cc3130300c5bed5bedbfc95ec0bae6e64b5bd3c5d075b,nan,1,104780,31,1,1,1,0
339,f68e5a735a6f507ae7d327fefc6b0117f3a0beadbae3f78b572cc457da9652d4,0.020040120401405057,1,105090,31,1,1,1,0
340,b24f72285b2be426a06f85656f9e0ac1016a9beaed8ce975582c026073027bbd,nan,1,105400,31,1,1,1,0
341,449f2028d12c95b0519f0c3aadafc0fb8cc00d4cdd49d1fcfa8ddfdd81283ba4,nan,1,105710,31,1,1,1,0
342,814ba502db44d9c347adb9c46754ec7e015b2f6d4e38c4fab4063a60939a1dda,nan,1,106020,31,1,1,1,0
343,7e0cc3811f61b29bfe33a84924eb3e74a76a8bd5e5d3c84ae19b1a38c7abbec3,nan,1,106330,31,1,1,1,0
344,0963fe9b21639fa464c907923e4d902db14c0c0df3b88ee1cd8210022bc02bd4,nan,1,106640,31,1,1,1,0
345,7353506691d3c2210ec126400dd59f1cb6179c447f7c9932c3932542b77b383f,nan,1,106950,31,1,1,1,0
346,ba564856395d90a26f32373a658d6bb7f4551c018cae5bc4962003c40d89ee32,nan,1,107260,31,1,1,1,0
347,9eeefc70eea8ee56037996af11e8b1247675e4a9813ba9b7ce3fcbd0d3ceea35,nan,1,107570,31,1,1,1,0
348,5a294e9a367258d1844d6e18004d8912510a32f4aae66bded928f1073412f562,nan,1,107880,31,1,1,1,0
349,c3fdf762baface8da0e3640cf005e7b21de6d9174f0fec8db8479ec3e3c1abba,nan,1,108190,31,1,1,1,0
350,46a396ce1147e2585227e877f6e5d67945e55af7428bfeb2bf3a756b0575bb89,nan,1,108500,31,1,1,1,0
351,2efb8ff39d3d44c2bb1e7a3a01973d668b12e1ebeeab2f7b99eeda201de7c89b,nan,1,108810,31,1,1,1,0
352,994b997f0fa1166ccf47c6eab64b94ccf87f74c8ee819be04a4cec86dc0ad304,nan,1,109120,31,1,1,1,0
353,a1beea49e98370760f29980583d91c6ecd79ca2f4355df485f39364970daf41d,nan,1,109430,31,1,1,1,0
354,b9fa7412a385be2dc1f6f4b721c48db12ebcce1d5f0775916675ee1a8dd5658d,0.14063671152508192,1,109740,31,1,1,1,0
355,6084b65757beb6b8d59f2338cd9f8e1a1218d745129262013121e4bdd56173bd,0.06113400057895975,1,110050,31,1,1,1,0
356,626f25887ee0632d23b93cfd274f53a5b68feca95ac0e9403ebec1649606f0f4,nan,1,110360,31,1,1,1,0
357,9d62be93067af85f9dc8de077d2f35865202798db376392d26607b6ad611cb39,nan,1,110670,31,1,1,1,0
358,194271532a93d8ae6d7207377db122e09d374e959c346cb5beadaeca0552f82c,nan,1,110980,31,1,1,1,0
359,abdf381d6cb5907c4657f0fbd78d06d360586979e7998b14496671aaf141eef0,nan,1,111290,31,1,1,1,0
360,a17a3a8e0f51abb3c5a95f1c7b6b6b76e20866b770f177c14ab4064629a9741d,nan,1,111600,31,1,1,1,0
361,501748d8aa41bb39b57e4a23059839993281904b7329006e72bd27766c9d3750,nan,1,111910,31,1,1,1,0
362,53377266546c90c87ef0e9f75ceaa09242ca17f2443eec72566a700c96530f13,0.12711473404858983,1,112220,31,1,1,1,0
363,9dab508bbd3668cb786e7a681a2d3198d6aa0a37781933f754ef4c27af3050e2,nan,1,112530,31,1,1,1,0
364,75649e5b4c6c62fc3751bd5034cb8a7cc095ebb25daa044bee91a3ffdd01e59e,nan,1,112840,31,1,1,1,0
365,9295e4a69f1e81337c746f0e4ccf68be7da4a5be93aba7da77f12e11781c61d2,0.09155844990106696,1,113150,31,1,1,1,0
366,daa14bd101b2560542dc292ce489a9db981481e3e576d0efe3fa14e4f5715015,nan,1,113460,31,1,1,1,0
367,389f77388d88721b96ade7558d833bd19057f555e03f6e06f313e3a5ac5eb5b0,nan,1,113770,31,1,1,1,0
368,853b2a718a66d2882485d9f9cb34be7d02c9564defe11167702f309bab8ae530,nan,1,114080,31,1,1,1,0
369,1aab9983c6c1113fea383e8e4895d9d57ae7f72aa9aabd47e5b8714f3583b99e,nan,1,114390,31,1,1,1,0
370,b7350e0a7bc0e4c062c9ea20b58ddbe0600f6b222b7dd56737d01a82feadd0e8,nan,1,114700,31,1,1,1,0
371,f8b74afd8dd263bf786aaf558d73421fa4295de78bd10b96e2029754a27243ec,nan,1,115010,31,1,1,1,0
372,2bdea5304556507c722aedb0b4c2d8abadbec5264557bb218a561d6022a9d2f5,0.04423152873334462,1,115320,31,1,1,1,0
373,bffe2bfe6890addbf64db014a5337727ab3ac37d33a3ede79ca9117c2d590fa3,nan,1,115630,31,1,1,1,0
374,504cb57509d634605676c19e05242002decabd20745aac89ebb9e2f3ba5b7d16,nan,1,115940,31,1,1,1,0
375,18aea7be8dd5fba65ef86a3edab3a660dbc2b6aca70c2a35e4bc3007a23c144d,0.17403436673810457,1,116250,31,1,1,1,0
376,3c5dcd73dd0e504f10ee62c5c5a2e97edfe1e41a14d56a76e442619457270dd7,nan,1,116560,31,1,1,1,0
377,ce03b9def8d82508b9548bc912e98ada6c973ace368d0efaea576bcf951aff2d,nan,1,116870,31,1,1,1,0
378,b6789f39043f4f6c9df2a859e2dbd4104d10531be08749b2487b7679cd0f82a2,nan,1,117180,31,1,1,1,0
379,8e1cf1e487e22d5d3d1cba7cec60b867770e765cc9f103f9997b7fd22fe6d928,nan,1,117490,31,1,1,1,0
380,d1fcfc81562bab2ad406e7a07c1da81d34915cadbbbea9f97dd6f8c183c8af9d,0.018205794975879416,1,117800,31,1,1,1,0
381,14aa2322d155062e4c881715b6b5e4023fbdff36b5184864505d9b6e76130108,0.04423152873334462,1,118110,31,1,1,1,0
382,30d37e1f08d1d9f5ba9e991fc99615d9074b25acd36da7a9e86d80014ddb8f9b,0.043420260869710965,1,118420,31,1,1,1,0
383,d012258ccf9f955a67176d27f99bd21d77382541edf552b07d8ac207a2584564,nan,1,118730,31,1,1,1,0
384,f45c419c34fb66a5e9bae57795d601cf6c37ff26ef635af07c74c0274efe651a,nan,1,119040,31,1,1,1,0
385,228b21310f1c230328748f7df110aaede975f0e5a09e1c7db16dcb36600ebcde,nan,1,119350,31,1,1,1,0
386,66808a0f84178164058be7f4832b36ca6ed5a654e650ef43e45f9a0e4c6a1375,nan,1,119660,31,1,1,1,0
387,5b96f8570a942a91bf21aeb9ba779ecb8609bfd1d7a3506710b6984d9a9082d0,-0.1770210635457447,1,119970,31,1,1,1,0
388,b1107e5ef7d6ea8c2d9c826e3173eb578cabe4318874b387813159072e61912d,nan,1,120280,31,1,1,1,0
389,97fca01aeafd43d965df89ce130ea12626e94e1e59e653d448d4f8d96e39bc8c,nan,1,120590,31,1,1,1,0
390,29835791567b561e522dcf3501f6f588128a2403cb770c17684b80621e98024c,nan,1,120900,31,1,1,1,0
391,edf6dde4f8d4f99a66791512f5b4aadbf0d9a942c1ec3db7c16d4a0f33d8a3f3,-0.014010723650341205,1,121210,31,1,1,1,0
392,f3c46f8a40b4f499d16f6dcd36960b78dddc6af76424ba06215e92cecb870fb8,nan,1,121520,31,1,1,1,0
393,91b769ac9c8fba127f5a22cf60e207b22063fa4f7bd750b0c1d95f3b981cd6c2,-0.07746626855508423,1,121830,31,1,1,1,0
394,8e663a9c9abd0fdeb94d36267fb56786e9795e6f4b8ec42836962e43739ff452,nan,1,122140,31,1,1,1,0
395,1dc2fec14afe74263273992587af220bc726002384b1a2627c77951ba21d2b6d,nan,1,122450,31,1,1,1,0
396,e9f54ec44c6717904749081be19b0d5be0949a68fdb61c54fb405a8028cd85c1,nan,1,122760,31,1,1,1,0
397,2d6e8580e5acd94b0c14316cb3a8b8158401b360dc733b0efe55a3ecbc2f398b,nan,1,123070,31,1,1,1,0
398,7d5de30d291a71fc5e178ef695698794cdeb58b7d22471955ec505ad0b7d7b21,nan,1,123380,31,1,1,1,0
399,51c8632e4d0f887911c3f5c0aeac013d1b4137e7d41284b0ce1ed28171068a50,nan,1,123690,31,1,1,1,0
400,2033bff846ee53e1375f1324e0ff292721a8891876b8f272849d9e29a7868fb9,0.06113400057895975,1,124000,31,1,1,1,0
401,d3f05bf57441c976f466fbb4aeff4e2d88d4e05457f2c5b77b05bc324eee577c,nan,1,124310,31,1,1,1,0
402,bca4b37234d0a2eb6b751a8040b55b3fc7118923ef6ffdcfee28aa9983f56be5,nan,1,124620,31,1,1,1,0
403,d52a4b0dbdb784020bc2be65ce19da650d151083a08958e177a0a7c7212d8450,nan,1,124930,31,1,1,1,0
404,7ad8cb6820bf83c254fc138c9bd7ee0609e6118b0277701cef0db2b28b6a091a,nan,1,125240,31,1,1,1,0
405,ca128732d3ed1654d2950a426dda27114dc666a3cb99138b9864ecf8b6b96391,nan,1,125550,31,1,1,1,0
406,b612b3e5add40fd26e10c0351a220aefe303b31094cdf1b0d366d148965f6ab3,nan,1,125860,31,1,1,1,0
407,09998f9e0b65c4a0b12ee72df0608f02708a663cd284d85bbb07e63d2df1e564,nan,1,126170,31,1,1,1,0
408,56d886691531800d2b8c10d473a15612c347029e4ed9040954d5b455e314fd05,-0.07746626855508423,1,126480,31,1,1,1,0
409,dcbe2b6c152c402646a430ff94484d08c1ce511b126f00e9640b9759a811da51,nan,1,126790,31,1,1,1,0
410,4a35b0ba072fdb37a43a20ee0d75db75959102dc4be29370b12733fbe1a90fa6,nan,1,127100,31,1,1,1,0
411,eff7b3605108dd894e33a261a9f9511ead37f46c53448e24d4824f7cd84eb130,nan,1,127410,31,1,1,1,0
412,96be7e468b234a319ec69869c9dc7acde804f1c329851d743b2ca1fd40054d65,nan,1,127720,31,1,1,1,0
413,d1b455f6fa21e3bf52f6843f73f3f845b5fd9d97a3358db917c38c6c8270f457,nan,1,128030,31,1,1,1,0
414,930c8fc9f3d6f88834cf5a1cfe62835b8f4ef09b872552b25b44ecc13e7000fc,nan,1,128340,31,1,1,1,0
415,f0644c6530f4e8381fc5bf2f9afacebab0c15c43213862b67d8276e011a9748b,nan,1,128650,31,1,1,1,0
416,6c5e7bfe32d2cd783452d875352d0c363b1a3f75bb2cd6a8b6872e4e11bc0020,nan,1,128960,31,1,1,1,0
417,80ac7e9cd3039e1e61d1634a1925a597ba34265b52203f98c46a203db081ac6e,nan,1,129270,31,1,1,1,0
418,932cae1e4e726c77af7daa22f5d087dca1815339507571d825fb63beb5a53f96,0.024966783714125463,1,129580,31,1,1,1,0
419,9feb0d85282af8cb7423b9657f1b90b2fb458c71802453eb7f0c46f5bef0e551,nan,1,129890,31,1,1,1,0
420,783fa23231a04fa1046b4583af1e2f55dd973cf9f47b4a2824a40ec4f27d848a,nan,1,130200,31,1,1,1,0
421,33acec41c3bd1271483f5f1c30e18cd6f2bfe9e9288d1dbc54d647c631c11fa9,nan,1,130510,31,1,1,1,0
422,7bd42e70ca1ce2841883bcc15c09c34698e76176b8f96e26ebe6a6e2eda3c3c0,0.07465597805545185,1,130820,31,1,1,1,0
423,72bbf8cbe4812fa532d2a58b5635a162b1ebdad57f4ec81d9238b23013f598d6,nan,1,131130,31,1,1,1,0
424,98d93dd37617c9b5ec4bb358a802376afe9f0366e7a06a575ae556b3cbf02acd,nan,1,131440,31,1,1,1,0
425,ea05ee93ee096061d25224e1496fc5f6b73caa24b12d37b3cf0ff527448cab42,nan,1,131750,31,1,1,1,0
426,be203a0bdab8228d5b7a1ea51a7c9159845760499b8f3bd01268f0d078e92b2e,nan,1,132060,31,1,1,1,0
427,163cab4401000570f9ebd6a06fee0ac6fc1c2b6b831789e552063ec57b212b34,nan,1,132370,31,1,1,1,0
428,7c81b2b4d4906f7e9e57a3fd99eff5c0422bb5a15c7c704f3ba0382c228bd123,nan,1,132680,31,1,1,1,0
429,88298e712307e0faa343ebf185fac87c08994a4c0a36cfeb02b8a2c5f601e252,nan,1,132990,31,1,1,1,0
430,c8bd4d7b399ca2857f99da15c31b03bc9d996f8a6694cb82f8b112560941bdc3,nan,1,133300,31,1,1,1,0
431,0010273a40cfb2e6e866d90cc4bfdbb948661a8c54648732405d97e615c1a856,nan,1,133610,31,1,1,1,0
432,f662a04424f088f9c97bd5a40a48871533e0e4537e25f6b72238dfc4e82a15e9,nan,1,133920,31,1,1,1,0
433,6775259b0274d1c000888f742d3e1d1d4e9606e8f14b48a67d5e7f6850c958f6,nan,1,134230,31,1,1,1,0
434,ca77f3b4f556ffe850bb35bd60a0018fa356c129aa9dbee432329d05ade90ccc,nan,1,134540,31,1,1,1,0
435,6f6f76e932a3da2b156a2366df674075cebd73a88d5ecde9c0e162d6f78bc7bf,0.07465597805545185,1,134850,31,1,1,1,0
436,ec767a0643fb9c5128789259ac57aa696ad856cf13a18232b024d59902150551,nan,1,135160,31,1,1,1,0
437,d2a1a13f690f4c073276e8f821aa4efa1e63410b9584a098a373265e986126a6,nan,1,135470,31,1,1,1,0
438,8d3de7117567c6d8bfa22c664851c046c8726892807ce9f6727d2a5931b10529,nan,1,135780,31,1,1,1,0
439,2e31aa0da404cee1b2951755316f7da6c6e1ea07ab1422388e12ff1df4db36c3,nan,1,136090,31,1,1,1,0
440,ef5c5ef2dfc16130204416c94fccf021f3b7f5e1fb9cd92f1b5f10608fda76eb,nan,1,136400,31,1,1,1,0
441,ec10d02aa69209cd57394c3fda3a874de17999e2669c5f7832673342190b1981,nan,1,136710,31,1,1,1,0
442,fc7bedfe49a861598b681d313e87ec456026f7ee31e3c50dabf6308f73a925ff,nan,1,137020,31,1,1,1,0
443,142aa38f52e93b7714f8ec90a0e6a5b4bdf58ce186a3df60f57e5b1767b46269,nan,1,137330,31,1,1,1,0
444,b978ab2e701386b332207dec840e4202cfaf82ab86dd162bed69547a9081f09b,nan,1,137640,31,1,1,1,0
445,0bbad0d070a28a7e0349eb4e24d40de595eaafd1f6a6fd21b71441b0d9c3dd9d,nan,1,137950,31,1,1,1,0
446,69a0790b344a5da3980d52eaa29cfcac706bddafe847b6e127b588468fb9f70e,0.06113400057895975,1,138260,31,1,1,1,0
447,727b2fe0c5484767667a153d4f9584596f1e49281450e40698509ae8320de92d,nan,1,138570,31,1,1,1,0
448,c7ff040fb0a9d7b1705fadc20584160e0dbcaec8cb65bbc16e32af487b355048,nan,1,138880,31,1,1,1,0
449,49bf18d06d6ee2fa76ff35c8a0cf823223cf156c5166440c4bb2dced86bbefda,nan,1,139190,31,1,1,1,0
450,e919fa047eca78d48e2bf919471da6b6d6a5f5ed7f60d51c46aa8aff9688b229,nan,1,139500,31,1,1,1,0
451,994fafda4d6039c1ae4e5586d4be2885d86d1f0732a49bf3462755a2689dd083,nan,1,139810,31,1,1,1,0
452,f12291d5339edc9b95775af40f9a6a2b5846208a6ce1247645a9f4fc96943da2,nan,1,140120,31,1,1,1,0
453,70248456ed165225dbac8c778baf45bb87587c474ae44586db295405c4858743,nan,1,140430,31,1,1,1,0
454,720e02d05c8fac1320f5e1feaeb4ea300a5e5e9f4e0ea5e6039d6dc94297300e,nan,1,140740,31,1,1,1,0
455,17d034b2f5e377329ec580862a7e2a8565b93e1b661cd403086f6c37aa0c2988,nan,1,141050,31,1,1,1,0
456,c35bea3090f6e6c2f59a2d28cbb3a8a234249166815cf3e47df2903b9ef13066,nan,1,141360,31,1,1,1,0
457,a85b1dafffd4dadb637fa7ec43fdafe1d55a897248f3678c3f6f66f501ca85d1,nan,1,141670,31,1,1,1,0
458,fb526c6b490c03bf36666db7e4385b702b9abe6ecb022f0a6f62e3600064769f,nan,1,141980,31,1,1,1,0
459,c268820ea3f94087dcbfd39757e755f03cd33e2ce7fabe27c823d815358d06cd,nan,1,142290,31,1,1,1,0
460,638c0a8376f302a934f9fc59ceaabad121f9a76d20518d4c2efb62770e25bdfc,nan,1,142600,31,1,1,1,0
461,a14d5429060c97c93626b537f9939be0c6d5e41e38663e28ef90ffbe41445d47,nan,1,142910,31,1,1,1,0
462,f85232905da3862366c84612c1d4d4a5187a2e931d20b7400f57659fb457d4dc,nan,1,143220,31,1,1,1,0
463,1ccd77e4f9e34ce938a35e38c12c96b59ce906df62074b303ff15a47a6363f15,-0.030913195495956326,1,143530,31,1,1,1,0
464,515a51d5e4e075118a406c897475f5805d541f70cca9f5dc13eb8d44718af2f1,nan,1,143840,31,1,1,1,0
465,e43d20f547676e11cceb6797841055bcc597e3e623e3d775066c69eaf10d1666,nan,1,144150,31,1,1,1,0
466,c0a9d74cc859e59217d4a274c659c8ce5230eea6813c10bbb40ff437d8a366a8,nan,1,144460,31,1,1,1,0
467,a55ae43f49e0093aed7a4f1ce0592d268ec1e545c4188e026147791e0cf4f4aa,-0.13493467283017566,1,144770,31,1,1,1,0
468,b44a0e4ccdd749ac879a548441febad2ca143704e5fdbd8a1c9ac5da5fc073f6,nan,1,145080,31,1,1,1,0
469,6fd64f901d6309bd4a41ebab14d344b2643572fe1346c6936c21b77ec88fc7ad,nan,1,145390,31,1,1,1,0
470,9ef3bf888978209b93ff8ebbd653036a5c46a962c22b78da35277089134044bd,nan,1,145700,31,1,1,1,0
471,5c5520f6a4636d2f7dd44070de69dde5e3f7d8601471753c89a5a2ad4f8826d1,nan,1,146010,31,1,1,1,0
472,3247192aa1b7c9836d4235b70827a4063c46b6d76695260e21ffc10165897f8c,nan,1,146320,31,1,1,1,0
473,a4a6af5734b9468e4553d272cdf78db86316725bab9715410f750831cd630107,nan,1,146630,31,1,1,1,0
474,91dbbff1c00f78786d0ad1c3fa5748f299f825b4c73e1015e0894e22ad0a6819,nan,1,146940,31,1,1,1,0
475,fa9e3fd956eaede1f2c659722512267b2c5a0ccdbfd6d6af1ee73e80e97ef791,nan,1,147250,31,1,1,1,0
476,4b48ffab20a523e298537cbb26ee982e18d00f35ac2cc8c1c3e40c63cfcd7db2,nan,1,147560,31,1,1,1,0
477,5956a2be562c3f1ffd18a9440b7eb2588ea110f9075130fb0eda473ac11c5b7b,nan,1,147870,31,1,1,1,0
478,1ee3117c8bb3fa64b53221f7ed89b994f0bd5181abe75fb6053a91ead1a6ee9b,nan,1,148180,31,1,1,1,0
479,f1d37e2aafa2148fbf5e5968b6937ac14a44cec17e38d7f517562c3466d37e1c,nan,1,148490,31,1,1,1,0
480,cb65bf5c69ce893c90e58e00c68d63880f16ca93f6f826e08eebcdeca368946f,nan,1,148800,31,1,1,1,0
481,c478e6fda39ce51fcfb4dbff60b715deea74d33251c960236aa5c6eac4dd9763,0.15680606410992337,1,149110,31,1,1,1,0
482,c169d5b232765f648ac4a30d8b6f63f430f907aea0e45a6cf1b1426611f42fba,nan,1,149420,31,1,1,1,0
483,ddfa0b0392b2a390c4eff928eddd40b0b89dac00bfa709f3e2cb8e2e9f3e9fbd,nan,1,149730,31,1,1,1,0
484,9a53ddcbe6426af7b2bb614b996e14765040e885cde2e9115c17300955aaa776,nan,1,150040,31,1,1,1,0
485,9b96692ee5fdcdc33d7458130572195be35c3b524a0ae7004f09f2d7a92c49b2,nan,1,150350,31,1,1,1,0
486,19bee29346de33d6a6256247e9ea73e40a67efe454e952741a45abc295fe68bc,nan,1,150660,31,1,1,1,0
487,7f475bbc9de53a438edb12367219db0e892b8998c73ec514deda1efe3aa009aa,-0.052458755993138005,1,150970,31,1,1,1,0
488,b5b495d9157a262d4d243f33a7e55d8d4b47d7f832a2bb33bc8d1771475384de,nan,1,151280,31,1,1,1,0
489,eb07c2c3168cfc247fe763617b2c6f9f834ba228c4e62a0f6f4fe04711b653b1,nan,1,151590,31,1,1,1,0
490,d6d88c59fefc0ee4e7eb8c52054b5132cb7b39d4eaa7de2c20bf9ae9553e02e2,nan,1,151900,31,1,1,1,0
491,445a7cc752d99e79298293c300927b679bc262d2ccc791b11873ce17e415c52a,nan,1,152210,31,1,1,1,0
492,1af15d67fefc6c066872dd89188e53bc35df8dad688bce6cb2d39a7f482352c5,nan,1,152520,31,1,1,1,0
493,bf9022cbdb551751b544c4ceff856a3ad22233e07de071a6d017afabd3a2665c,nan,1,152830,31,1,1,1,0
494,8b6889f220ebd67097e6f77ce4fa7b4ff7daed5e664413a1b7eafdb70f723e92,nan,1,153140,31,1,1,1,0
495,4af66b62f721b3ab0b665689f7cddeb7289bf4fc4227ba8a36f2187ef5b58be0,nan,1,153450,31,1,1,1,0
496,6817da48ebba4ec453cb8216afb04cf462f586becb58bd4d74fdfe3725e05a6b,-0.17627445336824632,1,153760,31,1,1,1,0
497,5b584e6353b2449343dedea097a3870e8fce5ccc1351e61904dd27ae9429ce51,nan,1,154070,31,1,1,1,0
498,d659cfaa724d4a755deb5aa81d8f909259ccbeca3a8c6a726d8844affd99ee8d,nan,1,154380,31,1,1,1,0
499,bb99a4cbdb7ad12d1c435a60304927a62a8529e196e45778dcb38c86702be5c1,nan,1,154690,31,1,1,1,0
500,3fd12871f0dc16f93dbb9b34fe611fe3295b59e9218b76cb1172c1a1350e4b8b,nan,1,155000,31,1,1,1,0
501,79921e8e40dbe1da5d758c5d5e04fdeed139f1dbc4b938a55620678c3ddb2384,nan,1,155310,31,1,1,1,0
502,3a65043db09beaca85f8bc8eb0d224c7ced7b00c7439b8805802e7a6a956058f,nan,1,155620,31,1,1,1,0
503,6ca41f20817346eda1ea68a0ba708dab719f29bc423266fbe2de7a93f362b493,nan,1,155930,31,1,1,1,0
504,141fc7b79d4f006874c5464d5c6d5497a0f56f2d9550abd82c1f50b5364ce94a,nan,1,156240,31,1,1,1,0
505,88bcfef32ad95c96b2eca85836c2f43a5b534f452864ea01bd8a95976a009609,nan,1,156550,31,1,1,1,0
506,f122e06dece7cb6eb1f72b29c4bf51e5107204b1e7b55a9eb777f3f6419b74cd,nan,1,156860,31,1,1,1,0
507,da0488d1eae7a4eebeec15ce676a699e51459a89626d4803ea77c493c7c351d5,nan,1,157170,31,1,1,1,0
508,aeda76afc049c2dcef98f9b5c6447f1513896e6b5f29ce7355c723a798ade1fd,0.023617463390160853,1,157480,31,1,1,1,0
509,3b8b6ae91921477aa8d11467156c9f797477c25f0f50d59dec34aca5486d93e9,nan,1,157790,31,1,1,1,0
510,08326546324fdc502261568cf70ebdd37f41cd9ffbe6548f5fa206469b962356,nan,1,158100,31,1,1,1,0
511,8d7f36c6c1b47827d5ce81a81c399d2040db88c50ae6324e4dd8e37088bb3188,nan,1,158410,31,1,1,1,0
512,11d5781116836b197080ea494e126ab5cf403eec9200c738db7decc738cb56ee,nan,1,158720,31,1,1,1,0
513,e5a2264360678bb6dd8e1f4926670056d18fa609de0d81dbef295599a8dad175,nan,1,159030,31,1,1,1,0
514,43e71787a3e7b0beeaf88892597d4c927c718d56d119513044985a5bd269b110,nan,1,159340,31,1,1,1,0
515,973cef36660df969c9b6a28f753221d788aed0e9c9d2b3473089c65dc146729a,nan,1,159650,31,1,1,1,0
516,829d84b9726ea2ad1b7d139e309527d6dcc4f08fcbb6585aea880a4eb56e6937,nan,1,159960,31,1,1,1,0
517,0d4eaf1f22adc290312200e7d0a14a0f33fae12d3b8be6f6b55c3e1c0043d315,nan,1,160270,31,1,1,1,0
518,89f9d0a88989896149f2eaf3e712d5032917e9ec8c5b3b4464dbe7529b319065,nan,1,160580,31,1,1,1,0
519,58ea641302644ffd930690ec4722fe0c4a36afd0429fde97fe5876f23f67b6b4,nan,1,160890,31,1,1,1,0
520,7578aaed9eeeb6bfea69742d7e95ecb0850376635cd41846a8a7d5fee2859484,nan,1,161200,31,1,1,1,0
521,7e5af01c9ecd0e10176330b86e054b299a88a157dd25a61b59c1e17b5d260e17,nan,1,161510,31,1,1,1,0
522,1b8d74adc0f73d0ff9d4d7165a065ff14dba8011091f90d8c35cf4688fa2a940,nan,1,161820,31,1,1,1,0
523,b09ae92a8aa4725625ca7b80fe12d83f8515fc3f0af6a48b3e525b1c0d674bb0,nan,1,162130,31,1,1,1,0
524,d55e0f6b038c2dc5dda8f2dbebb9fcd1af1a215716be0e37626f9197c67a59e5,nan,1,162440,31,1,1,1,0
525,f12830e7cfad20b8194c6869a09f8ae57cbaf93bb529fbe11a48d19c74b5bd4c,nan,1,162750,31,1,1,1,0
526,2eb059f66ff9b2c64c0e6ce243830689629824c4c1a442d12cb6e8a695ea270b,nan,1,163060,31,1,1,1,0
527,2f651d517826147f72cbb2a407b2d5f3d059b89e14e62a5795766ae9447dcd14,nan,1,163370,31,1,1,1,0
528,2184347c1c920d947e67f1e7a98d971d3a48d6908cdcf8c65832ba277f1af572,nan,1,163680,31,1,1,1,0
529,fcf62ab4624274b7f3fe655db328ba6b43f44ed1359aa7854620f2723997952a,nan,1,163990,31,1,1,1,0
530,c58a6f46b14e198627308d2dea8ec36b3dfee0f2a449df8b6ad67c740f169e51,nan,1,164300,31,1,1,1,0
531,ee95b1e407a00c0a39eed879c99467e6a517816bc3c920353b0632e64574a3a2,nan,1,164610,31,1,1,1,0
532,e731cbace6dd6cce65a36220d52304e177541b93b7e2c358ce95a0b778bf3295,nan,1,164920,31,1,1,1,0
533,44b864fe48ce632a993b20b99dd2e8d4098477604ffd9d3e39d082210ea99330,nan,1,165230,31,1,1,1,0
534,d383c93f8577e0c611108c371351f1fab1a1368f67acebea5c09bd28fa393cdf,nan,1,165540,31,1,1,1,0
535,dd28462742157ceb3b02808a0b5de725159c4da9f43cfc3d00565d00b479934a,nan,1,165850,31,1,1,1,0
536,b9821f510d8276c0fc90ea2dba87c568ca61343e1533ad2b788b2ca26e435ba5,nan,1,166160,31,1,1,1,0
537,b595b8858a35aed743e2ff552c7be7a0377ad2a34dab03b1bc42560176a781ff,nan,1,166470,31,1,1,1,0
538,8b056f2a3460637903e39668767529ccdb0ce2fb0210f9aa9af9103e3783b702,-0.030913195495956326,1,166780,31,1,1,1,0
539,5ea24cf5209c28dd34ca9b19d458de9fa1b965e83fd0efae16e9ba544b63ce92,nan,1,167090,31,1,1,1,0
540,2bad8d74c6604e30c00120d9d635af689b2510fbeeb7e503b3a86f2f8b0f901a,nan,1,167400,31,1,1,1,0
541,022a3f857e42421d95e92d1393a9e92312b52a22a13fff1051582c9b24e22d84,nan,1,167710,31,1,1,1,0
542,6439a8ffc28180500494ee966aad10f4e8a700df4863c363112296de039611e3,-0.030913195495956326,1,168020,31,1,1,1,0
543,62ee78638c102e2ea7172599604f36d784e740fa708801c177bc282c05ec542e,nan,1,168330,31,1,1,1,0
544,c63fbc546ccbec02d82e6e27efaaefa6a072fd3f3b9f90b45d39a955b6914b11,nan,1,168640,31,1,1,1,0
545,c212a0fd9f6ea726fd686962a7d3d43e3604e3614e712f27ef755a904c57ec4f,nan,1,168950,31,1,1,1,0
546,08c9266e376fbc52c168a8359e90076edc060b1f50a0de420ed2d168297e6b6c,0.14063671152508192,1,169260,31,1,1,1,0
547,2d8c5ac0551bc268629ea81baa010024497994f54ae2eef9dc8f75f3e270090b,nan,1,169570,31,1,1,1,0
548,2d88a8df8a6572d2727551fcde627f664a0c1916b944261f23325633a601a603,nan,1,169880,31,1,1,1,0
549,d78d1560f8d3ef13c6f1e55f52c07b9c2c7a55a84201d7a477b1368f18169c66,nan,1,170190,31,1,1,1,0
550,c0f8937722ab4250ee116946341ccf0210bdbc9ab2334d660eec6d448fcc956e,nan,1,170500,31,1,1,1,0
551,f62fd2a91a607b7275c58b9b6d7fa9faa8081d1ea670c8768214576ea231c4dd,nan,1,170810,31,1,1,1,0
552,207e450201e388be8fd662ee28ba6ff5cb77e6ad1cc390e07581bdb15d8567c7,nan,1,171120,31,1,1,1,0
553,4b9b58cba4af5c581da8ed000a52b33e18be9a0b6705521a6688067f3176c210,nan,1,171430,31,1,1,1,0
554,d2570fa521539cbd9ed2fab35b44922aa3488e8a63f97610f6c6fdab7d9613b0,nan,1,171740,31,1,1,1,0
555,73a6ca886a82af0c07618399c0ab48d89e31349df190e8f202644268830fe7a6,-0.12894753220052402,1,172050,31,1,1,1,0
556,b0bfba7426d6d732f78e50c035964655c18b83f38fb34e51e225d5db529262c5,nan,1,172360,31,1,1,1,0
557,cefeadc32d0c9bfa4c1b328d43143ee5539704abd62a1dd5fc7a712ccaf8ffea,nan,1,172670,31,1,1,1,0
558,92b0639fade9efccd41fed3fc9a299b8f38e01c422cdb0480a283fc04087a4f0,nan,1,172980,31,1,1,1,0
559,d7acaeb537308ca9c84a32e332ab365cab942fd66c11cce2cbb29b7a30417c1a,nan,1,173290,31,1,1,1,0
560,9cd83676abec8b2f0e3898ca8c395802216138ab0b5fb95255ae89ed6a08af1a,0.04423152873334462,1,173600,31,1,1,1,0
561,658527c20956d4172f97439e35b239de6b304153600316e705211d26ef314cff,0.15680606410992337,1,173910,31,1,1,1,0
562,e8d6eeb9cca3a6234deadb942a4d667939c917d6cfc485dfd02b2abadec2ecfa,nan,1,174220,31,1,1,1,0
563,84f9e4f39585634586cf905232749a7dbb2aa755a2c3dce0b9df11ec1bf5888b,nan,1,174530,31,1,1,1,0
564,e8d38c19cf3d1eabba0e7caded5205268e0b6ec7611ca0bf42ba16a884e6025a,nan,1,174840,31,1,1,1,0
565,dba82c32fd0810d5595416feb917c0d045b45f3275e70f3cf566b7fcd6183514,nan,1,175150,31,1,1,1,0
566,bc3dd2fb9953ec58d80426dd235779de33761a8a50120aa170b2c6cf5deda03d,0.15713189489248947,1,175460,31,1,1,1,0
567,dc9257d32f5848e75b64b5c7770c646fa0a41922f9367412bce509406bc7d8b4,nan,1,175770,31,1,1,1,0
568,b918586a8880f861485b1c4920c75a991210d4eb5194441a10e7017cf0b0b331,nan,1,176080,31,1,1,1,0
569,48b6cc6972e5c569bbbc41d364319918c18c1f0dd7c15fb5401a5ec2ed821fbe,nan,1,176390,31,1,1,1,0
570,a027edd71d7800780fe2447f4d0f1bfc6477b87f3f12299c1b68847d13a76bcd,nan,1,176700,31,1,1,1,0
571,609584826860af57c99b2d1ac7ba62ce0afc5dfdc378749056e75c9d207915ee,nan,1,177010,31,1,1,1,0
572,24078b19e89aa3e78f4a16d316b3c63b4ce70fedb55cd992721b4767b7f80a37,nan,1,177320,31,1,1,1,0
573,52ad42c81bd344d6b731bc167450e7f1972e195f2be67ec1663d3741c905cedf,nan,1,177630,31,1,1,1,0
574,c7d1a039c0684e63077230bed018a349218ea1d2c1945d21fd0a513cb4c6aaf4,nan,1,177940,31,1,1,1,0
575,b3b6185eac8c16b846d74fbcae64fbdf021c71268be90884cf65df8a71782b3c,nan,1,178250,31,1,1,1,0
576,7423d152a9d1b9b4d65192548afb24d94c3602ed27d89827e8d4351f5c3104fa,nan,1,178560,31,1,1,1,0
577,abb2ed64b51df05bcb55d7a668e73ece0e0ec25ff15858829c70cd7bb79f7a32,0.00834941380325566,1,178870,31,1,1,1,0
578,972f53e3525591a6863859c44c25de171c56e13eda906eeb082dd93ab0322c80,nan,1,179180,31,1,1,1,0
579,9ccf7d11e7815d5b4765c90c44d567fd3b6991befa25115b7a55a4f4d909824c,0.04537193647232589,1,179490,31,1,1,1,0
580,df5e17a5d45f2b785ab83070da25b4c52b6c7ac6d916deb9e40ddb508837014f,nan,1,179800,31,1,1,1,0
581,332ccf56f0dfe302f31f299ad643090377f1671c40e5580fdc086de188c8b14d,nan,1,180110,31,1,1,1,0
582,adb8c03398ea668a87419ea0c5138defd6998afc935ab8cdb90295cef6d3cf6a,nan,1,180420,31,1,1,1,0
583,bab55d3d61c5b90b453ef82a82c697e6fdef1c03a70f3f83dbbaeea5b6fef25d,nan,1,180730,31,1,1,1,0
584,75c06c986a364f0bd4f13ae9ee5cc0e6ac69f029b36ab1105a745ab7d0432c7e,nan,1,181040,31,1,1,1,0
585,b9bd74a5868822fd578f7ccd36ca9c6be17be185479a6fc15626082d506612b9,-0.07070527981683819,1,181350,31,1,1,1,0
586,650f6ddf82cd21bfd57d8419aa10ba3935af3c145de7c3e298dd60c0ddfb106b,nan,1,181660,31,1,1,1,0
587,42a9e4603d1e6958343753ab4b00be98defeafc048ca923fd0332e90bd9e1c43,nan,1,181970,31,1,1,1,0
588,2cb81d28b056af6273922dc25b5bc224ed231d89194aaf1636f0cfc831502ed5,nan,1,182280,31,1,1,1,0
589,41f74b199f81dc491dd4fd9e8d3c78665abe05b0b5a7dba01f59d0c18ed1206b,nan,1,182590,31,1,1,1,0
590,b18b733ef98d41082f6b7e7fe976c004459d637e5997637440f7812e8a751109,nan,1,182900,31,1,1,1,0
591,fc5d6ddc073c735202326e7e5e79aaf211b28e3c743192decf06ac5af5ee1810,-0.18112118625891674,1,183210,31,1,1,1,0
592,2f47792337fb33a14351497dc7fc2d899406571192bbd93e3b641e7332f73826,nan,1,183520,31,1,1,1,0
593,d0efe1e559b1feb8090f91b25bc54cc570b7dd477ae5c7b1b1ae2de9023a735e,nan,1,183830,31,1,1,1,0
594,8811314544f160f286395ad8253476d1bf56467165492ca1c53d3fe28f5009cd,nan,1,184140,31,1,1,1,0
595,6ac1c6ca6cdf8141c0a40fc8676dd9597b552b3cf68156f77ffa0fc7cc3eabe2,nan,1,184450,31,1,1,1,0
596,022f12f82b46782837afab5bda05b1a349f5d47ddaf1f28a2070fb1e10c930c6,nan,1,184760,31,1,1,1,0
597,2aae0c4022203b5e1a6a5c97a41941433cf3b131346529cff2f1c180faff9aa4,nan,1,185070,31,1,1,1,0
598,0e9a1a7316a8924f2497f3046a5493d9ae3caae6fd4c6f207c0b5f1d0c31da3c,nan,1,185380,31,1,1,1,0
599,4979ea342c725727dfa4209b84b8c1f1e547b2e20378ae0165cec2939ed23b66,nan,1,185690,31,1,1,1,0
600,ff219967c651d32766ed182345d5b0df115cd29b5f8a47aca4757c62941a23f6,nan,1,186000,31,1,1,1,0
601,cc4d2d151a7054343476950a23477c2a49a7b465a5bcbe4c3ea12da0ceecbfa5,nan,1,186310,31,1,1,1,0
602,57b8788a3a93eef8ed62ab2ffb1e156979810fc375219e6d14c7194649277558,-0.07070527981683819,1,186620,31,1,1,1,0
603,da844269f8445ecf4acad939dc788a5c9005cb89f9903db612c44bbd67f7423f,nan,1,186930,31,1,1,1,0
604,d7c6312a9d2f5ef6e6aec1ebacc8561fa1a95c395e5b14682378049f0950162f,0.04423152873334462,1,187240,31,1,1,1,0
605,6d0285c6b76f426b33ecc7e65e5cd826fa0c5aa911a02e156269344bc67b0251,nan,1,187550,31,1,1,1,0
606,2cde4fc2f26be13d59f04054b764142d5fd1d95dc6a2eed012721b5fa9ebd62a,nan,1,187860,31,1,1,1,0
607,00e565066ddd5f61582b3e665c02e6036a5fba51630987e8106fe94876f1f78f,nan,1,188170,31,1,1,1,0
608,81baed00198057bcef7efe5631d64d276990cd2a966eec860e013cf63c64259b,nan,1,188480,31,1,1,1,0
609,bda520638eec8ef5d055193d322bcc9077e47ddd9fe3f0545dee2d97ef6d1a1e,nan,1,188790,31,1,1,1,0
610,658bf20e0eed7ce87fb9ed944aef7a5a6c9e88196c102c3773a9b1e320c707b7,nan,1,189100,31,1,1,1,0
611,61c679fed8a2aaf171aa214d1ea00522f8a965350a6c49ac2e0ad1b3a1f9e9ee,nan,1,189410,31,1,1,1,0
612,8055c9ffd9151712b5b55f3816fc53bd5433d864422969526acb50e5fc1a70ef,nan,1,189720,31,1,1,1,0
613,18b327f362d6f09bd6abfdd1984badf70a145f003b9b2f48928c19b4ddf49711,nan,1,190030,31,1,1,1,0
614,77e23b5253a399f5c5800e72bb5e0610513d8ace24e731812ad0ae8674faa966,nan,1,190340,31,1,1,1,0
615,59c37d99949d76abac0237f07e0a672ae9049292b86cf70ca25dcd32f581b77c,nan,1,190650,31,1,1,1,0
616,54bda72c332472e3be2d4d4584f67d5a12068833a1bb85ddf4785e1e6aff5747,-0.030913195495956326,1,190960,31,1,1,1,0
617,3977c052900a4fc1643709799001073a7572d2590b92ca305ea9b84bd850bfba,nan,1,191270,31,1,1,1,0
618,8ecaf11504b97ad97938141bdd50ef8f87e94942a8f0e17254c5a3d1e34d1b1d,nan,1,191580,31,1,1,1,0
619,ca13357f571bb62318e5a8a4481ddc2a29412c2a5fd28943aa37dfca23126586,nan,1,191890,31,1,1,1,0
620,fab530ffd16263522ad1ec5c90f99b0b3392978a333d0fb94d08fd773d2ef645,nan,1,192200,31,1,1,1,0
621,ece25f7ecd756f1252077525c266ef08f75f8e8698b7a6b6697a379a51c6d5d8,nan,1,192510,31,1,1,1,0
622,8042e5b5971a9fc267e2f63996b13a3977e3f6d4538592283b4cd67bf5df8b7b,nan,1,192820,31,1,1,1,0
623,85de1c2923720d3e7b113a1b6093a85b2b473f4418b6c07da76a01b99c1d8a6b,nan,1,193130,31,1,1,1,0
624,c898734f4acc731b27ee9532bd8f072e6f5c6b7e6e40581dd1be8b8860789627,nan,1,193440,31,1,1,1,0
625,d0e92fcccbde1789a5924cbbbd885c22ea23fe15fa6f37b73db1358f8175f664,nan,1,193750,31,1,1,1,0
626,26ca0492e622512481803057f391852840ea131416f117c7b9dde55bbae8d8d9,nan,1,194060,31,1,1,1,0
627,c1edbe0112f0b0590399a2302c6a7ad679feaefb0700fdd45d7d2bd96aab613c,-0.06895393936054553,1,194370,31,1,1,1,0
628,678edeaaf25989468ef148bb367be1a72065694a86e4a4dccb5696fd5168788b,nan,1,194680,31,1,1,1,0
629,8733c1cf0e9d322578169633d2f636b819f4675223690e25bbb63e6bf8bac90c,nan,1,194990,31,1,1,1,0
630,8ccaee857644617f090895d7dcd7f945cb0c7cd1202eb4f7f9306a4d27bfbbba,-0.030913195495956326,1,195300,31,1,1,1,0
631,aa606d71cb63298e5375647f8dc0c3261c7cd77e3d605ea2d8d4a9a704621023,nan,1,195610,31,1,1,1,0
632,c5dbf0d7ace6ac90a93db9f27c43f9641214fbe22dc31c9e67277669899e879b,nan,1,195920,31,1,1,1,0
633,eb61b166b08c905d101f2d174bddf6b6486f4cbd83295ab18aa963583856dd48,nan,1,196230,31,1,1,1,0
634,d65c5df0a4021f524b26b276f255b34006daf1d88e312ecf007e4ade4a789b9a,nan,1,196540,31,1,1,1,0
635,beb6185d6fda6e627bdde3878475efd2ab2c3675094a61e76b473128f1275aae,nan,1,196850,31,1,1,1,0
636,ad78af6221da9a930527ee601325b1ef2c5dc4478d8ee8a51b62aa12e279deb8,nan,1,197160,31,1,1,1,0
637,b928a2592f0adf401a362d7f8bfd4ad536b75d377bf7485b6b6fc3f79ad09731,-0.24050384638158376,1,197470,31,1,1,1,0
638,ebce4990b8862ccc83480f29149a781ee20fed4c4182ee1281b2aa5aed88b9ca,nan,1,197780,31,1,1,1,0
639,63645a7a0e7c3edd7b780fb34774eb72d80b9947c7113ac4772e8d50ccbbc7d3,0.12670744557038224,1,198090,31,1,1,1,0
640,4e96e061ff243402d09e05c36e4725a2c1bdd147d0e811aacd1a8e7c4127986f,nan,1,198400,31,1,1,1,0
641,f404cbeb673d6ce18df9d5f491997e735e1b380efebb4cf929e43b7fe86a1613,nan,1,198710,31,1,1,1,0
642,e83a45be41a2baf9507095c783732771498a963bc2dbd714a8a18f6f325d71d8,0.09155844990106696,1,199020,31,1,1,1,0
643,d7f25a2e65996f6f746a1f420192e6cfe811a771a94a3316fad9a1a7fc537155,nan,1,199330,31,1,1,1,0
644,b7937474b167f6b69c1e30c54462019a8420ff65850ef5992877cd6337cf75cf,nan,1,199640,31,1,1,1,0
645,08fdd7a821d8e8b61a35dec6216abd82c57cd34adec0ecda62677db1a20c2cfb,nan,1,199950,31,1,1,1,0
646,e70f8b5280e935386c36cf84c07c4a6109aaf82abf21e3716f921bf25c36f5e0,nan,1,200260,31,1,1,1,0
647,6bd92ba263b7c865225f2b8740259934a6222155047a8924fdfb70bc37a0e501,nan,1,200570,31,1,1,1,0
648,00a2637c3375f9ae384fdcd73acf4f3859c1acd7eabf3dae9f1b936e21915bc2,nan,1,200880,31,1,1,1,0
649,880e55f8796fba300512cd38a69430343651cbad7503ef1c5feeccc1c05f9f02,nan,1,201190,31,1,1,1,0
650,d3d722a6ff1a6637ff934b94c5845d0ece76a82c1a89eafaae7b5bf779347bac,nan,1,201500,31,1,1,1,0
651,35fa27bfc591f100943411ea7b26d3419558a77edb72bd9437fcb2b416c8521e,nan,1,201810,31,1,1,1,0
652,ef4b7d7ce7b9cac81addcd84ed4b6a8a920663f062c9b77f3a2017b13dfe178f,nan,1,202120,31,1,1,1,0
653,09a3d8f048c3d432781acf7a05f3e34389cbf47c6dec636e417fef3605601068,nan,1,202430,31,1,1,1,0
654,f663360cbed2ab985f72573bf71ec758c8508fb01e8f68a83eedb5a73f142cee,0.06113400057895975,1,202740,31,1,1,1,0
655,d53bd10c97893c9218c4bd6d14cab8a24c0089c2472e1ce7c55092c6bdc1d1ac,nan,1,203050,31,1,1,1,0
656,d5e2808583d1bacfb7719f5309b034ddb98d596020530adc064a657393905d52,nan,1,203360,31,1,1,1,0
657,b3abc8e2a3c8a2bf79b07900c913dfc3cd11c5328e346d79d41599a572096baf,nan,1,203670,31,1,1,1,0
658,965762e521f43beb4a18215aef4388054be10bbcbdc04d72f8d4fcc5809ff5b4,nan,1,203980,31,1,1,1,0
659,8326cde01073a04cdff1143e9c873811d851a629c500b91f55a8f78c9524a2b4,nan,1,204290,31,1,1,1,0
660,a00255fc38aee66c987e842c5aa4e5f7e52572cc04986cc9a6233fee8273bd12,nan,1,204600,31,1,1,1,0
661,986643bb23db5c6e22669427a2d317a304bd9121e5f51688dcbb410a5e1bce1b,nan,1,204910,31,1,1,1,0
662,a415b38d31f9498797a608fccfbe276c32d763c04a039f25be0785c7ebbb3b49,nan,1,205220,31,1,1,1,0
663,f0534228a99436de54781ab88ac83c8a36381c45d58c4f2162ec64ad4892a6fb,nan,1,205530,31,1,1,1,0
664,2286421eec878bba454bb798c2e47069cc9d5675b81a0c06e697562dd626d2c6,nan,1,205840,31,1,1,1,0
665,686e6b9af250efd3d7cdcb8d96fd7cb05e913708a9431332dfd5fe6a56f32f02,nan,1,206150,31,1,1,1,0
666,8bcc93645be5b1ee54c4d283068f467d69e7cdf3dffea19127afdbfbad74df11,nan,1,206460,31,1,1,1,0
667,4057b0f0504f79646dc34e9bc12b2f2a875fff795d7c69f6dbcbebe081ab822d,nan,1,206770,31,1,1,1,0
668,a90a071fddbab547238a696380d34873bad64890e79bc81568092422f1a01557,nan,1,207080,31,1,1,1,0
669,4a1af330e68d38f24312e720d154314f68e33c4fb45b4efacbc74c1aeb6b9a00,nan,1,207390,31,1,1,1,0
670,0a7d81218f05ff8b82886f17ba2f422def12b38e80e8b59a1259d6799a1638cc,nan,1,207700,31,1,1,1,0
671,d9ef1c68d5451da9ec3bcd0a2870df20bcf2ed67ab3ac887e77d1c5c0805c3e9,nan,1,208010,31,1,1,1,0
672,53e32830c7f2ebe891cf0ff5788effaaf25ef35a537a5ae66f2f9ea404f95609,0.06113400057895975,1,208320,31,1,1,1,0
673,3416b66d1dbbc9e4927efffbccd5f8b17448260307828beb4c340d05dcb78593,-0.17627445336824632,1,208630,31,1,1,1,0
674,2b384b77be1b92619034bfcaa0bc6eed770837883e48a5af75c3570c91b1634d,nan,1,208940,31,1,1,1,0
675,e946acfa7ff703bf02662b960ca93c31c1ca1526fbee79f6b3e3a7a433983634,nan,1,209250,31,1,1,1,0
676,dad0d4b53892a8f7ee58e6babf2d584ea4fd3b05bd2cd790f8bc7a99fa24b70c,-0.1830354421064924,1,209560,31,1,1,1,0
677,fcefdb3069de206d5090361632d84e5b38a1751a5b08db84951dca0607354c22,-0.07070527981683819,1,209870,31,1,1,1,0
678,44ca9d5aa8e5e49c2ff9f78b06130918bde745c40dc124a1ff4292fcdff96dbe,0.020040120401405057,1,210180,31,1,1,1,0
679,44c3a8f2f4c2fd1d36a02d5d4d4a665d9b67ddce92501a3c7891877fef116f46,nan,1,210490,31,1,1,1,0
680,92ed0fd18e1f2ddd0cfd20b8e323742ca1d01cdde7070c64a4df4497219e2a09,nan,1,210800,31,1,1,1,0
681,cf56823035c3223fc913d44245f692a68bfb78bbe5fb444932fdaf8c2a44580f,0.15713189489248947,1,211110,31,1,1,1,0
682,e8f128825b72675d153496944785fc26a4f7d304cec70a8f3c188be2e75d009e,0.10619526085440596,1,211420,31,1,1,1,0
683,859b33c2375e3636fde5a2871afff193792f59782b7addf9885cba76c3d969e9,nan,1,211730,31,1,1,1,0
684,4b6b595ef0e2c7f4508e63aa98e479e741475e87ad871be482d11ec40ada0ebf,-0.07070527981683819,1,212040,31,1,1,1,0
685,99f56dcae6bff2b9aae5425b847f7f24e4610a25fca83f497fbf1df4fefefc49,nan,1,212350,31,1,1,1,0
686,e876be97b17df32d8127d8c500806cc86143087c5f449e019d4267e3f47aafdf,nan,1,212660,31,1,1,1,0
687,0c5529e3874f6a7149e8323e76bdb2b98f6f4996e9e163d77bc1f16151f4b1d5,nan,1,212970,31,1,1,1,0
688,f119cdda5668b04c59814ea1bb81a2941ec604d31d7c5d04dc9213980a42b2a7,nan,1,213280,31,1,1,1,0
689,a62d5d9f7b98e8f77cd0be4c2cb2ae92e0e82bb94a59279e385887593915b642,nan,1,213590,31,1,1,1,0
690,c742bc18900a06a8bb75746bfb29efc66e9b994772bc087e91f6871a4c3e0263,-0.07746626855508423,1,213900,31,1,1,1,0
691,982fec0e7c0430da44b1a335e5cb45fc04dc07a17c6f39ec22b3b3069ce8748f,nan,1,214210,31,1,1,1,0
692,9389a36d1ea5aee9e564861bf288a0c67ee2c3caa4ede7d9e446269f6c8722c5,nan,1,214520,31,1,1,1,0
693,3d99c93cf1696e9ffd16edd69446b29e8bd912c5d449bc76e8343930606682a4,nan,1,214830,31,1,1,1,0
694,abd6133e9b4207dc681812a7d5bf73dca7f424bb49267c76e7e581c047c509f8,-0.014010723650341205,1,215140,31,1,1,1,0
695,43a3bb705a474c7251cf3b8dadf19a00002ca70c1eb548b6528505a113e6278e,nan,1,215450,31,1,1,1,0
696,61f7a0c4ba553cdd05156a6cf11c03b26a70627886d88446d6357f30bd14b49d,nan,1,215760,31,1,1,1,0
697,a2d53fff70d4b86f0ad4436cfc2cc62403a3fd79c21cf9542265041fe9427633,nan,1,216070,31,1,1,1,0
698,1afc63c267fd12dad82e5c95f6655a4553ba518447d0f8fb6c6ae05d5d38b19f,nan,1,216380,31,1,1,1,0
699,5a54ac96308b00b1742cf0f83726ae932124a9e758d4b741114a1975f045256d,nan,1,216690,31,1,1,1,0
700,28964532c74106618b767e424dc56d70fd5ed5c80338b0f511e84faf94429199,nan,1,217000,31,1,1,1,0
701,85264c0eaab59112659d627cb47073600cf0f4ebd78d95fdcd48a882a2098b4b,nan,1,217310,31,1,1,1,0
702,de6923c05abbaf5b838c533424dce73a4d8b1391e7c3bec73e734f61490cbb22,nan,1,217620,31,1,1,1,0
703,5e0a6f49fe844ff04a3ddef17871f23620704bdf08df6df21d85839fe1376c31,nan,1,217930,31,1,1,1,0
704,863d93e28b37889b0e083421fc163d5ad4e0ceb18af1e26b7afc8cd1f74753b9,nan,1,218240,31,1,1,1,0
705,e5c8d10e01ff5af7ee5c86dbfb479772f50f596371aed64d7f88280d4ca0b074,nan,1,218550,31,1,1,1,0
706,694035ae99b86a041cfcaf80f0b94c1972f173dc665afd80d6a17cd2e83cb9fb,nan,1,218860,31,1,1,1,0
707,17ff0816b24c1d4c6d53be121469853f86d18f70b44612752693e43ca5412b0e,nan,1,219170,31,1,1,1,0
708,7ce0b2b29d5cb265fe54c6f230dfe26324dcac146fd983b145e2925547326ccf,-0.0467602809366118,1,219480,31,1,1,1,0
709,f7bdc39c90260c3e7d19a3d0f0448c6c031c2536cb2529a9df036922c891296b,nan,1,219790,31,1,1,1,0
710,3d455de66524d52e6c8955846784b5dce89027b76a20673e973cc3b2d6face8d,nan,1,220100,31,1,1,1,0
711,42e699c53d849f3ed980c3cac5e01216511be53c27a9ba7e68208fcfa6921daf,nan,1,220410,31,1,1,1,0
712,adfe6ecf651c68583b78aa6ba6929a6646c3c3873f6e0526f3ab98a55d3dbd69,nan,1,220720,31,1,1,1,0
713,d0b20ede83f51db41f08f32e1ed7c5dfb57cc9961fa4479c7d8364635443cfe2,-0.030913195495956326,1,221030,31,1,1,1,0
714,ed58ee441a401f70ebf9ce963d1a6bf4a6726ea804cd25da2dfdd73812fb99b1,nan,1,221340,31,1,1,1,0
715,ed1607cd0a2ff21584864de3f4c04ba3b553996d9ef833faeccc72dbe42b68a7,0.026720160535206747,1,221650,31,1,1,1,0
716,e6425ae2106e596c8b88f448ca4fbb61c5261c67cd63430b63199af0430473de,nan,1,221960,31,1,1,1,0
717,322f6b7114bbf102b7c6adcd629a313cf9a3ddcbcd81c16b38ac6ec3edad481b,nan,1,222270,31,1,1,1,0
718,545457977a950f8fc53cbb7c23e8dfeabbde76bee5a939abf885ced2f2f6c016,nan,1,222580,31,1,1,1,0
719,40053737ba49157bf96ae4a71447cedef08f78f5d1c07c4d403a2f28426fae07,nan,1,222890,31,1,1,1,0
720,d2ef2260c1c2932fd07285d7b6ec6ed0c564f4774f579e0d16b655436efd5d8a,nan,1,223200,31,1,1,1,0
721,5beb08b60b2ecc9fdf2648b53d7bcb4020b8bd13fb37d936d2fec8f677c92931,nan,1,223510,31,1,1,1,0
722,41e8fd632dbb7b91f9daadd3af3cb2599420b47dd281ce720aa91c7f21268173,nan,1,223820,31,1,1,1,0
723,cc8a70a7a88b537572ad4e2590a79acce1912f112671af92a6797f1e260238b2,nan,1,224130,31,1,1,1,0
724,da5f7e2060ac202ddc7e43083adb10f2e093329246b75c3d78014aca4751ea03,nan,1,224440,31,1,1,1,0
725,f859eb1e3832bcaa7854482b211f098aa303b2ba0ef38a3b5a52ded741708897,-0.1236527819838253,1,224750,31,1,1,1,0
726,42f18355e759c0c0f7d4592853993a5ccc79dc5b24d98f69af7f86b694cce612,nan,1,225060,31,1,1,1,0
727,59773dbbec9db31ee679771b3f8d25469c69a049659bc168c358373760057a97,nan,1,225370,31,1,1,1,0
728,676e728318f97d024e3d5d551c5d5391c120d505ede16592849f3ec9eeb073f4,nan,1,225680,31,1,1,1,0
729,92d7580db1c86d708be7cfa7aaefb3b4a5c14cf70896645aa214d86f9d83fb83,nan,1,225990,31,1,1,1,0
730,545db3a5f593b3fbce4d64ffdd2397763f60172f0625c48722e4de8ef539ad32,nan,1,226300,31,1,1,1,0
731,890b7673147f5588f33a56f234687f006c1b1c9b10d43205ad934d5e662e635c,nan,1,226610,31,1,1,1,0
732,2edda0fbc0c812274ceefb86fcdbd81577d2bb31f25c55ca64bf31b91d662e9e,-0.1236527819838253,1,226920,31,1,1,1,0
733,836c2700186b4cca5f111b95eaa269f4a84aa0f28a4c8872a020803fbc7bee28,nan,1,227230,31,1,1,1,0
734,440520cdbfc14aab95de37f6bc999a4a47a83637b32de2d1137ac714b0c8e84c,nan,1,227540,31,1,1,1,0
735,b8094c0f09e51b5593f291dfc25f9d19c819706b47247e913df33ede2a0d783f,nan,1,227850,31,1,1,1,0
736,c60c7b7ed79119f35d93d48850b104b9e493603da4fade7dba9d219ec98f041e,nan,1,228160,31,1,1,1,0
737,2dbcf434a133cf52abcfe84a7a4b69ff67e9c56b79a909c7b4ae137fc259735f,nan,1,228470,31,1,1,1,0
738,516f5930149dbae71c11b789cfc2bb0878a56adda43c5aca4d62c04071359fdc,nan,1,228780,31,1,1,1,0
739,cd53f135d21f9959546f2339ac7f782e7ebe08df68d5d52e06ce6c6f3e6c372c,nan,1,229090,31,1,1,1,0
740,0607041706894f460efe2cafcb10834a40206a88225dd50854e1ef5df48fd22c,nan,1,229400,31,1,1,1,0
741,5edd52d9d835c409d110c10c3a0d1198862deaa16e1622ecb110ff0f587e06e4,nan,1,229710,31,1,1,1,0
742,16be30bb161a98144b750ce1c954d31e41f93c065353096658315cab46f6e75c,nan,1,230020,31,1,1,1,0
743,67f75c53624dbbfc1f67b51a4f6af143d52100dfdca776cbb53fc59e47cea439,nan,1,230330,31,1,1,1,0
744,167d0818f17a356f9e7fa6db873be4b9d18de08ec0c05c280ed91262663b6d8f,nan,1,230640,31,1,1,1,0
745,37b02f4d83ef9465c152e15f5c1f10a9be36e2161183bdf28865e0a29d3327cb,nan,1,230950,31,1,1,1,0
746,159ea6e47ca091421bb9dae3b752f37d7e88f95a598d1d35e85101a979a1c889,nan,1,231260,31,1,1,1,0
747,70eafddeea8fbff09f9c075cacb2f7ac798d7461896e306530c0b53749fabd93,0.006680040133801687,1,231570,31,1,1,1,0
748,3d3adbbf0aa4ed5d4c62c24822f3ee3a0bcd57339dd05af609141a0b17b3f34f,nan,1,231880,31,1,1,1,0
749,845516e1e2a1c706b386320ab93b10d5ebb71e84ac8246e00c6caca70644e723,0.006680040133801687,1,232190,31,1,1,1,0
750,5167e86e2766063d092b63cedf8bde2a3563931217e2795df329f59680954ed5,nan,1,232500,31,1,1,1,0
751,8c9ddbeda3268a2695ee905f3906adea51367866b818a3d030ec0e93fc53ab6c,0.020040120401405057,1,232810,31,1,1,1,0
752,90b1976e55d4be5050462a07e5b77473a2fddd2caad89871cf443e2b0b53cf54,nan,1,233120,31,1,1,1,0
753,ec0f7a76ce2d1356d38c3a1e8412f95b32c81d690a954d15532110a792ae6387,0.06113400057895975,1,233430,31,1,1,1,0
754,d2e113bcc55a1c4542d22488980010b8c9f5cc47f7dcb891b558219ff9938965,nan,1,233740,31,1,1,1,0
755,044adab30fc0963d403daf4d80d04ae0c77366e5867cdaf6d22f6119734838da,nan,1,234050,31,1,1,1,0
756,bbfee7f6d41d62b9500b863060106640c30918bb3484253dc0dc68e68de477df,nan,1,234360,31,1,1,1,0
757,20dc3257f036f269d058f4431bb8da25dbdd07e3cee3ce46113a48990176c24b,nan,1,234670,31,1,1,1,0
758,4a8b81350a81cc1dea7d1c735b8c73759d986db5b33ffdf3d8629746b4770215,nan,1,234980,31,1,1,1,0
759,9f0b569f6a958450c9c5914ae5e38047836d3db5a5fd1382395b7d220052d1e8,nan,1,235290,31,1,1,1,0
760,44ce6787ba63df6d65cfde826f1ff95b55783c5acdaef6291d5a1c5630f74e84,nan,1,235600,31,1,1,1,0
761,23322b7c9005810ba85e5a2bc6d2ce826dd54bf5c9b6e6507271c4dbeedb0c89,nan,1,235910,31,1,1,1,0
762,d6ca674c221c1273edbe9e7be3436d0145e9b157148455c3b17ce989d15c6484,nan,1,236220,31,1,1,1,0
763,aec784afabcaf0fd26127f891a088b1eb9770f91a1af254e0d50b59c7a1340e8,nan,1,236530,31,1,1,1,0
764,dbfd61ba0450e5d9e017a2321c524ed560d80f1bb664340e6ed22f0e97c2bc51,-0.06881406249763812,1,236840,31,1,1,1,0
765,462bb486ad30ed46870a5d2e50be6117a4a07d0308d2b869c1c08ca7c3461871,nan,1,237150,31,1,1,1,0
766,c50884cfd8be086b9262c6bfbf38a10539bd41d1af293743a5271eebfd050c2e,nan,1,237460,31,1,1,1,0
767,4b5ec1c28e227476458360fd3a92a7e75277ebf7b76e88514a45d47c171dd59f,nan,1,237770,31,1,1,1,0
768,bbcbabc6222a5109e48a8336fbe95d20d1f51739702115f0e9173ce8685631f0,nan,1,238080,31,1,1,1,0
769,085e039264bb6b70edcfdc1fce6b6231481d961c67767ca1c337e7b0b7bf070b,nan,1,238390,31,1,1,1,0
770,d980c911dc6c39a9d7399c32b9feff4bd1d75bd36d475c191895514b44e3b15a,nan,1,238700,31,1,1,1,0
771,c30cb3df368eecd047a894090301e10beac93f6e724c170aed86f389588580aa,nan,1,239010,31,1,1,1,0
772,8d56162d8a0ac11845c109a82d5878cb990ec2a6650861fdfb9f29c802761fc1,nan,1,239320,31,1,1,1,0
773,75957073021b8d3607afbef964ec30ba78cfd4ee12cb18c2f17be93d6d419de7,nan,1,239630,31,1,1,1,0
774,da8c3f65189f0d3f7fc1bf0d175082c8750bc991b4faeb6610cb78e9e2a40d50,nan,1,239940,31,1,1,1,0
775,6ef5c7dc694cccbbe0ff7b4ad8434802fae0ad2d6a037dd2fe1f186251c745d9,nan,1,240250,31,1,1,1,0
776,a168731df1a6877fe8be0f024f0971b67c1341a26d1beb524b9c3094d1237acd,nan,1,240560,31,1,1,1,0
777,f9950d1fb4f27b06355871697e7f8022fe7f7b6b334cb506f5b2fd53af148582,nan,1,240870,31,1,1,1,0
778,b13b1db00e2db0f3bb0f84d659f92063683a24d29b73b4f8526d684c969f30df,nan,1,241180,31,1,1,1,0
779,6ddd847c389b440c0a5f47e953eb2aa0c7e1741edfda10adafaa322d0618e9e9,nan,1,241490,31,1,1,1,0
780,b25ac18ae42210f147720f13af8b121ea887e3d78c88a77d5c1bdb802e8c21a7,nan,1,241800,31,1,1,1,0
781,77f7ab43e7e0a41ccb7bbfd5b2ee2f6eeb9015f80a0a6162f2c42411da2a3ae5,nan,1,242110,31,1,1,1,0
782,8156f500454f97ab894f8ed0028927a7707938e478a89ee966b3315a61c413a1,nan,1,242420,31,1,1,1,0
783,f7540852f8a886916b0296c3ec5c556d5a5f71b74fe051a066d8ae0494eacfda,-0.1302607826091329,1,242730,31,1,1,1,0
784,9a43536b03c401d47362aba303d003583f96a7990fa807d912795fa6389460f0,nan,1,243040,31,1,1,1,0
785,48851faa543397269450166b271af291595cd7b46c120df487c1f86110f44243,nan,1,243350,31,1,1,1,0
786,d33a439a8bbcddda58c35fb1a3c69b1f38a4e76a6bc4c349b2eadc6eb429c096,nan,1,243660,31,1,1,1,0
787,57bcc49bf2cd6415e083c2eaf35b80c63d18025451ed3e771c73805e892b8625,nan,1,243970,31,1,1,1,0
788,c4a5bf58704a8b0ecb7c5abf03eafa727a560a4f2e071afa2e99ecf050f73303,nan,1,244280,31,1,1,1,0
789,8ad4535028d0dae3dd52e8bba4ee9005083db6adef8a462a92d87bf2bc7afa1f,nan,1,244590,31,1,1,1,0
790,9a176799056aca3e5372a57a0700eeaf58b89228639554ab3d63aa669ec1a2f2,nan,1,244900,31,1,1,1,0
791,2c5fb13ebf765cc22b661fdb7da32c18f4eb1cbeca0dad6b7f31dc740f64bbba,nan,1,245210,31,1,1,1,0
792,94b94296c7ffdb594bd2c66162bb38e9a5f0c2e447ec7f8ce16cd476b9dfdbf0,nan,1,245520,31,1,1,1,0
793,cf1330f7d78f65e6d6008a89b536dfae4445465dbb8836ec8168e123306a1367,nan,1,245830,31,1,1,1,0
794,fd597df3d7908b2b1c9ad8d17e1d06145aa8104e3a490c7ae4cca2bceafe3199,nan,1,246140,31,1,1,1,0
795,3c3e9295f65c0d69b86fda8886608caac76f60c86975b870f18536546f901a76,0.005009648281953396,1,246450,31,1,1,1,0
796,b050fe5fc6dd39a97ec5c0a3ceefb6d6154a4c92d49b7eca5fe54664fa084fbd,nan,1,246760,31,1,1,1,0
797,9847c01dc501105099382929070f1b00ac8b52a5f43e332f1bc75886cd1bce83,nan,1,247070,31,1,1,1,0
798,71a7b29f574fe31a474bbd279ed3be9aea80c74d5589d41fc9cea265884a96f5,nan,1,247380,31,1,1,1,0
799,9f8a8191d50de662bf3d0c6c6851cb8a738aea42458c34545ba3aebadde23cb0,0.028469464626710766,1,247690,31,1,1,1,0
800,9a3650f40f51122ab5dea666c54e3f8142bd0ee75987d5ee95e2a0e33a8eb46d,nan,1,248000,31,1,1,1,0
801,9fb5dfbdb6ea13a73dd88da15ab4653c60a8ac027b88e3aac1a188d8548baa68,nan,1,248310,31,1,1,1,0
802,ca0ca1931f4355382019d568381e01ac2e0cd0bf147ac81ce52f37971bc52b21,nan,1,248620,31,1,1,1,0
803,b7850b3812b35c0e135cba6955d16047929b2af77561d6fce0654e7290f19627,nan,1,248930,31,1,1,1,0
804,43344b589b8390b0d99a9678e81179ec846ef2ab94c1ae7f03f858e162c77ef4,nan,1,249240,31,1,1,1,0
805,b188b5054e5c88eca6e4aec9852e2b9b0c9946ec5806c0aa906801d438aa3bdb,nan,1,249550,31,1,1,1,0
806,1fb3fafce385a14a78b29e07737ab766d7c568d4fe2821dcbf3d7be423c3aa42,0.12692076254223203,1,249860,31,1,1,1,0
807,0df6a5c7b9fa3810129013b1a4eb80c72bd5af215d2776d4ebda66390e06a345,nan,1,250170,31,1,1,1,0
808,ef870813be30a9b58de972bc2b1f1f7cab184b2eaba533326a052cb2bb440467,nan,1,250480,31,1,1,1,0
809,ec529957705cab740bba066a1dc26c84805a56d131559a887450eaf2601675e1,nan,1,250790,31,1,1,1,0
810,b15935a1e4aaef445451a0ccebf20b007d0d2610024785e30135278208d20098,0.17403436673810457,1,251100,31,1,1,1,0
811,77953aa97e68ab4e97665ccbcf5ca5bfacb93e28301ac1c9f30de3301ff421fb,nan,1,251410,31,1,1,1,0
812,2737275fb57a7d97ffaeba2fe9ea2d04df3121e908ca453476263d26aaa6bab4,0.024966783714125463,1,251720,31,1,1,1,0
813,07bb16258933e74eb22a0a7aaf7439967d5bab9777bf639de3941115e75774b9,nan,1,252030,31,1,1,1,0
814,cef57076b3cda0223952227c7e61d12f4c26b579ba7458d4e5af04c8d31c54a5,-0.12894753220052402,1,252340,31,1,1,1,0
815,09cd7e5244dd1a003564cbb00d87d22edf99f371ca0527924b6726df14cfcb55,nan,1,252650,31,1,1,1,0
816,6736ae50340df159899faaf1ffb8601e32fc98e29714c0ca3179004d602a45f0,nan,1,252960,31,1,1,1,0
817,a6621f8d5c51818405314c2489ce75f7b489c9237d45bd7f017b136e9ddd2d9f,nan,1,253270,31,1,1,1,0
818,b3af5f32e8eaf6238aa1fa7477712abb468c33e010b0affc194c107db79f7184,nan,1,253580,31,1,1,1,0
819,f9df5af751b10500d0f7dd0c757e6036448fd76d013a46aebe370b83d49896b5,0.04423152873334462,1,253890,31,1,1,1,0
820,e1c8c1db7c9dbd4be6443135c2ffce009292b011be64dc2caf2f0d653ca3bfcd,nan,1,254200,31,1,1,1,0
821,1065d43d55ed3c097fac34e17cccc93258eeb34f7075088d43e2f421a4e02340,nan,1,254510,31,1,1,1,0
822,7ce9ff485df28cc7cfe639a53cfff81f974993be11cf76ad586904439823a19d,nan,1,254820,31,1,1,1,0
823,b443f863c4eef79b4639720d27230ce891864f12303bd4202cc2f21802723a2a,nan,1,255130,31,1,1,1,0
824,63e6443f1372f76c09a451c4674685373ef937dcdea69125c15ed76a5c7b586b,nan,1,255440,31,1,1,1,0
825,656c1e9597742bbf028b783cb9e5270b9587391c5e9d37418f57077dd347e8ef,nan,1,255750,31,1,1,1,0
826,4a454d6a84e91d665c997f6c87901090bfc492796d4fbdcf5bcec5b9ff2a54fe,-0.010020060200702528,1,256060,31,1,1,1,0
827,d98c264cc57c2c413f5465c6ecadf0d12e7b3fa322c60c18394930b6a3c825d1,0.15698094314433964,1,256370,31,1,1,1,0
828,39b9575bf6b8bbe0485bca81a221bae3acc8529250eade5d476c12a7261a8fb6,nan,1,256680,31,1,1,1,0
829,1ef0792b3d3484f0407ac92a5c09773820b8a6ffe9b5e5e1a2e2238e92df6f80,nan,1,256990,31,1,1,1,0
830,aefac2ebef61bfde02367dcb5a0d4dbb6f0d573be11b57f99b7da801bd8290aa,nan,1,257300,31,1,1,1,0
831,e7ed45e07f51f379edf85b979b3f492f07a8e1da1199c23c71f6b99de4ed7768,nan,1,257610,31,1,1,1,0
832,cf293d4bfff20f306ca075fd74e1e44a4aebb3555085925d76275f6fce994590,-0.07070527981683819,1,257920,31,1,1,1,0
833,2e168569108c14ef1f4606563154c29ed83fa9529f7c5868f1a8ac3702d974e5,nan,1,258230,31,1,1,1,0
834,a8b338660f97819acb180501afe9ad85638cf52283ad833e6ab3b9539c8e66fa,nan,1,258540,31,1,1,1,0
835,50bcdbaeeede0c851399115c890f4c7712d1820ab6e3ce97dcffcd5eb917c81b,nan,1,258850,31,1,1,1,0
836,e1e95654d5fb694e03a84009fc46dc61aaec519bf0751b208a3e686ac67691d7,nan,1,259160,31,1,1,1,0
837,403fc2489e9b3685288c34a009d040d6b7f03dec0bc922bb86c8d53c7fe56858,nan,1,259470,31,1,1,1,0
838,f7e904a3ee576d32c2e02082f8c1292124a8d5d4ff1b49a2b006f6204130966d,nan,1,259780,31,1,1,1,0
839,f9e1b3b158ee0a1cde10d1bd335dd9fd7bb13448cd0eb19864e827d3636be9ab,nan,1,260090,31,1,1,1,0
840,c14d75cb69a85628f77babaf9bbe2ad0b285391c3e1823b6b1af47556bf45b03,nan,1,260400,31,1,1,1,0
841,fa9263da4fda3576d3f2e99841cc326db338fda6cd9491948881d0289abe560f,nan,1,260710,31,1,1,1,0
842,6878f365335ee78884b909eed311af021f1ccd443bff2e6befc6f2ecaa73a3ec,-0.1830354421064924,1,261020,31,1,1,1,0
843,d3eef503e9bbd1523e3ac57d23f47b99c46aafdc664eec241c8f823e757d1314,nan,1,261330,31,1,1,1,0
844,057210b7f27a43a011ba5b79aade16b0a736958cc3f00cfb7f874942f5751efd,nan,1,261640,31,1,1,1,0
845,68aab16ead72963365fa2b99d00963dfeb0914678441b94eda97be517b8c46eb,nan,1,261950,31,1,1,1,0
846,feb8263daeed491bb9a1378efa215d5c101e02e302ef75e074c03005ec1c2ea5,nan,1,262260,31,1,1,1,0
847,895b95cf88ec0cd2124ef02da08072485d235b1234a945b4392e6681683b26f3,nan,1,262570,31,1,1,1,0
848,8fa7caa6d43b05a5cb820ec94813c102871cd957d151c6653ae15e559cbdd5c1,nan,1,262880,31,1,1,1,0
849,2a1baa0e3618ee410a8a00ad08f7024b84b7f7ec8fcff506b69ab71ec9399ddb,nan,1,263190,31,1,1,1,0
850,bc68ca3dc72b94680278a0fcf8c4be9ea50bc268805a946ffdeb049d7271a3a6,nan,1,263500,31,1,1,1,0
851,dbb16afb107a41939ea6ec745d596b07d0b269ee5b052abcf4d51ac8b7928141,nan,1,263810,31,1,1,1,0
852,7eee2368a7702077f4cb4aace9c8482420c8565ec3059ae258850a16bce133d4,nan,1,264120,31,1,1,1,0
853,4569ef64fe58710a9a95150adfaa08d5ec9a9072989f5b5f6d4efa531755aac1,0.04423152873334462,1,264430,31,1,1,1,0
854,f1ad40a8fca7caa3aba07c42f6406204a33c8f72c6c5367f0205459db7aa4e97,nan,1,264740,31,1,1,1,0
855,472618162dbb98a43e9fcb925c7504d6d892ce4e8c39f3ec2f05e35e3fa6c756,nan,1,265050,31,1,1,1,0
856,ad4200d07b07c5185f2765b7d098bf070b62a807d78089be4c717810c46e0cb3,nan,1,265360,31,1,1,1,0
857,ce407b77622dfd6a67bf91d264c3716be35296b88582f9f44da08e7262606103,nan,1,265670,31,1,1,1,0
858,1e53c9d9da2aaf2b484848d47476386231d40fe7be1552970362f7fe31f328ec,nan,1,265980,31,1,1,1,0
859,9bb81942ca85048132a83f20d4f336c1cdef2294f2b3455aef4fa28da2bc4193,nan,1,266290,31,1,1,1,0
860,6f2c50c3119c99c9bef7e656d70986df91d05a32caa75a188b90b5a93c218872,nan,1,266600,31,1,1,1,0
861,7ad1d62b2ad7fda2588dabd6d629e3d764f0df1143d5d50de66fad5886d32bef,nan,1,266910,31,1,1,1,0
862,4b7ddfa4b07dcdad40a22ff1b71114f7bb08a206608404d916f04e4eb20775b9,-0.24050384638158376,1,267220,31,1,1,1,0
863,92d7ed7d09099815f1d949d70467769a170aa53ab997c2328f99511731bf5e36,-0.010020060200702528,1,267530,31,1,1,1,0
864,aea9eaa16379620beec359a2ce3c39bd9c4f761f89a05676a45a005f2ac25c73,nan,1,267840,31,1,1,1,0
865,0cc0f85a7a58196d862c316eababb36a106ea21372c7bee1d77b89a01c9a76a9,nan,1,268150,31,1,1,1,0
866,35f2d8289ac1d18f7837cab531a86f0b38aa8b9be269f4580f3390b030f4dc59,nan,1,268460,31,1,1,1,0
867,a80ee0f9e626ffffca46da00677a90a6ce42006c249c03ecf746ed4cdd6d79bf,nan,1,268770,31,1,1,1,0
868,0a06989a32ff9a83b7e5a24d03786b58786d527fc394db378c28eeca96bf80f4,nan,1,269080,31,1,1,1,0
869,2c2291df07f5ac0b266f0b30d3eed70698a278a9c310a55640c76b3f1e5fa45e,nan,1,269390,31,1,1,1,0
870,e927e64fe405a163656120ef6b45d364cf7783d1b6f70c42c59041706efbe579,-0.07070527981683819,1,269700,31,1,1,1,0
871,44013baf01ba0b37758ba321b2aa5cff2fb1a4d677304dd9affa908ba79c961a,nan,1,270010,31,1,1,1,0
872,10e80782d3d325aa2d9bfe8287e800efb466d55f8a57e2d76e4959e17a7731dc,nan,1,270320,31,1,1,1,0
873,ce05ece6701fdfce8535e03f9590d1e5b93450d66a16e096e11b486e4550378d,nan,1,270630,31,1,1,1,0
874,099fb63e0973f8b088042a03b18fbe7649bac89638d994cbb35701d8be98c90f,nan,1,270940,31,1,1,1,0
875,62c827e15b53dd3c04a4f0c1a647b577b2d76f575bf61fa64e1380003a98a868,nan,1,271250,31,1,1,1,0
876,a876c23fa8be97a93f122a4ea028068eada173936663c219fef9d7ae6d6c6794,nan,1,271560,31,1,1,1,0
877,da3a5e2ebcf74a7f02fd9556feb8faa751ecd89a61d451f35b06c61420478677,-0.07746626855508423,1,271870,31,1,1,1,0
878,ce146493e023148e266c883d8c047ccae10219a7f939301c42e23e2d501e47d3,nan,1,272180,31,1,1,1,0
879,79f6ac11bea260d3b519ccd0e896b5990518208fc1861c16683f754159880bed,nan,1,272490,31,1,1,1,0
880,188aeecbb2e9cffc3a06d179e1e36e88af7ebb75141200938df932fcd8d6145f,nan,1,272800,31,1,1,1,0
881,b98e707619b1c5d965acaf6feda8b3c8e5823ebbee32875ecfe31f2f31b99d50,nan,1,273110,31,1,1,1,0
882,ca3a71d26ccee944319a3d218fa8168b4193527c5a9e61f46edfc478dc6e903f,nan,1,273420,31,1,1,1,0
883,7b8b7f083899d43697f59d43b25085d54fa4ca302cacdb9ff5aae92dab5a2df5,nan,1,273730,31,1,1,1,0
884,b51b0680ef378e1f4d84d5c6f674dff64dcaadf547736572df4ab95d4f4eb1f3,nan,1,274040,31,1,1,1,0
885,999166766220857dd049350cc2689db4cd4968ae5c4f1c0e26e98eee7961e3b1,-0.1830354421064924,1,274350,31,1,1,1,0
886,ec487e19a1898e4a2eec5de273ccee68635f074986e9ab987b8aa565fe2a18c7,nan,1,274660,31,1,1,1,0
887,e3626ee73f82f7be8895467e3deb2bddacb5f8e0cee63b8b2ae7ebada7c20dd3,-0.10473733580148989,1,274970,31,1,1,1,0
888,747ba5ced555f53ae7fbec63a574702de9c7062abdb5d601c760927fb1be6f24,nan,1,275280,31,1,1,1,0
889,8a63bca4d5e45be9868185822ef693835bd50aa5148f83ea8f1c21bbe38fb954,nan,1,275590,31,1,1,1,0
890,03d5bef64d8782d5deeaf5933e3ae676e1109380e31defc9e10d873ee43e272f,nan,1,275900,31,1,1,1,0
891,07dc6a82120301490d4e7acdca24caf1482f9ca4123a31857335e2698faf0841,nan,1,276210,31,1,1,1,0
892,82fd42cc4886f7c35c6b51dfce61047672e86d744b68df9fddd41d187a6a41be,nan,1,276520,31,1,1,1,0
893,430ba5da31b9c5a49cd36a0cf5965eaf701eac137de9fdeaf2b07f9b6936fa09,nan,1,276830,31,1,1,1,0
894,a3541647c9387177c2577845c4fabeb52fdf4843aae1ec1c842079eee23c2499,nan,1,277140,31,1,1,1,0
895,e642f40510cdb9c43b9c3e62e09f5013575d8eb204e1ce4a5c4c232de984fcd7,nan,1,277450,31,1,1,1,0
896,cd8462bfe4a32eeb72ae623a0c02d9e643d561a5b88ecd6e7ef215335f84fe0b,nan,1,277760,31,1,1,1,0
897,bae8692be6da7b7e397e55ea4b873131c1c301352850882c551f767de75669e2,nan,1,278070,31,1,1,1,0
898,762c085c8385fd91028c987bb9b72b737c82c8c662929a637f23100a059ef8d4,nan,1,278380,31,1,1,1,0
899,3b545a215c688f72449e6d66cba878a6c0457055f92e21c517a8687cda9eebfc,nan,1,278690,31,1,1,1,0
900,d464cdb9d34e606272427e62269a966df034ee74a90e400a40b9bd876c521855,nan,1,279000,31,1,1,1,0
901,f10ab3a8878b9a7d60bcab2dc8d8bbf50dfb3f73e4b0925a779b99e0ee81cf46,nan,1,279310,31,1,1,1,0
902,ed042bbee539a86713f8fde7d96117e41a886846645d25091346f910e0b43e59,nan,1,279620,31,1,1,1,0
903,2bee57d1737d99365b1379d6e987c9acf7c8a01c3c14150f16ba8817ed2843f4,nan,1,279930,31,1,1,1,0
904,48f52485cf0088677d9c3d91a09e2d2d59c2872ee649c979c7391f5c2fbdfc9f,nan,1,280240,31,1,1,1,0
905,83251bef8dd5ab0686c147d3b6380b1f5ada165aa14237a601a9e7467872e3dc,nan,1,280550,31,1,1,1,0
906,7ceb9e13c7a4bff64afbbcc92c7c29d8b28f446f37ea7914b2fcd95719532dd8,nan,1,280860,31,1,1,1,0
907,cccb11ee36b2f2b50f6273dc05b6a4a72f38173d275a1d1ee50ee64e0af4c0d4,nan,1,281170,31,1,1,1,0
908,817235cc6d514f3c58c0c55773f930de79f44b80f2c91ad0ee1e9565e9026411,nan,1,281480,31,1,1,1,0
909,de9b23f5d62ada05bc3a86cfecfd06ee4fa9dffd8ccebd4663cd23cb08b0e81d,nan,1,281790,31,1,1,1,0
910,ccd4bf6b8bb856bc99843bbb5f9c41a6930ca55cd65bee23f844aae922e921f3,0.13990359226430826,1,282100,31,1,1,1,0
911,2c4e46cf50908f7c44dbbb4103e674578a632964e9dc2ff505ebf7099ff546ce,nan,1,282410,31,1,1,1,0
912,9d2bb7b893053722119b09bc3f7653864cc2c14854885698b516a8824d70f262,nan,1,282720,31,1,1,1,0
913,4b9185b624bd0d9fbbde93a4d848e494d2c3d299e76296880e3e18eb9a24491d,nan,1,283030,31,1,1,1,0
914,fe10089396d6d4f40c2bd257f14dadd97cf8983b6ca49572d18ceb97d5dc39d6,0.07465597805545185,1,283340,31,1,1,1,0
915,6a92500b1db54a7d1db8db241c5a59005c032839f4af39944dc74427fd7034c6,nan,1,283650,31,1,1,1,0
916,60902ae03f458a1e9967545a6cb8c2ca0d6031bd4286d76db51e53a88be2abd2,nan,1,283960,31,1,1,1,0
917,2c79b12891017be2dec150fa153037bbceee68d1cb6f3538aa5907540260510f,nan,1,284270,31,1,1,1,0
918,d5718e3495f867e53c53137af05981257d53e60de2ca4ebe6634af6b61f8d054,nan,1,284580,31,1,1,1,0
919,8a0679d735d44e965ff8baa0e408e98b19bd4301a2b8e0388febd5d550715591,nan,1,284890,31,1,1,1,0
920,4e5c8b9e89e1494ab1873b537d0f835faebd706c2160cd5f050573dbc1208adf,nan,1,285200,31,1,1,1,0
921,fc8448e3b64b4b03055e1707966f70c9732f929445decd8ebc189cc41204aa24,nan,1,285510,31,1,1,1,0
922,45ca388cd2eb64a4d9f72149bfaa5b4763ebe13a87e23ce1eabf9dff964a4c6b,nan,1,285820,31,1,1,1,0
923,beb478f8e6f2df274bf854990ee88229b7633132fb49f0c8a3d915838e00410e,nan,1,286130,31,1,1,1,0
924,809c05d21243b791317b289af877312605b6b97687e49366150c68c9bebdd871,nan,1,286440,31,1,1,1,0
925,81ed28429b09e1942e00e073f0096f07522a262aa2fe86273106dcc0061a3d57,-0.010020060200702528,1,286750,31,1,1,1,0
926,4c1fa32ff7e086fb11f278351d439fbf5769869e752825920b3189e92a55c757,nan,1,287060,31,1,1,1,0
927,3fda29b4340b5c96e6060d1fb7da67e4bba776064bdc17671637064d25b56741,nan,1,287370,31,1,1,1,0
928,3c65dadda91b3bc7c92df4ffc65929ecb751df81fa27ac1beb8df1c36f37651f,-0.04443517297244842,1,287680,31,1,1,1,0
929,6dce624335f6f219d42b872da14d1e83afdf60d8f077947999f61ac0958134cf,nan,1,287990,31,1,1,1,0
930,a6fdda92d2bab1866e7ccd4ecb1956eba5e8481a1ba32253ff654f65a275b7ec,-0.04443517297244842,1,288300,31,1,1,1,0
931,7557f76b77abf6d97365cdd1b5a9960e73c3b9b5fcca1ceabe7ff595ea0b6a14,nan,1,288610,31,1,1,1,0
932,fd71b2feec1966e2ef0604f3a7dc6ecb1d0004696deab981578162c915472085,nan,1,288920,31,1,1,1,0
933,635eaa11736206649c5396a2bb116c6e927dff413239c84532e9a10b33fcbe16,nan,1,289230,31,1,1,1,0
934,06fd2d85a0bd319b62a62acdfa09e09dd0a159a2081ed5efbc1b9e4d26aa2922,nan,1,289540,31,1,1,1,0
935,3f0602648dadf44e1e3b8fa6170c7912ebdc7bcb940a9fba0c64a7f3f02d2882,-0.13493467283017566,1,289850,31,1,1,1,0
936,e0544f3e0fc9386e1e4d238c22c449fd6beda5a81e828b629f0640cc6a27edc4,nan,1,290160,31,1,1,1,0
937,cdde7b8881a83470b449ec4ca7113d1117a327eaf14fc1851812fb1d1e4c11cc,nan,1,290470,31,1,1,1,0
938,e76ff8e75433966eaddaf03b7d1b89b1e9706ab768166778c39406e46cf89cc8,nan,1,290780,31,1,1,1,0
939,2b82fe16dabb6596506b3a4384a8a739bf41ed64053973bd8484540ebc86a29d,-0.12894753220052402,1,291090,31,1,1,1,0
940,dbdbb8951c324f264b10f09cbc6eef138ef225c9211d95ac1d69cc2ee41b92a8,nan,1,291400,31,1,1,1,0
941,cf1c5497ce39cc20848ed9d32fb7b1127252b683c1f43dcc6ba9a0ce79b1e858,nan,1,291710,31,1,1,1,0
942,6d07aba08bc16f1e09c0f2915ce4111507ed27fb692a994d5b0bef523392c800,nan,1,292020,31,1,1,1,0
943,d8172db74030341b4b325a8a5222865bad71b749ccf9ef62f7c6c3b2fd23cb84,nan,1,292330,31,1,1,1,0
944,ba1ac0937b282bfa1fab2a1fcaa175ad4a614e5dd0aef69c62ec6757c4caa875,nan,1,292640,31,1,1,1,0
945,9b290957029ea5c69e5dc78451d35f68a86947156e4454b1baf2130e2a076e6c,nan,1,292950,31,1,1,1,0
946,6305100c55b8c709378008e87ed87738b84c5625318583b969bdfadd59b00822,nan,1,293260,31,1,1,1,0
947,c1ac5b08155a31d0f63609e9c53abfc44be00f1be13b08fdee7464fc5204add2,nan,1,293570,31,1,1,1,0
948,75a1467ca27c8d96719e6a1a42da7bd34e47f4233a8e6d5a23139ea5f5c50df1,0.07465597805545185,1,293880,31,1,1,1,0
949,52b402ae5826c5262495f5f625ac71f95b3e05bfe727d0f4d0ef948ae3b84483,nan,1,294190,31,1,1,1,0
950,8a16f0a48788a9437b0bd22d6b92fa545f96059eef5dca18e4a4a1642dff341e,nan,1,294500,31,1,1,1,0
951,b05a131245b17070bff03f3706422a33c6ae787f92bba56ffe745ee51f2b4b04,0.04423152873334462,1,294810,31,1,1,1,0
952,4adbf42d5c48fef258ed80141e2fa2786f7cda217b9b1d2c7ef49346c1f2a0f0,nan,1,295120,31,1,1,1,0
953,4e9a119cc55de0d65fea95550e54f350459e59689d3ba611ba78c5bbc0859e2c,nan,1,295430,31,1,1,1,0
954,354b943f9a81826edd6800c1d3e05389a1ccaa3580f46d49bc9c4c1ebbb49065,-0.011485535085454128,1,295740,31,1,1,1,0
955,0589e56d89ac323b2815eb5ca58d067f7ab43232eec41e94de7c1ee5ef250e81,nan,1,296050,31,1,1,1,0
956,7bfca4a271c87ecd0e75902ac1c38d5d12d2f295e174c85b7b8dd9ef497fb566,nan,1,296360,31,1,1,1,0
957,4fd204c4ac3911d60da017705753a9aef50cd1b3ace5842d5fb917c87de8cb9f,nan,1,296670,31,1,1,1,0
958,030919e0b125db6240ffeadff338b32bab4d3715fe007931b952accbe45a577c,nan,1,296980,31,1,1,1,0
959,b0fe5fbbb47f46bf044f142f96b3fb0c1bef00cbf8b01f61b5e0565fec1b95c6,nan,1,297290,31,1,1,1,0
960,fa6531b1444a3baaa8789a16c539136d48adefa888b26c1d976fac18b968eb30,nan,1,297600,31,1,1,1,0
961,be47d5004dbadd778f84286b396ac5d9247fe85b96e490cb3e0ee69e918ab14f,nan,1,297910,31,1,1,1,0
962,b4d37592edd766c2f614d364b15d9a84f996b79693dc0428024e12fad1a34067,0.17403436673810457,1,298220,31,1,1,1,0
963,e07e9bf4e5ea9662c880c06c374fbac67e7ce95e8b04411971cd56f42dd7d3e7,nan,1,298530,31,1,1,1,0
964,087a841629b007703788523f9ecd3ef2e83462703c84955c3863ac09b2c2004d,-0.052458755993138005,1,298840,31,1,1,1,0
965,eccbaf7370349f3a23ba7049572b5c043f1158e1f433851154489d7a0206094f,nan,1,299150,31,1,1,1,0
966,16b92312e4840ad1071ff4c6e03fb4f2703aac965515479bda5afa4d13937c72,-0.1777406918897937,1,299460,31,1,1,1,0
967,0c5f5e52f3226f221179d7774381d02ca9f4bdfd0e8693c1e653733e409ca62b,nan,1,299770,31,1,1,1,0
968,c9a946884c5a4ea62d68549af2b32d6192d2ee909c60629676cdb3fdd84c2138,nan,1,300080,31,1,1,1,0
969,3244ae45b9ffa9fa99c3c3bdb869e7bf7dbca0d10d7c9773b26d2674f065b7b1,nan,1,300390,31,1,1,1,0
970,92fb9fd758574282241efe9442c76b94ddbccffe6376d59528d5a69358572522,nan,1,300700,31,1,1,1,0
971,409b60ba7d6b4cc333c2291912e2254f1e1ad6c60b60a4c7d9aa308a1dc2fe41,nan,1,301010,31,1,1,1,0
972,7a2b46c874af6730a44e3ac3717989611761aeee4f6ad0e5b5d33cc93696121f,nan,1,301320,31,1,1,1,0
973,8a7a63f9cdaf4c8e0daae5e30d3225325307a161587dc6fd4846e09c47d774be,nan,1,301630,31,1,1,1,0
974,e0a0873bd2477e84a3b71c4ce53216b05df01766c9ea37bd6fef582ef133ce13,nan,1,301940,31,1,1,1,0
975,a15d2daece3707e1a814dbafd57a6b1c226f312ae5dcf3be0f50c3099f8c9c2b,-0.1236527819838253,1,302250,31,1,1,1,0
976,9be581c6e7b7b00183491a14e71087acadbbb4ebb093db2df8dea0cd4cc06c20,nan,1,302560,31,1,1,1,0
977,fa101119fa25852324b59e0220578cd025f4783783ca4e8eea6baf1581ca8bf2,nan,1,302870,31,1,1,1,0
978,f4c2c971dcbc4984dc6e03b64e40034373ebf55dae62f0f9f989e8d16a05b251,nan,1,303180,31,1,1,1,0
979,4f929cb45d0e1482114842022dcaf0fdb75dd30392ab3455672f40c4cae23e64,nan,1,303490,31,1,1,1,0
980,082e2205deb56dff743c1a1b825b1fe9621dd46638f5eaf408460c48a7416cff,nan,1,303800,31,1,1,1,0
981,2f92b85727bf3ce5d85033dd8733c90e6fa6c549653f17005a4419289809e2ad,nan,1,304110,31,1,1,1,0
982,a63055c6a816612e9aee2b11717fa91ed3abaa2f692971f1b1e59cce07414d4f,nan,1,304420,31,1,1,1,0
983,95afea020eb9ca915df8dc8fe8bdd1924b46e27ec317570bc854aad3b5f9b47c,nan,1,304730,31,1,1,1,0
984,7f0df45cae310114e1fb281f4f1f47bbcd5598794c241260cabc784637ff7558,nan,1,305040,31,1,1,1,0
985,381ed38919251a5382d3dc42b74d20bb61001c366da7a17e0fbb2af2674a1019,-0.1302607826091329,1,305350,31,1,1,1,0
986,aa3efd9983eb1a6bf40284bd9f565e3671e608a98c4babce4b6f623a2e7a2a7b,nan,1,305660,31,1,1,1,0
987,877e7b6684516d1c525664dc47e8b35323edbf7a5a92574a198d090fc1215809,nan,1,305970,31,1,1,1,0
988,fe0b662db36d0f5523b3b72451e4f06ed97e30b5ef8b872e5c3c17908ad0659a,nan,1,306280,31,1,1,1,0
989,a031072bb20295bb7f0ed98f5249175b6b31a607532f0427210ef09c4bfe2255,nan,1,306590,31,1,1,1,0
990,6a23b5ab7862dd738bc56490983a64ac3493b276c256eacbbec2e62ed846605f,nan,1,306900,31,1,1,1,0
991,50389586f537110ec719ddbe3476dc279274598a5441d90e4086ec5d8b80e061,nan,1,307210,31,1,1,1,0
992,b371d01e40960641e7908966f07ecb3d6be9727c7ca23ad7257dbdadf11456c5,nan,1,307520,31,1,1,1,0
993,f32a98408c40b90b3fe528fd40f01c58ac3fc5c58f7d4e98da4993d7a884759e,nan,1,307830,31,1,1,1,0
994,44aedd9cb8edbabdfdaebb11cac78826687912bc91c0ca123cc28cfd9d3bb2d7,nan,1,308140,31,1,1,1,0
995,d43728e73d48a892b79e168ef559f85eec85c083bdb8cafef2448a9d3faf4448,0.06113400057895975,1,308450,31,1,1,1,0
996,7923d91e980d75f7933597a0afdaaf187edbae3399c1c9bcadf8ea1f0c9cfe0e,0.17403436673810457,1,308760,31,1,1,1,0
997,54247387a6f587cf50cafd6c306a580f73866233425f7e957ef8e2ba80e330b7,nan,1,309070,31,1,1,1,0
998,6c2ce85ad5f9c8a2b44716ca51bfb35d83b6928bfebcb1785431362d581fb1bc,nan,1,309380,31,1,1,1,0
999,77f205480d5c59e0c01eb7c79755b865b42e292e0249e1b0822d752030e28fb8,nan,1,309690,31,1,1,1,0
1000,30a7fe673bcbd061df6605ac53c19f8ff8a5a512763ce3431cbdb7eedb6ae9a9,nan,1,310000,31,1,1,1,0
