functional_id,cohort,dots_steady,dots_persistence,dots_auc,dots_rise,dots_tau,sine_steady,sine_persistence,sine_auc,sine_rise,sine_tau,dots_defined_directions,dots_single_direction,dots_zero_denominator_trials,sine_phase_lag,sine_gain,left_dots_steady,left_dots_persistence,left_dots_auc,left_dots_rise,left_dots_tau,left_dots_tau_boundary,right_dots_steady,right_dots_persistence,right_dots_auc,right_dots_rise,right_dots_tau,right_dots_tau_boundary,left_sine_steady,left_sine_persistence,left_sine_auc,left_sine_rise,right_sine_steady,right_sine_persistence,right_sine_auc,right_sine_rise,in_strength,out_strength,reciprocal_strength,reciprocal_fraction,two_step_return_strength,three_step_return_strength,local_recurrence_index,in_degree,out_degree
3980,primary82,-2.8103134551808937,0.26016767336444446,-67.46979158699823,3.9042072329280924,7.042594855751821,42.523666522767726,nan,nan,nan,nan,2,0,0,NOT_IDENTIFIABLE,NOT_IDENTIFIABLE,15.68560163442928,-0.35823192224819617,-29.583471329749838,2.6292111155014943,2.125346274584662,0,-21.306228544791068,0.8785672689770851,-105.35611184424661,5.17920335035469,11.959843436918979,0,120.6051024480994,nan,nan,nan,-35.55776940256394,nan,nan,nan,0.0,1.0,0.0,0.0,0.0,0.0,0.0,0,1
4107,primary82,25.71509850533245,0.9065328815929617,176.81186509765698,15.59537435801078,19.99999999999998,-10.18624510447939,nan,nan,nan,nan,2,0,0,NOT_IDENTIFIABLE,NOT_IDENTIFIABLE,53.711088047822564,0.7633417846583566,392.1755178425543,15.59537435801078,19.99999999999996,1,-2.2808910371576667,1.049723978527567,-38.55178764724034,nan,19.999999999999996,1,23.939270742202545,nan,nan,nan,-44.311760951161325,nan,nan,nan,0.0,1.0,0.0,0.0,0.0,0.0,0.0,0,1
4640,primary82,1.1992057834073648,0.626611915799296,-12.846516394171687,14.840249920757367,12.562452105818187,14.838280993425563,nan,nan,nan,nan,2,0,0,NOT_IDENTIFIABLE,NOT_IDENTIFIABLE,-21.45407465793776,0.7286301346260898,-148.84598474107398,13.876426511144519,5.124904211636376,0,23.85248622475249,0.524593696972502,123.1529519527306,15.804073330370215,19.999999999999996,1,-77.97333264484763,nan,nan,nan,107.64989463169876,nan,nan,nan,2.0,0.0,0.0,0.0,0.0,0.0,0.0,1,0
2852,primary82,9.896441235518777,1.6815715202635657,17.972866919597024,8.398088336427717,11.051317371863389,0.41534170133841997,nan,nan,nan,nan,2,0,0,NOT_IDENTIFIABLE,NOT_IDENTIFIABLE,-4.133220688378799,2.747471773402253,-104.81304036693919,0.08911789822447957,7.165235126810617,0,23.926103159416353,0.6156712671248785,140.75877420613324,16.707058774630955,14.93739961691616,0,-50.709316189392254,nan,nan,nan,51.539999592069094,nan,nan,nan,1.0,0.0,0.0,0.0,0.0,0.0,0.0,1,0
8783,primary82,7.7580995637460415,0.7826221993550756,24.86944972187095,16.629587445514623,14.513033893537969,10.543783543393976,nan,nan,nan,nan,2,0,0,NOT_IDENTIFIABLE,NOT_IDENTIFIABLE,-11.616675626723197,1.076057362264366,-77.96210405841933,13.413532015549066,19.999999999999996,1,27.13287475421528,0.4891870364457851,127.70100350216123,19.845642875480184,9.02606778707594,0,-5.596357618828914,nan,nan,nan,26.683924705616867,nan,nan,nan,0.0,0.0,0.0,0.0,0.0,0.0,0.0,0,0
3809,primary82,19.848450695202935,0.96233847216967,90.60593646223082,8.799956014566172,14.652746963612998,0.3496725924374111,nan,nan,nan,nan,2,0,0,NOT_IDENTIFIABLE,NOT_IDENTIFIABLE,-3.040583187541479,1.2458242067463239,-35.678270262069816,-0.027628139520629702,19.999999999999993,1,42.73748457794735,0.6788527375930161,216.89014318653145,17.627540168652974,9.305493927226005,0,-55.803937005620035,nan,nan,nan,56.50328219049486,nan,nan,nan,1.0,0.0,0.0,0.0,0.0,0.0,0.0,1,0
2903,primary82,3.7602352098270773,0.8294406283684543,-27.755823857540516,8.546920578753301,8.308643337357335,7.615680398029628,nan,nan,nan,nan,2,0,0,NOT_IDENTIFIABLE,NOT_IDENTIFIABLE,-10.462679035837409,1.2088558129763944,-112.50131029147396,2.519725160165713,4.005589832055077,0,17.983149455491564,0.4500254437605142,56.989662576392924,14.57411599734089,12.611696842659592,0,-49.85648964074259,nan,nan,nan,65.08785043680184,nan,nan,nan,1.0,3.0,0.0,0.0,0.0,0.0,0.0,1,2
4476,primary82,-14.891454160143615,0.6218063442978139,-126.53238286275737,8.623668512964466,5.403530876419614,24.15268526984246,nan,nan,nan,nan,2,0,0,NOT_IDENTIFIABLE,NOT_IDENTIFIABLE,2.4076132655093216,0.4412329262144738,-28.312681496966917,1.4038516674530044,3.500626938423079,0,-32.19052158579655,0.802379762381154,-224.75208422854783,15.843485358475927,7.30643481441615,0,89.45045498497942,nan,nan,nan,-41.14508444529449,nan,nan,nan,0.0,3.0,0.0,0.0,0.0,0.0,0.0,0,3
7861,primary82,0.8757669043943244,0.7390102228953419,29.039751654837175,1.671887211755461,16.805710690971758,1.7788926005857095,nan,nan,nan,nan,2,0,0,NOT_IDENTIFIABLE,NOT_IDENTIFIABLE,13.598750920294565,0.7214967575559268,165.15106139008907,2.61421622317798,19.999999999986418,1,-11.847217111505916,0.7565236882347569,-107.07155808041472,0.7295582003329422,13.611421381957094,0,10.955671003920415,nan,nan,nan,-7.397885802748996,nan,nan,nan,0.0,2.0,0.0,0.0,0.0,0.0,0.0,0,2
615,primary82,20.237279062007687,0.8668865239951928,181.00546764029798,8.579941483692787,13.570208202795055,-7.50580297831069,nan,nan,nan,nan,2,0,0,NOT_IDENTIFIABLE,NOT_IDENTIFIABLE,-10.289466643936889,1.0286527547285116,-73.72175938544135,2.0678557391468892,19.999999999999996,1,50.764024767952264,0.7051202932618741,435.7326946660373,15.092027228238685,7.140416405590114,0,-23.500247642029315,nan,nan,nan,8.488641685407934,nan,nan,nan,0.0,0.0,0.0,0.0,0.0,0.0,0.0,0,0
6955,primary82,7.128605334201058,0.6572643549940104,56.71055689643296,18.261566990488653,19.999999999999996,17.71538978384913,nan,nan,nan,nan,2,0,0,NOT_IDENTIFIABLE,NOT_IDENTIFIABLE,41.6408308377862,0.7475957074632393,311.51639492638867,22.618293961109483,19.999999999999996,1,-27.38362016938408,0.5669330025247814,-198.09528113352275,13.90484001986782,19.999999999999996,1,87.62329298855127,nan,nan,nan,-52.19251342085301,nan,nan,nan,0.0,0.0,0.0,0.0,0.0,0.0,0.0,0,0
6113,primary82,-0.30735245366740216,0.7298201060864506,11.467420809196298,4.8500280955500905,14.921503275770748,21.372716060384434,nan,nan,nan,nan,2,0,0,NOT_IDENTIFIABLE,NOT_IDENTIFIABLE,33.315183010417684,0.6270590377667347,205.23444597250898,5.516804892259515,9.8430065515415,0,-33.92988791775249,0.8325811744061665,-182.29960435411638,4.183251298840666,19.999999999999996,1,82.79781378450241,nan,nan,nan,-40.05238166373354,nan,nan,nan,1.0,3.0,0.0,0.0,0.0,0.0,0.0,1,3
6236,primary82,-7.875577508533352,0.9645271412947387,-69.41781083623773,16.52409427848296,17.413478928069708,3.181297050626611,nan,nan,nan,nan,2,0,0,NOT_IDENTIFIABLE,NOT_IDENTIFIABLE,-30.918361049950036,0.8957397210778497,-292.57569188879165,16.453455722843632,19.99999999999999,1,15.167206032883332,1.0333145615116277,153.74007021631618,16.594732834122286,14.82695785613943,0,-17.690613070475532,nan,nan,nan,24.053207171728754,nan,nan,nan,0.0,0.0,0.0,0.0,0.0,0.0,0.0,0,0
6840,primary82,-0.8734966570631748,0.9230079841618775,6.2346677593172615,13.913695147649397,18.20749443970319,7.41459033953662,nan,nan,nan,nan,2,0,0,NOT_IDENTIFIABLE,NOT_IDENTIFIABLE,-33.990169237228116,0.8838221836894669,-278.67677338772677,10.926225772484258,19.999999999999996,1,32.24317592310177,0.962193784634288,291.1461089063613,16.901164522814536,16.414988879406383,0,-44.068037016167764,nan,nan,nan,58.897217695241004,nan,nan,nan,1.0,2.0,1.0,0.5,1.0,0.0,0.5,1,2
1799,primary82,1.8425401608617946,0.788866858872731,-26.006950339116372,13.198742592187095,14.820882544106919,27.71414884059793,nan,nan,nan,nan,2,0,0,NOT_IDENTIFIABLE,NOT_IDENTIFIABLE,45.04456287547563,0.7201016044001475,305.97341455942285,8.626142051587799,12.7075184254831,0,-41.35948255375204,0.8576321133453144,-357.9873152376556,17.77134313278639,16.934246662730736,0,68.29465688735557,nan,nan,nan,-12.866359206159714,nan,nan,nan,0.0,0.0,0.0,0.0,0.0,0.0,0.0,0,0
8913,primary82,3.528245936245444,0.8454869453387822,125.89025205191922,9.922148825854542,15.655058479792519,2.709802560894439,nan,nan,nan,nan,2,0,0,NOT_IDENTIFIABLE,NOT_IDENTIFIABLE,22.74809752645134,0.9566640353489204,344.64923444054796,4.285271726773509,19.999999999999996,1,-15.691605653960451,0.734309855328644,-92.86873033670952,15.559025924935575,11.310116959585043,0,21.337004732346518,nan,nan,nan,-15.91739961055764,nan,nan,nan,0.0,0.0,0.0,0.0,0.0,0.0,0.0,0,0
4473,primary82,-1.6341317052378974,0.565434258163437,-32.05992453696729,10.019950618660259,11.250210444497554,64.91028459795982,nan,nan,nan,nan,2,0,0,NOT_IDENTIFIABLE,NOT_IDENTIFIABLE,11.860381622413673,0.3760663021316614,43.48311813256353,1.7026293245849153,2.5004208889952158,0,-15.128645032889468,0.7548022141952125,-107.6029672064981,18.337271912735602,19.999999999999893,1,174.96608576843772,nan,nan,nan,-45.1455165725181,nan,nan,nan,0.0,0.0,0.0,0.0,0.0,0.0,0.0,0,0
8479,primary82,11.37648563494254,0.6999899720649408,-24.63953047737499,3.204149789132803,12.074207142715906,27.422517966206627,nan,nan,nan,nan,2,0,0,NOT_IDENTIFIABLE,NOT_IDENTIFIABLE,-29.974191128781314,0.9332220843587419,-257.3689777553257,3.95348577968446,19.999999999999996,1,52.727162398666394,0.46675785977113987,208.08991680057574,2.454813798581146,4.148414285431816,0,-3.8564201867029757,nan,nan,nan,58.70145611911623,nan,nan,nan,2.0,0.0,0.0,0.0,0.0,0.0,0.0,1,0
8042,primary82,10.061126259130392,0.5563299884989283,-22.13605917196621,6.013022900179607,12.729598903175248,31.21889080626958,nan,nan,nan,nan,2,0,0,NOT_IDENTIFIABLE,NOT_IDENTIFIABLE,-21.784333229732976,0.9013847511332704,-125.57941662227941,9.397765298291713,19.999999999999996,1,41.90658574799376,0.21127522586458616,81.30729827834699,2.6282805020675006,5.4591978063505,0,0.410911890823233,nan,nan,nan,62.026869721715926,nan,nan,nan,1.0,0.0,0.0,0.0,0.0,0.0,0.0,1,0
4967,primary82,11.058484626118675,0.7849821470360652,76.35991405613673,11.633934823457496,19.999999999999922,2.9268498986534865,nan,nan,nan,nan,2,0,0,NOT_IDENTIFIABLE,NOT_IDENTIFIABLE,33.32763362489378,0.8628513993243685,261.40263796688924,16.698821412043976,19.999999999999996,1,-11.210664372656428,0.7071128947477618,-108.68280985461578,6.5690482348710155,19.999999999999844,1,27.482158602352325,nan,nan,nan,-21.62845880504535,nan,nan,nan,2.0,0.0,0.0,0.0,0.0,0.0,0.0,1,0
8802,primary82,-8.67320566945169,0.9873646412787886,-123.565671199708,10.122654861394327,13.020630974340987,39.27662803762401,nan,nan,nan,nan,2,0,0,NOT_IDENTIFIABLE,NOT_IDENTIFIABLE,-52.70183012951155,1.0115141206362,-496.2146642244201,15.596682234799083,19.999999999999996,1,35.35541879060817,0.9632151619213772,249.0833218250041,4.648627487989572,6.041261948681977,0,-3.7065128753844787,nan,nan,nan,82.25976895063249,nan,nan,nan,1.0,0.0,0.0,0.0,0.0,0.0,0.0,1,0
4834,primary82,9.32107599041668,0.7366018962817866,-11.56383896614848,6.063427276519519,12.998750521247393,6.444517149015635,nan,nan,nan,nan,2,0,0,NOT_IDENTIFIABLE,NOT_IDENTIFIABLE,-35.25579548279202,0.8510580636403663,-267.9019813937439,5.0943983031654945,19.999999999999996,1,53.89794746362538,0.622145728923207,244.77430346144692,7.032456249873544,5.997501042494789,0,-32.23415785687527,nan,nan,nan,45.12319215490654,nan,nan,nan,0.0,0.0,0.0,0.0,0.0,0.0,0.0,0,0
6866,primary82,27.091899623787686,0.7913459324927825,130.45530479921672,9.320200134283615,12.30799930367386,7.042693054548947,nan,nan,nan,nan,2,0,0,NOT_IDENTIFIABLE,NOT_IDENTIFIABLE,67.27717292997167,0.5936670845677705,378.1531008035411,8.435306107075348,8.522726932231807,0,-13.0933736823963,0.9890247804177945,-117.24249120510771,10.205094161491882,16.093271675115915,0,22.89626584821682,nan,nan,nan,-8.810879739118928,nan,nan,nan,0.0,0.0,0.0,0.0,0.0,0.0,0.0,0,0
9424,primary82,10.201272550596995,0.13756560618501454,42.947564136818585,11.756402367896769,6.0993127844047486,11.51345147005792,nan,nan,nan,nan,2,0,0,NOT_IDENTIFIABLE,NOT_IDENTIFIABLE,-18.612469408894587,0.01850153778176359,-6.337876908579737,11.88722552313768,5.438434736542498,0,39.01501451008858,0.25662967458826547,92.23300518221691,11.625579212655857,6.760190832267,0,-20.678793182452544,nan,nan,nan,43.70569612256838,nan,nan,nan,2.0,0.0,0.0,0.0,0.0,0.0,0.0,2,0
4219,primary82,-10.859774447941263,0.649802067479465,-164.06500053563815,6.860983809535751,11.06141848552344,47.87300990007162,nan,nan,nan,nan,2,0,0,NOT_IDENTIFIABLE,NOT_IDENTIFIABLE,8.606335336373386,0.40556027484433615,-59.606549413543384,0.3059356512027023,11.899395608437406,0,-30.32588423225591,0.8940438601145938,-268.5234516577329,13.4160319678688,10.223441362609476,0,137.35568817510077,nan,nan,nan,-41.60966837495752,nan,nan,nan,2.0,1.0,1.0,0.5,1.0,0.0,0.5,2,1
6747,primary82,15.697249366732894,0.676390289801557,123.47575073133613,17.660081732402674,19.10785218568193,19.219649098254727,nan,nan,nan,nan,2,0,0,NOT_IDENTIFIABLE,NOT_IDENTIFIABLE,60.510794655056316,0.5540468543905609,492.24053396533503,21.4935325293855,18.215704371363866,0,-29.116295921590527,0.798733725212553,-245.28903250266276,13.826630935419846,19.999999999999996,1,92.08264716013322,nan,nan,nan,-53.643348963623765,nan,nan,nan,0.0,0.0,0.0,0.0,0.0,0.0,0.0,0,0
4241,primary82,-4.6782732328785235,0.5488399350957897,-88.73538056459816,14.641439156277396,12.622635738649251,8.025968814824285,nan,nan,nan,nan,2,0,0,NOT_IDENTIFIABLE,NOT_IDENTIFIABLE,-24.92194276564116,0.8728983024493474,-204.83809931597187,9.497809141786082,5.245271477298539,0,15.565396299884112,0.22478156774223187,27.367338186775555,19.78506917076871,19.99999999999996,1,-62.999130602180536,nan,nan,nan,79.0510682318291,nan,nan,nan,2.0,0.0,0.0,0.0,0.0,0.0,0.0,2,0
4323,primary82,15.993990713770897,0.38802987931768285,14.085275161412874,2.97685184668396,3.5851016320306544,18.777105641164766,nan,nan,nan,nan,2,0,0,NOT_IDENTIFIABLE,NOT_IDENTIFIABLE,-13.758886155554041,0.3912746239338881,-43.83580742484054,3.714333137050229,2.721423273244495,0,45.746867583095835,0.3847851347014775,72.00635774766629,2.2393705563176916,4.4487799908168135,0,-49.94060629974136,nan,nan,nan,87.4948175820709,nan,nan,nan,0.0,2.0,0.0,0.0,0.0,0.0,0.0,0,1
3997,primary82,-2.410380763448588,0.7257682205908373,-21.45484390132951,5.272374103845504,8.182175727153762,0.025318953150943457,nan,nan,nan,nan,2,0,0,NOT_IDENTIFIABLE,NOT_IDENTIFIABLE,-14.616791638934485,0.5390038218728148,-64.35435473018538,2.239246993300732,2.646089383192846,0,9.79603011203731,0.91253261930886,21.444666927526356,8.305501214390276,13.718262071114678,0,-51.62290035174462,nan,nan,nan,51.673538258046506,nan,nan,nan,1.0,0.0,0.0,0.0,0.0,0.0,0.0,1,0
3862,primary82,21.977567451109707,0.7308878456113754,39.88674667499845,4.323351211342848,7.090899511258959,23.23522867356592,nan,nan,nan,nan,2,0,0,NOT_IDENTIFIABLE,NOT_IDENTIFIABLE,-8.024351123680756,0.97198550623142,-75.08443818186814,2.1533619314448167,8.080111067671599,0,51.979486025900165,0.4897901849913308,154.85793153186503,6.493340491240879,6.1016879548463185,0,-52.57172587261647,nan,nan,nan,99.04218321974831,nan,nan,nan,0.0,1.0,0.0,0.0,0.0,0.0,0.0,0,1
476,primary82,9.123302352656218,0.8811974287047751,67.86350367056322,8.901721487668306,11.613682446354618,4.97069872445687,nan,nan,nan,nan,2,0,0,NOT_IDENTIFIABLE,NOT_IDENTIFIABLE,-18.07621114548897,0.8939991850765705,-155.51810373783357,12.894546824263859,11.1056945195395,0,36.322815850801405,0.8683956723329798,291.24511107896,4.908896151072753,12.121670373169737,0,-15.088437637092461,nan,nan,nan,25.0298350860062,nan,nan,nan,1.0,0.0,0.0,0.0,0.0,0.0,0.0,1,0
665,primary82,3.217595844254838,0.6723997780608433,-34.022355053972916,3.335569884718872,9.722971253161859,-4.309147639572801,nan,nan,nan,nan,2,0,0,NOT_IDENTIFIABLE,NOT_IDENTIFIABLE,-15.281865467338378,0.8610806757812114,-125.4504457478581,2.932080621479898,11.145869890847472,0,21.717057155848053,0.48371888034047517,57.405735639912265,3.739059147957846,8.300072615476244,0,-13.460819098340693,nan,nan,nan,4.842523819195091,nan,nan,nan,0.0,0.0,0.0,0.0,0.0,0.0,0.0,0,0
785,primary82,6.979893650814448,0.8930233785383189,-16.346912214972434,3.520284152182345,13.124609329119178,20.6103554205615,nan,nan,nan,nan,2,0,0,NOT_IDENTIFIABLE,NOT_IDENTIFIABLE,32.19401926480862,0.6386307931596138,172.52336343776378,2.409243484232075,6.249218658238361,0,-18.23423196317972,1.147415963917024,-205.21718786770865,4.631324820132615,19.999999999999996,1,37.56931610933756,nan,nan,nan,3.651394731785446,nan,nan,nan,2.0,4.0,0.0,0.0,0.0,0.0,0.0,1,2
4326,primary82,-6.942157072410975,1.3581390470142842,-30.795778677083316,3.933009134692753,11.479245554566853,-1.1712305523483355,nan,nan,nan,nan,2,0,0,NOT_IDENTIFIABLE,NOT_IDENTIFIABLE,-1.1978044842171496,2.4857851604346135,-11.212253384828145,0.3213870893363868,19.99999999953974,1,-12.6865096606048,0.23049293359395476,-50.37930396933849,7.5446311800491195,2.9584911095939668,0,12.614107942577483,nan,nan,nan,-14.956569047274154,nan,nan,nan,0.0,0.0,0.0,0.0,0.0,0.0,0.0,0,0
5442,primary82,33.63053919087628,0.10340693413186275,87.26126089870472,12.873037279366462,12.464179997114922,62.98046671432381,nan,nan,nan,nan,2,0,0,NOT_IDENTIFIABLE,NOT_IDENTIFIABLE,106.94406306345401,-0.4692257854643269,427.0221505197906,9.039377106110596,4.928359994229854,0,-39.68298468170146,0.6760396537280524,-252.49962872238117,16.70669745262233,19.99999999999999,1,162.78485940633567,nan,nan,nan,-36.82392597768804,nan,nan,nan,3.0,1.0,1.0,0.3333333333333333,1.0,0.0,0.3333333333333333,3,1
3503,primary82,18.171697878280835,0.7404861189771768,62.01595217001389,3.598412594902122,10.688849982757482,-7.098141558574306,nan,nan,nan,nan,2,0,0,NOT_IDENTIFIABLE,NOT_IDENTIFIABLE,13.213460000730048,0.9369566541786082,16.590350413473107,-0.7568239236889731,1.3776999655149664,0,23.12993575583162,0.5440155837757452,107.44155392655468,7.953649113493217,19.999999999999996,1,-21.5531607693282,nan,nan,nan,7.356877652179589,nan,nan,nan,0.0,0.0,0.0,0.0,0.0,0.0,0.0,0,0
8311,primary82,12.964288675551302,0.7287152774833808,-24.71522264289418,6.012172334242944,13.736663471410656,21.010733168076868,nan,nan,nan,nan,2,0,0,NOT_IDENTIFIABLE,NOT_IDENTIFIABLE,35.42826400772027,0.7558437967884645,41.613569054136,6.094733109669683,7.473326942821315,0,-9.499686656617671,0.7015867581782972,-91.04401433992436,5.929611558816205,19.999999999999996,1,43.536763741800534,nan,nan,nan,-1.5152974056467983,nan,nan,nan,0.0,0.0,0.0,0.0,0.0,0.0,0.0,0,0
2234,primary82,17.551468609123248,0.5988871896467195,153.87779853966498,7.894935680833706,10.850817301243037,-0.39930844529584064,nan,nan,nan,nan,2,0,0,NOT_IDENTIFIABLE,NOT_IDENTIFIABLE,-0.6153199944487547,0.32775655313082425,-58.029371563418685,2.4405124704095584,12.536287803075142,0,35.71825721269525,0.8700178261626148,365.78496864274865,13.349358891257854,9.165346799410932,0,-29.221892908477308,nan,nan,nan,28.423276017885627,nan,nan,nan,0.0,0.0,0.0,0.0,0.0,0.0,0.0,0,0
5222,primary82,35.26599126652674,0.7150927848715578,133.08063076993676,7.730596171124665,12.950749509829857,31.596092336533296,nan,nan,nan,nan,2,0,0,NOT_IDENTIFIABLE,NOT_IDENTIFIABLE,-28.385350568330296,0.9265353828724641,-302.7830757093716,9.800196063547943,19.999999999999996,1,98.91733310138378,0.5036501868706514,568.9443372492451,5.660996278701386,5.901499019659717,0,-51.86871954347971,nan,nan,nan,115.0609042165463,nan,nan,nan,1.0,0.0,0.0,0.0,0.0,0.0,0.0,1,0
4361,primary82,31.466737650841203,1.1075786453654928,213.2829125772235,10.277417115240876,13.24654093149446,-5.23059000123941,nan,nan,nan,nan,2,0,0,NOT_IDENTIFIABLE,NOT_IDENTIFIABLE,2.7603398782707407,1.5052889129333156,9.453685124129624,0.07446216437676156,19.999999999874703,1,60.173135423411665,0.7098683777976698,417.1121400303174,20.48037206610499,6.493081863114216,0,-45.60457137323237,nan,nan,nan,35.14339137075355,nan,nan,nan,0.0,0.0,0.0,0.0,0.0,0.0,0.0,0,0
5167,primary82,6.681683579890013,0.7497232405195511,151.86219925614816,9.21691258628661,12.043616835018343,-10.502210114925404,nan,nan,nan,nan,2,0,0,NOT_IDENTIFIABLE,NOT_IDENTIFIABLE,-16.057305976312794,0.7942411367337501,-30.60838143051558,4.065681118490776,4.087233670036688,0,29.42067313609282,0.7052053443053521,334.3327799428119,14.368144054082443,19.999999999999996,1,-39.90115062675405,nan,nan,nan,18.896730396903244,nan,nan,nan,1.0,0.0,0.0,0.0,0.0,0.0,0.0,1,0
12418,primary82,1.5741620243275332,0.14695527440388947,-67.82612077090738,7.975558203060199,11.282774364587342,20.070334677556055,nan,nan,nan,nan,2,0,0,NOT_IDENTIFIABLE,NOT_IDENTIFIABLE,-17.088842954760185,-0.39814926631182884,-239.23666561610048,11.402505118699889,19.99999999999558,1,20.23716700341525,0.6920598151196078,103.58442407428574,4.54861128742051,2.5655487291791026,0,-1.7995311224989825,nan,nan,nan,41.94020047761109,nan,nan,nan,0.0,0.0,0.0,0.0,0.0,0.0,0.0,0,0
4903,primary82,1.8752775683761858,0.8293779201737121,12.01730354950115,7.181582311272525,10.871339554150952,0.7295423611288729,nan,nan,nan,nan,2,0,0,NOT_IDENTIFIABLE,NOT_IDENTIFIABLE,-20.923934911319417,0.8889154235694803,-155.7286839387205,2.908153147699476,12.079509072252192,0,24.67449004807179,0.7698404167779439,179.7632910377228,11.455011474845573,9.663170036049712,0,-16.1344757353282,nan,nan,nan,17.593560457585944,nan,nan,nan,0.0,0.0,0.0,0.0,0.0,0.0,0.0,0,0
5658,primary82,-16.853003711881044,0.7296316353774924,-131.2040317510199,17.16025589418429,13.709639117168665,-0.8014767157725036,nan,nan,nan,nan,2,0,0,NOT_IDENTIFIABLE,NOT_IDENTIFIABLE,-21.782572062865345,0.6412251833737395,-132.23841148790206,12.180549021495398,7.419278234337361,0,-11.923435360896743,0.8180380873812454,-130.16965201413777,22.13996276687318,19.999999999999968,1,-11.394061700589,nan,nan,nan,9.791108269043994,nan,nan,nan,0.0,1.0,0.0,0.0,0.0,0.0,0.0,0,1
8348,primary82,-9.431663042693987,0.0880437629344417,21.220857207522997,6.00577498905535,2.4702408619566403,0.7543373427704703,nan,nan,nan,nan,2,0,0,NOT_IDENTIFIABLE,NOT_IDENTIFIABLE,-2.278008003627228,0.03787704426222074,5.656678398094941,0.2988848810236888,3.4389873130099056,0,-16.585318081760747,0.13821048160666266,36.785036016951054,11.712665097087012,1.5014944109033748,0,5.959059153966871,nan,nan,nan,-4.450384468425931,nan,nan,nan,3.0,1.0,0.0,0.0,0.0,0.0,0.0,1,1
1252,primary82,2.8149768161070696,1.4030070144571116,-15.486512041389688,3.3678013576602623,10.227244730615432,2.6446914505743333,nan,nan,nan,nan,2,0,0,NOT_IDENTIFIABLE,NOT_IDENTIFIABLE,0.033683477705613196,1.9018249772598506,-108.39395971954171,0.1719116527199951,12.223460832691186,0,5.596270154508526,0.9041890516543727,77.42093563676234,6.56369106260053,8.231028628539677,0,1.1455209733956377,nan,nan,nan,4.143861927753029,nan,nan,nan,0.0,0.0,0.0,0.0,0.0,0.0,0.0,0,0
5710,primary82,0.6588989727048227,0.6573413690167789,17.61366285629638,-6.710262014353283,19.999999999999996,1.9543269989199712,nan,nan,nan,nan,2,0,0,NOT_IDENTIFIABLE,NOT_IDENTIFIABLE,-5.952567996054101,0.9568324599560345,-11.634642955999997,-31.702113904603216,19.999999999999996,1,7.270365941463746,0.35785027807752334,46.86196866859276,18.28158987589665,19.999999999999996,1,0.8673681853167468,nan,nan,nan,3.0412858125231956,nan,nan,nan,0.0,0.0,0.0,0.0,0.0,0.0,0.0,0,0
7903,primary82,-18.001600061843106,0.9160935219213503,-184.23926766835146,7.105383258596197,12.267176303664657,16.85154743375182,nan,nan,nan,nan,2,0,0,NOT_IDENTIFIABLE,NOT_IDENTIFIABLE,-44.65581480296005,0.7079931044769936,-330.77067198746437,8.599091588759077,19.999999999999943,1,8.65261467927384,1.124193939365707,-37.707863349238536,5.611674928433317,4.534352607329372,0,-4.984684674131369,nan,nan,nan,38.687779541635,nan,nan,nan,0.0,0.0,0.0,0.0,0.0,0.0,0.0,0,0
1234,primary82,-4.286491016093688,0.9931592110115699,-7.807275176409306,5.413211533148884,19.528558772121094,3.22027769243825,nan,nan,nan,nan,2,0,0,NOT_IDENTIFIABLE,NOT_IDENTIFIABLE,-14.120637863331574,0.9160874559864597,-139.08788421624692,9.452148562017431,19.05711754424219,0,5.547655831144198,1.0702309660366802,123.47333386342831,1.3742745042803364,19.999999999999996,1,-22.238962035283002,nan,nan,nan,28.679517420159502,nan,nan,nan,1.0,1.0,0.0,0.0,0.0,0.0,0.0,1,1
7529,primary82,-13.571276488792156,1.0247428078814274,-82.34271071833015,1.2460219993316528,17.24607237625132,-3.41943880070463,nan,nan,nan,nan,2,0,0,NOT_IDENTIFIABLE,NOT_IDENTIFIABLE,-18.831233985608172,0.7662807742987601,-182.3123819433769,2.252426788739477,19.999999999999996,1,-8.31131899197614,1.2832048414640944,17.626960506716593,0.2396172099238285,14.49214475250264,0,-3.992588939525742,nan,nan,nan,-2.846288661883518,nan,nan,nan,0.0,0.0,0.0,0.0,0.0,0.0,0.0,0,0
4780,primary82,-1.4899354400654605,0.8094877908267758,-66.08539902513287,12.9209286330317,14.079221081180787,-4.450080085048295,nan,nan,nan,nan,2,0,0,NOT_IDENTIFIABLE,NOT_IDENTIFIABLE,-11.254451624959138,1.6292041675621014,-130.86796430579778,16.971631594303926,8.158442162361657,0,8.274580744828217,-0.01022858590854987,-1.30283374446795,8.870225671759474,19.99999999999992,1,7.422262479704315,nan,nan,nan,-16.322422649800906,nan,nan,nan,0.0,0.0,0.0,0.0,0.0,0.0,0.0,0,0
11692,primary82,-0.8646540548576164,-0.8821469431514106,6.109051282393553,0.08391880307533661,3.0994450469744406,-4.601405589325973,nan,nan,nan,nan,2,0,0,NOT_IDENTIFIABLE,NOT_IDENTIFIABLE,0.1751818966845362,0.03061814379646271,3.926934095374137,0.07231343624847852,3.7476727132518026,0,-1.904490006399769,-1.794912030099284,8.29116846941297,0.0955241699021947,2.451217380697079,0,-3.1853774533636923,nan,nan,nan,-6.017433725288252,nan,nan,nan,0.0,0.0,0.0,0.0,0.0,0.0,0.0,0,0
9214,primary82,3.2015856379456564,0.8228410162299671,-39.07231684821622,1.5470242781481218,9.070131650942166,-3.456219356359771,nan,nan,nan,nan,2,0,0,NOT_IDENTIFIABLE,NOT_IDENTIFIABLE,10.228666854213866,0.9013699072157207,-78.6118868399831,0.5736045901237468,6.225799845153095,0,-3.8254955783225535,0.7443121252442135,0.4672531435506615,2.520443966172497,11.914463456731237,0,3.061596501478636,nan,nan,nan,-9.974035214198178,nan,nan,nan,0.0,2.0,0.0,0.0,0.0,0.0,0.0,0,1
9933,primary82,-11.634994496587943,1.27811103645259,-87.294333522746,17.273151620807212,19.999999999999964,11.758188523957372,nan,nan,nan,nan,2,0,0,NOT_IDENTIFIABLE,NOT_IDENTIFIABLE,-13.246795126339467,1.1763680445515061,-149.5134665833773,15.988644376451969,19.999999999999996,1,-10.023193866836419,1.379854028353674,-25.075200462114708,18.557658865162455,19.999999999999932,1,3.929043424350731,nan,nan,nan,19.587333623564014,nan,nan,nan,0.0,0.0,0.0,0.0,0.0,0.0,0.0,0,0
9958,primary82,-11.854721892134265,-0.04882581867612998,7.377210095272732,7.544846592268785,1.6500257678682662,-12.778383989801757,nan,nan,nan,nan,2,0,0,NOT_IDENTIFIABLE,NOT_IDENTIFIABLE,-12.616595964265992,0.24559060449687753,22.927215829746466,2.848073468899887,1.6188647308798514,0,-11.092847820002536,-0.3432422418491375,-8.172795639201002,12.241619715637682,1.681186804856681,0,-20.86687534319873,nan,nan,nan,-4.689892636404785,nan,nan,nan,0.0,0.0,0.0,0.0,0.0,0.0,0.0,0,0
11550,primary82,14.010975246111578,0.7503369991350339,199.30921734226496,12.214332472832957,19.999999999997428,15.236214936361977,nan,nan,nan,nan,2,0,0,NOT_IDENTIFIABLE,NOT_IDENTIFIABLE,46.27895187797717,1.0694891197568372,450.64417331101924,6.596759658794188,19.99999999999486,1,-18.257001385754016,0.43118487851323056,-52.0257386264893,17.831905286871727,19.999999999999996,1,54.655253698942815,nan,nan,nan,-24.18282382621886,nan,nan,nan,0.0,1.0,0.0,0.0,0.0,0.0,0.0,0,1
1587,primary82,-6.1299844593225785,0.4148307095305595,0.2900404511368393,5.887149732688261,2.643933269394908,-7.804828760936581,nan,nan,nan,nan,2,0,0,NOT_IDENTIFIABLE,NOT_IDENTIFIABLE,11.21187061486518,0.31573688753725204,67.57240029765735,2.2309623189683094,1.8567604555140949,0,-23.471839533510337,0.513924531523867,-66.99231939538367,9.543337146408213,3.4311060832757203,0,3.631782420673401,nan,nan,nan,-19.241439942546563,nan,nan,nan,0.0,0.0,0.0,0.0,0.0,0.0,0.0,0,0
6194,primary82,11.329286951133122,0.641134390881543,104.72752320944782,7.4921979830661485,15.278404968541386,-4.228757335583737,nan,nan,nan,nan,2,0,0,NOT_IDENTIFIABLE,NOT_IDENTIFIABLE,-26.75770140300408,0.5641762092061026,-182.4384943168499,7.4921979830661485,19.999999999999822,1,49.416275305270325,0.7180925725569833,391.89354073574555,nan,10.55680993708295,0,-22.451824660178538,nan,nan,nan,13.994309989011064,nan,nan,nan,0.0,0.0,0.0,0.0,0.0,0.0,0.0,0,0
9681,primary82,16.09466953089904,0.8403477524170946,56.047584189867536,18.410617805114295,14.884112382359174,17.634020291757427,nan,nan,nan,nan,2,0,0,NOT_IDENTIFIABLE,NOT_IDENTIFIABLE,-10.698846766156773,1.0851119901859632,-149.99751392451554,18.432506505902346,19.999999999999996,1,42.88818582795486,0.5955835146482259,262.0926823042506,18.388729104326245,9.76822476471835,0,5.2052373850510865,nan,nan,nan,30.062803198463765,nan,nan,nan,1.0,0.0,0.0,0.0,0.0,0.0,0.0,1,0
5965,primary82,-7.335614351109012,1.0046308634309238,-44.108635418407545,11.64371069160259,15.044573847135078,-4.562261942070169,nan,nan,nan,nan,2,0,0,NOT_IDENTIFIABLE,NOT_IDENTIFIABLE,-27.69758296646726,0.7993246982490958,-176.7964046894801,13.87547076445442,10.08914769427016,0,13.026354264249235,1.2099370286127518,88.57913385266502,9.411950618750762,19.999999999999996,1,-29.96659756521001,nan,nan,nan,20.84207368106967,nan,nan,nan,0.0,0.0,0.0,0.0,0.0,0.0,0.0,0,0
6966,primary82,11.999817714852743,1.2270512246973175,69.86118040335644,10.764197622418449,16.872774744539367,-0.8640631137546855,nan,nan,nan,nan,2,0,0,NOT_IDENTIFIABLE,NOT_IDENTIFIABLE,-19.1502719507548,1.519366095260419,-236.89218103482582,2.343265759555681,19.999999999999996,1,43.149907380460284,0.934736354134216,376.6145418415387,19.185129485281216,13.745549489078739,0,-37.772770747027785,nan,nan,nan,36.044644519518414,nan,nan,nan,0.0,0.0,0.0,0.0,0.0,0.0,0.0,0,0
9704,primary82,19.261118527400953,0.7591306981616438,95.52277610717488,2.3338924139804433,15.831899227742074,6.4349149431838715,nan,nan,nan,nan,2,0,0,NOT_IDENTIFIABLE,NOT_IDENTIFIABLE,47.61294829976314,0.6933885957628211,271.5983804107979,nan,19.999999999999996,1,-9.090711244961236,0.8248728005604665,-80.55282819644815,2.3338924139804433,11.663798455484153,0,18.331330287087177,nan,nan,nan,-5.461500400719433,nan,nan,nan,0.0,1.0,0.0,0.0,0.0,0.0,0.0,0,1
8366,primary82,36.199845009337885,0.5946507574413787,592.8430180749417,14.416679754314478,10.97039409539182,-29.41712260913065,nan,nan,nan,nan,2,0,0,NOT_IDENTIFIABLE,NOT_IDENTIFIABLE,91.9607935310537,1.130727791348154,1198.1023674738615,20.773319656161913,19.999999999999996,1,-19.561103512377926,0.058573723534603515,-12.416331323978088,8.060039852467042,1.940788190783641,0,-27.437110080710212,nan,nan,nan,-31.397135137551093,nan,nan,nan,0.0,0.0,0.0,0.0,0.0,0.0,0.0,0,0
2882,primary82,0.15377467405484246,0.6575544155865514,86.24572940308933,8.173607583104303,10.494751715792198,-5.309767161850953,nan,nan,nan,nan,2,0,0,NOT_IDENTIFIABLE,NOT_IDENTIFIABLE,-9.774105537287376,0.17072781945494955,8.163675842785949,0.16853233247000787,0.9895034315843978,0,10.081654885397061,1.1443810117181532,164.3277829633927,16.1786828337386,19.999999999999996,1,-31.06075588974246,nan,nan,nan,20.441221566040554,nan,nan,nan,1.0,0.0,0.0,0.0,0.0,0.0,0.0,1,0
3470,primary82,10.76600196262235,0.7689005864949295,68.688215832733,7.974054195187428,7.450158840284185,7.955548706237247,nan,nan,nan,nan,2,0,0,NOT_IDENTIFIABLE,NOT_IDENTIFIABLE,-9.755777419673178,1.0682306687925782,8.815876718527473,0.42394985679342057,8.834842746443476,0,31.28778134491788,0.4695705041972808,128.5605549469385,15.524158533581435,6.065474934124896,0,-7.675797773614323,nan,nan,nan,23.586895186088817,nan,nan,nan,0.0,0.0,0.0,0.0,0.0,0.0,0.0,0,0
8290,primary82,-7.16809538417372,0.47343066375632475,43.46905393148573,5.122978536577536,2.6705994323823683,-0.7505982370838478,nan,nan,nan,nan,2,0,0,NOT_IDENTIFIABLE,NOT_IDENTIFIABLE,-24.17273327281707,-0.1105187949869483,22.466402383696828,7.451176021750271,2.189080094487968,0,9.83654250446963,1.0573801224995978,64.47170547927463,2.794781051404801,3.1521187702767683,0,-25.805873937322474,nan,nan,nan,24.30467746315478,nan,nan,nan,0.0,4.0,0.0,0.0,0.0,0.0,0.0,0,3
9388,primary82,-5.404209602451438,1.223751843547736,66.91965617372117,8.040654715734307,19.999999999999993,-2.319403716479991,nan,nan,nan,nan,2,0,0,NOT_IDENTIFIABLE,NOT_IDENTIFIABLE,-13.483159248723151,1.2465834535850815,-4.6634772641229105,-2.0834349023595564,19.999999999999996,1,2.674740043820275,1.2009202335103903,138.50278961156525,18.16474433382817,19.999999999999986,1,-12.026771265708243,nan,nan,nan,7.387963832748261,nan,nan,nan,0.0,0.0,0.0,0.0,0.0,0.0,0.0,0,0
9269,primary82,1.2065902092990584,0.4218092237079969,38.5759604340786,0.6979860613638067,12.305760787132051,1.423872803098774,nan,nan,nan,nan,2,0,0,NOT_IDENTIFIABLE,NOT_IDENTIFIABLE,10.884595765582336,0.8642182677071587,84.05108416636904,0.5471365048660104,4.611521574264106,0,-8.47141534698422,-0.020599820291164916,-6.8991632982118345,0.848835617861603,19.999999999999996,1,0.9475787633484405,nan,nan,nan,1.9001668428491072,nan,nan,nan,0.0,0.0,0.0,0.0,0.0,0.0,0.0,0,0
7525,primary82,-2.4138827537424152,0.7837322513901195,-5.509539026097649,0.5833845744129214,12.082725722192755,5.018089858865708,nan,nan,nan,nan,2,0,0,NOT_IDENTIFIABLE,NOT_IDENTIFIABLE,1.7180236593023315,0.7659858006704758,47.4743708546851,0.1052850170697468,19.99999999999962,1,-6.545789166787162,0.8014787021097631,-58.493448906880396,1.061484131756096,4.1654514443858925,0,5.007301520895683,nan,nan,nan,5.028878196835733,nan,nan,nan,0.0,0.0,0.0,0.0,0.0,0.0,0.0,0,0
7765,primary82,-10.000955049114687,1.4050186504106343,-135.66128853817415,4.419397940515214,17.903703216789303,17.396269308789428,nan,nan,nan,nan,2,0,0,NOT_IDENTIFIABLE,NOT_IDENTIFIABLE,-9.420150424430128,2.121529460159939,-195.21071945778837,8.452898054871085,15.80740643357861,0,-10.581759673799247,0.6885078406613299,-76.11185761855991,0.38589782615934354,19.999999999999996,1,14.573431066599525,nan,nan,nan,20.21910755097933,nan,nan,nan,0.0,0.0,0.0,0.0,0.0,0.0,0.0,0,0
7428,primary82,-15.87894012431417,0.676807253128116,-43.805203687739656,7.954756842221816,10.81092971277422,-12.607548022889477,nan,nan,nan,nan,2,0,0,NOT_IDENTIFIABLE,NOT_IDENTIFIABLE,-24.720533555044415,0.45796108790340667,33.35439869967841,4.507235803038366,1.621859425548444,0,-7.037346693583924,0.8956534183528253,-120.96480607515772,11.402277881405265,19.999999999999996,1,-18.095712466950076,nan,nan,nan,-7.119383578828878,nan,nan,nan,0.0,0.0,0.0,0.0,0.0,0.0,0.0,0,0
8774,primary82,-6.926862192197414,0.908618959702439,-58.87232594837765,4.902021740235078,2.2913587134520506,-3.2356333958777967,nan,nan,nan,nan,2,0,0,NOT_IDENTIFIABLE,NOT_IDENTIFIABLE,4.738091687691613,1.0289106672074977,60.454843304665445,0.22860608739918575,0.5641784451577844,0,-18.59181607208644,0.7883272521973802,-178.19949520142075,9.57543739307097,4.018538981746317,0,1.5030700189579091,nan,nan,nan,-7.974336810713503,nan,nan,nan,0.0,0.0,0.0,0.0,0.0,0.0,0.0,0,0
9641,primary82,-10.716079160554436,-0.03238799204782535,178.8072120876443,2.98850564601789,10.676654218551242,-17.260805844784407,nan,nan,nan,nan,2,0,0,NOT_IDENTIFIABLE,NOT_IDENTIFIABLE,-0.9071843726768951,-0.003085481689607161,358.3319393897091,0.3360598519529887,19.999999999999996,1,-20.524973948431978,-0.06169050240604354,-0.7175152144204482,5.640951440082791,1.3533084371024875,0,-14.041627143598813,nan,nan,nan,-20.479984545969998,nan,nan,nan,0.0,0.0,0.0,0.0,0.0,0.0,0.0,0,0
5474,primary82,-1.4164019843725502,0.6363615171437462,2.557970324963563,3.1932120151605154,10.050609811696875,-5.0072168399431645,nan,nan,nan,nan,2,0,0,NOT_IDENTIFIABLE,NOT_IDENTIFIABLE,11.486490592215551,0.7840059209757138,57.42863999008151,-2.9729132842308097,17.81340171379103,0,-14.319294560960651,0.4887171133117786,-52.31269934015438,9.35933731455184,2.287817909602718,0,3.4491429062290795,nan,nan,nan,-13.463576586115408,nan,nan,nan,2.0,1.0,1.0,0.5,1.0,0.0,0.5,2,1
1556,primary82,0.5765198156585469,0.41103860187296604,-3.1495242747637118,0.20185275164349115,3.2724682297131276,1.5443395677792005,nan,nan,nan,nan,2,0,0,NOT_IDENTIFIABLE,NOT_IDENTIFIABLE,-0.3653251244316811,-0.02188982381110041,-27.91726970907956,0.11987542415840835,4.627794122382507,0,1.518364755748775,0.8439670275570325,21.618221159552135,0.28383007912857394,1.917142337043748,0,-2.0515180333039424,nan,nan,nan,5.140197168862343,nan,nan,nan,0.0,0.0,0.0,0.0,0.0,0.0,0.0,0,0
11083,primary82,-11.796506591201153,-0.3951698813543207,14.760733910469693,1.1577578636229884,7.826205199409623,5.0032639549600315,nan,nan,nan,nan,2,0,0,NOT_IDENTIFIABLE,NOT_IDENTIFIABLE,-7.056640447728345,-1.0142681019479574,64.47073253815633,0.28374286440697816,11.754879284165852,0,-16.53637273467396,0.22392833923931596,-34.94926471721694,2.0317728628389986,3.8975311146533933,0,31.72712596976108,nan,nan,nan,-21.720598059841016,nan,nan,nan,0.0,0.0,0.0,0.0,0.0,0.0,0.0,0,0
8660,primary82,-15.082157880887891,0.7158188348176076,-61.05871604044035,8.839002804181682,10.888054919872301,-10.922667903842388,nan,nan,nan,nan,2,0,0,NOT_IDENTIFIABLE,NOT_IDENTIFIABLE,-16.644759979828695,0.505016453537832,-8.316890972722987,6.154412195789249,1.7761098397446047,0,-13.519555781947089,0.9266212160973831,-113.80054110815772,11.523593412574115,19.999999999999996,1,-18.935192641952003,nan,nan,nan,-2.910143165732774,nan,nan,nan,0.0,0.0,0.0,0.0,0.0,0.0,0.0,0,0
5622,primary82,-3.3447283891360513,0.7372715908235132,-40.88904046043455,6.018767227001678,15.039839622816295,15.100866039122156,nan,nan,nan,nan,2,0,0,NOT_IDENTIFIABLE,NOT_IDENTIFIABLE,20.434404170895313,0.8667377648211142,94.3323237366758,1.8174445207890209,19.99999999997466,1,-27.123860949167415,0.6078054168259124,-176.1104046575449,10.220089933214336,10.07967924565793,0,70.0935056093727,nan,nan,nan,-39.891773531128386,nan,nan,nan,0.0,0.0,0.0,0.0,0.0,0.0,0.0,0,0
8788,primary82,-0.24172989714175852,0.9598161417173525,-83.70355820512502,3.457450901145849,8.973679887604689,6.286992996712694,nan,nan,nan,nan,2,0,0,NOT_IDENTIFIABLE,NOT_IDENTIFIABLE,7.365442543713957,1.2154377837499681,-71.10201146158603,5.5015580983937475,3.0433811455210296,0,-7.848902337997474,0.7041944996847369,-96.30510494866401,1.4133437038979508,14.90397862968835,0,15.264569525661564,nan,nan,nan,-2.6905835322361753,nan,nan,nan,0.0,0.0,0.0,0.0,0.0,0.0,0.0,0,0
6167,primary82,-19.975012837338866,0.6623564908622346,-122.15920120885676,32.13108442014788,11.322675933971047,-1.2489188013231916,nan,nan,nan,nan,2,0,0,NOT_IDENTIFIABLE,NOT_IDENTIFIABLE,-24.50659453596968,0.316568018292131,-72.24778056034658,14.577788781697464,2.6453518679420975,0,-15.443431138708055,1.008144963432338,-172.07062185736692,49.68438005859829,19.999999999999996,1,-11.428787568721873,nan,nan,nan,8.93094996607549,nan,nan,nan,0.0,2.0,0.0,0.0,0.0,0.0,0.0,0,1
4386,primary82,-28.470922877700854,0.756522085525051,-135.00664362232163,7.611408102014542,16.85700276466839,-9.7214687458774,nan,nan,nan,nan,2,0,0,NOT_IDENTIFIABLE,NOT_IDENTIFIABLE,-45.66275369597784,0.44626250324543637,-144.3033614794152,12.655355739556686,19.999999999999996,1,-11.279092059423867,1.0667816678046655,-125.70992576522809,2.567460464472397,13.714005529336783,0,-2.002616966631986,nan,nan,nan,-17.440320525122814,nan,nan,nan,2.0,0.0,0.0,0.0,0.0,0.0,0.0,1,0
9807,primary82,-20.981391865017738,0.7491987945717931,-132.78180928733227,17.148359672316673,11.136839167172566,5.083711206742505,nan,nan,nan,nan,2,0,0,NOT_IDENTIFIABLE,NOT_IDENTIFIABLE,-17.47905118028423,1.0567540342684418,-174.22620945323635,23.25166306424339,19.999999999999996,1,-24.483732549751245,0.4416435548751444,-91.33740912142817,11.045056280389954,2.2736783343451337,0,18.835385045949,nan,nan,nan,-8.66796263246399,nan,nan,nan,0.0,0.0,0.0,0.0,0.0,0.0,0.0,0,0
3980,expanded97,-2.8103134551808937,0.26016767336444446,-67.46979158699823,3.9042072329280924,7.042594855751821,42.523666522767726,nan,nan,nan,nan,2,0,0,NOT_IDENTIFIABLE,NOT_IDENTIFIABLE,15.68560163442928,-0.35823192224819617,-29.583471329749838,2.6292111155014943,2.125346274584662,0,-21.306228544791068,0.8785672689770851,-105.35611184424661,5.17920335035469,11.959843436918979,0,120.6051024480994,nan,nan,nan,-35.55776940256394,nan,nan,nan,2.0,1.0,0.0,0.0,0.0,0.0,0.0,2,1
4107,expanded97,25.71509850533245,0.9065328815929617,176.81186509765698,15.59537435801078,19.99999999999998,-10.18624510447939,nan,nan,nan,nan,2,0,0,NOT_IDENTIFIABLE,NOT_IDENTIFIABLE,53.711088047822564,0.7633417846583566,392.1755178425543,15.59537435801078,19.99999999999996,1,-2.2808910371576667,1.049723978527567,-38.55178764724034,nan,19.999999999999996,1,23.939270742202545,nan,nan,nan,-44.311760951161325,nan,nan,nan,0.0,1.0,0.0,0.0,0.0,0.0,0.0,0,1
4640,expanded97,1.1992057834073648,0.626611915799296,-12.846516394171687,14.840249920757367,12.562452105818187,14.838280993425563,nan,nan,nan,nan,2,0,0,NOT_IDENTIFIABLE,NOT_IDENTIFIABLE,-21.45407465793776,0.7286301346260898,-148.84598474107398,13.876426511144519,5.124904211636376,0,23.85248622475249,0.524593696972502,123.1529519527306,15.804073330370215,19.999999999999996,1,-77.97333264484763,nan,nan,nan,107.64989463169876,nan,nan,nan,3.0,0.0,0.0,0.0,0.0,0.0,0.0,2,0
2852,expanded97,9.896441235518777,1.6815715202635657,17.972866919597024,8.398088336427717,11.051317371863389,0.41534170133841997,nan,nan,nan,nan,2,0,0,NOT_IDENTIFIABLE,NOT_IDENTIFIABLE,-4.133220688378799,2.747471773402253,-104.81304036693919,0.08911789822447957,7.165235126810617,0,23.926103159416353,0.6156712671248785,140.75877420613324,16.707058774630955,14.93739961691616,0,-50.709316189392254,nan,nan,nan,51.539999592069094,nan,nan,nan,1.0,0.0,0.0,0.0,0.0,0.0,0.0,1,0
8783,expanded97,7.7580995637460415,0.7826221993550756,24.86944972187095,16.629587445514623,14.513033893537969,10.543783543393976,nan,nan,nan,nan,2,0,0,NOT_IDENTIFIABLE,NOT_IDENTIFIABLE,-11.616675626723197,1.076057362264366,-77.96210405841933,13.413532015549066,19.999999999999996,1,27.13287475421528,0.4891870364457851,127.70100350216123,19.845642875480184,9.02606778707594,0,-5.596357618828914,nan,nan,nan,26.683924705616867,nan,nan,nan,0.0,0.0,0.0,0.0,0.0,0.0,0.0,0,0
3809,expanded97,19.848450695202935,0.96233847216967,90.60593646223082,8.799956014566172,14.652746963612998,0.3496725924374111,nan,nan,nan,nan,2,0,0,NOT_IDENTIFIABLE,NOT_IDENTIFIABLE,-3.040583187541479,1.2458242067463239,-35.678270262069816,-0.027628139520629702,19.999999999999993,1,42.73748457794735,0.6788527375930161,216.89014318653145,17.627540168652974,9.305493927226005,0,-55.803937005620035,nan,nan,nan,56.50328219049486,nan,nan,nan,2.0,0.0,0.0,0.0,0.0,0.0,0.0,2,0
2903,expanded97,3.7602352098270773,0.8294406283684543,-27.755823857540516,8.546920578753301,8.308643337357335,7.615680398029628,nan,nan,nan,nan,2,0,0,NOT_IDENTIFIABLE,NOT_IDENTIFIABLE,-10.462679035837409,1.2088558129763944,-112.50131029147396,2.519725160165713,4.005589832055077,0,17.983149455491564,0.4500254437605142,56.989662576392924,14.57411599734089,12.611696842659592,0,-49.85648964074259,nan,nan,nan,65.08785043680184,nan,nan,nan,1.0,3.0,0.0,0.0,0.0,0.0,0.0,1,2
4476,expanded97,-14.891454160143615,0.6218063442978139,-126.53238286275737,8.623668512964466,5.403530876419614,24.15268526984246,nan,nan,nan,nan,2,0,0,NOT_IDENTIFIABLE,NOT_IDENTIFIABLE,2.4076132655093216,0.4412329262144738,-28.312681496966917,1.4038516674530044,3.500626938423079,0,-32.19052158579655,0.802379762381154,-224.75208422854783,15.843485358475927,7.30643481441615,0,89.45045498497942,nan,nan,nan,-41.14508444529449,nan,nan,nan,2.0,4.0,0.0,0.0,0.0,0.0,0.0,2,4
8365,expanded97,17.761981102182418,0.535816320814495,51.42298788185581,5.683999004203583,9.888417292722432,20.236415557432977,nan,nan,nan,nan,2,0,0,NOT_IDENTIFIABLE,NOT_IDENTIFIABLE,46.356528556664486,0.37636783540760177,165.62820762785347,2.739164803464785,7.233442766791646,0,-10.832566352299647,0.6952648062213884,-62.78223186414185,8.628833204942381,12.543391818653218,0,59.62054160513412,nan,nan,nan,-19.147710490268164,nan,nan,nan,3.0,5.0,0.0,0.0,0.0,0.0,0.0,3,5
7861,expanded97,0.8757669043943244,0.7390102228953419,29.039751654837175,1.671887211755461,16.805710690971758,1.7788926005857095,nan,nan,nan,nan,2,0,0,NOT_IDENTIFIABLE,NOT_IDENTIFIABLE,13.598750920294565,0.7214967575559268,165.15106139008907,2.61421622317798,19.999999999986418,1,-11.847217111505916,0.7565236882347569,-107.07155808041472,0.7295582003329422,13.611421381957094,0,10.955671003920415,nan,nan,nan,-7.397885802748996,nan,nan,nan,1.0,2.0,0.0,0.0,0.0,0.0,0.0,1,2
9978,expanded97,-9.976530990908914,0.8412941172609325,-102.09962884389483,13.069223556381818,14.265585462808431,-1.4680990618068233,nan,nan,nan,nan,2,0,0,NOT_IDENTIFIABLE,NOT_IDENTIFIABLE,3.716498486552792,1.0767159626341523,-66.87487981859772,14.863062272480544,19.999999999999996,1,-23.66956046837062,0.6058722718877128,-137.32437786919195,11.275384840283092,8.531170925616864,0,20.829954445703866,nan,nan,nan,-23.766152569317512,nan,nan,nan,2.0,12.0,0.0,0.0,0.0,0.0,0.0,2,8
615,expanded97,20.237279062007687,0.8668865239951928,181.00546764029798,8.579941483692787,13.570208202795055,-7.50580297831069,nan,nan,nan,nan,2,0,0,NOT_IDENTIFIABLE,NOT_IDENTIFIABLE,-10.289466643936889,1.0286527547285116,-73.72175938544135,2.0678557391468892,19.999999999999996,1,50.764024767952264,0.7051202932618741,435.7326946660373,15.092027228238685,7.140416405590114,0,-23.500247642029315,nan,nan,nan,8.488641685407934,nan,nan,nan,0.0,0.0,0.0,0.0,0.0,0.0,0.0,0,0
6955,expanded97,7.128605334201058,0.6572643549940104,56.71055689643296,18.261566990488653,19.999999999999996,17.71538978384913,nan,nan,nan,nan,2,0,0,NOT_IDENTIFIABLE,NOT_IDENTIFIABLE,41.6408308377862,0.7475957074632393,311.51639492638867,22.618293961109483,19.999999999999996,1,-27.38362016938408,0.5669330025247814,-198.09528113352275,13.90484001986782,19.999999999999996,1,87.62329298855127,nan,nan,nan,-52.19251342085301,nan,nan,nan,0.0,0.0,0.0,0.0,0.0,0.0,0.0,0,0
6113,expanded97,-0.30735245366740216,0.7298201060864506,11.467420809196298,4.8500280955500905,14.921503275770748,21.372716060384434,nan,nan,nan,nan,2,0,0,NOT_IDENTIFIABLE,NOT_IDENTIFIABLE,33.315183010417684,0.6270590377667347,205.23444597250898,5.516804892259515,9.8430065515415,0,-33.92988791775249,0.8325811744061665,-182.29960435411638,4.183251298840666,19.999999999999996,1,82.79781378450241,nan,nan,nan,-40.05238166373354,nan,nan,nan,1.0,3.0,0.0,0.0,0.0,0.0,0.0,1,3
6236,expanded97,-7.875577508533352,0.9645271412947387,-69.41781083623773,16.52409427848296,17.413478928069708,3.181297050626611,nan,nan,nan,nan,2,0,0,NOT_IDENTIFIABLE,NOT_IDENTIFIABLE,-30.918361049950036,0.8957397210778497,-292.57569188879165,16.453455722843632,19.99999999999999,1,15.167206032883332,1.0333145615116277,153.74007021631618,16.594732834122286,14.82695785613943,0,-17.690613070475532,nan,nan,nan,24.053207171728754,nan,nan,nan,0.0,0.0,0.0,0.0,0.0,0.0,0.0,0,0
6840,expanded97,-0.8734966570631748,0.9230079841618775,6.2346677593172615,13.913695147649397,18.20749443970319,7.41459033953662,nan,nan,nan,nan,2,0,0,NOT_IDENTIFIABLE,NOT_IDENTIFIABLE,-33.990169237228116,0.8838221836894669,-278.67677338772677,10.926225772484258,19.999999999999996,1,32.24317592310177,0.962193784634288,291.1461089063613,16.901164522814536,16.414988879406383,0,-44.068037016167764,nan,nan,nan,58.897217695241004,nan,nan,nan,3.0,2.0,1.0,0.3333333333333333,1.0,0.0,0.16666666666666666,2,2
1799,expanded97,1.8425401608617946,0.788866858872731,-26.006950339116372,13.198742592187095,14.820882544106919,27.71414884059793,nan,nan,nan,nan,2,0,0,NOT_IDENTIFIABLE,NOT_IDENTIFIABLE,45.04456287547563,0.7201016044001475,305.97341455942285,8.626142051587799,12.7075184254831,0,-41.35948255375204,0.8576321133453144,-357.9873152376556,17.77134313278639,16.934246662730736,0,68.29465688735557,nan,nan,nan,-12.866359206159714,nan,nan,nan,0.0,0.0,0.0,0.0,0.0,0.0,0.0,0,0
8913,expanded97,3.528245936245444,0.8454869453387822,125.89025205191922,9.922148825854542,15.655058479792519,2.709802560894439,nan,nan,nan,nan,2,0,0,NOT_IDENTIFIABLE,NOT_IDENTIFIABLE,22.74809752645134,0.9566640353489204,344.64923444054796,4.285271726773509,19.999999999999996,1,-15.691605653960451,0.734309855328644,-92.86873033670952,15.559025924935575,11.310116959585043,0,21.337004732346518,nan,nan,nan,-15.91739961055764,nan,nan,nan,0.0,0.0,0.0,0.0,0.0,0.0,0.0,0,0
4473,expanded97,-1.6341317052378974,0.565434258163437,-32.05992453696729,10.019950618660259,11.250210444497554,64.91028459795982,nan,nan,nan,nan,2,0,0,NOT_IDENTIFIABLE,NOT_IDENTIFIABLE,11.860381622413673,0.3760663021316614,43.48311813256353,1.7026293245849153,2.5004208889952158,0,-15.128645032889468,0.7548022141952125,-107.6029672064981,18.337271912735602,19.999999999999893,1,174.96608576843772,nan,nan,nan,-45.1455165725181,nan,nan,nan,0.0,0.0,0.0,0.0,0.0,0.0,0.0,0,0
8479,expanded97,11.37648563494254,0.6999899720649408,-24.63953047737499,3.204149789132803,12.074207142715906,27.422517966206627,nan,nan,nan,nan,2,0,0,NOT_IDENTIFIABLE,NOT_IDENTIFIABLE,-29.974191128781314,0.9332220843587419,-257.3689777553257,3.95348577968446,19.999999999999996,1,52.727162398666394,0.46675785977113987,208.08991680057574,2.454813798581146,4.148414285431816,0,-3.8564201867029757,nan,nan,nan,58.70145611911623,nan,nan,nan,4.0,0.0,0.0,0.0,0.0,0.0,0.0,3,0
8042,expanded97,10.061126259130392,0.5563299884989283,-22.13605917196621,6.013022900179607,12.729598903175248,31.21889080626958,nan,nan,nan,nan,2,0,0,NOT_IDENTIFIABLE,NOT_IDENTIFIABLE,-21.784333229732976,0.9013847511332704,-125.57941662227941,9.397765298291713,19.999999999999996,1,41.90658574799376,0.21127522586458616,81.30729827834699,2.6282805020675006,5.4591978063505,0,0.410911890823233,nan,nan,nan,62.026869721715926,nan,nan,nan,1.0,0.0,0.0,0.0,0.0,0.0,0.0,1,0
4967,expanded97,11.058484626118675,0.7849821470360652,76.35991405613673,11.633934823457496,19.999999999999922,2.9268498986534865,nan,nan,nan,nan,2,0,0,NOT_IDENTIFIABLE,NOT_IDENTIFIABLE,33.32763362489378,0.8628513993243685,261.40263796688924,16.698821412043976,19.999999999999996,1,-11.210664372656428,0.7071128947477618,-108.68280985461578,6.5690482348710155,19.999999999999844,1,27.482158602352325,nan,nan,nan,-21.62845880504535,nan,nan,nan,2.0,0.0,0.0,0.0,0.0,0.0,0.0,1,0
8802,expanded97,-8.67320566945169,0.9873646412787886,-123.565671199708,10.122654861394327,13.020630974340987,39.27662803762401,nan,nan,nan,nan,2,0,0,NOT_IDENTIFIABLE,NOT_IDENTIFIABLE,-52.70183012951155,1.0115141206362,-496.2146642244201,15.596682234799083,19.999999999999996,1,35.35541879060817,0.9632151619213772,249.0833218250041,4.648627487989572,6.041261948681977,0,-3.7065128753844787,nan,nan,nan,82.25976895063249,nan,nan,nan,2.0,0.0,0.0,0.0,0.0,0.0,0.0,2,0
4834,expanded97,9.32107599041668,0.7366018962817866,-11.56383896614848,6.063427276519519,12.998750521247393,6.444517149015635,nan,nan,nan,nan,2,0,0,NOT_IDENTIFIABLE,NOT_IDENTIFIABLE,-35.25579548279202,0.8510580636403663,-267.9019813937439,5.0943983031654945,19.999999999999996,1,53.89794746362538,0.622145728923207,244.77430346144692,7.032456249873544,5.997501042494789,0,-32.23415785687527,nan,nan,nan,45.12319215490654,nan,nan,nan,0.0,1.0,0.0,0.0,0.0,0.0,0.0,0,1
6866,expanded97,27.091899623787686,0.7913459324927825,130.45530479921672,9.320200134283615,12.30799930367386,7.042693054548947,nan,nan,nan,nan,2,0,0,NOT_IDENTIFIABLE,NOT_IDENTIFIABLE,67.27717292997167,0.5936670845677705,378.1531008035411,8.435306107075348,8.522726932231807,0,-13.0933736823963,0.9890247804177945,-117.24249120510771,10.205094161491882,16.093271675115915,0,22.89626584821682,nan,nan,nan,-8.810879739118928,nan,nan,nan,1.0,1.0,0.0,0.0,0.0,0.0,0.0,1,1
9424,expanded97,10.201272550596995,0.13756560618501454,42.947564136818585,11.756402367896769,6.0993127844047486,11.51345147005792,nan,nan,nan,nan,2,0,0,NOT_IDENTIFIABLE,NOT_IDENTIFIABLE,-18.612469408894587,0.01850153778176359,-6.337876908579737,11.88722552313768,5.438434736542498,0,39.01501451008858,0.25662967458826547,92.23300518221691,11.625579212655857,6.760190832267,0,-20.678793182452544,nan,nan,nan,43.70569612256838,nan,nan,nan,4.0,0.0,0.0,0.0,0.0,0.0,0.0,4,0
4219,expanded97,-10.859774447941263,0.649802067479465,-164.06500053563815,6.860983809535751,11.06141848552344,47.87300990007162,nan,nan,nan,nan,2,0,0,NOT_IDENTIFIABLE,NOT_IDENTIFIABLE,8.606335336373386,0.40556027484433615,-59.606549413543384,0.3059356512027023,11.899395608437406,0,-30.32588423225591,0.8940438601145938,-268.5234516577329,13.4160319678688,10.223441362609476,0,137.35568817510077,nan,nan,nan,-41.60966837495752,nan,nan,nan,3.0,1.0,1.0,0.3333333333333333,1.0,0.0,0.3333333333333333,3,1
6747,expanded97,15.697249366732894,0.676390289801557,123.47575073133613,17.660081732402674,19.10785218568193,19.219649098254727,nan,nan,nan,nan,2,0,0,NOT_IDENTIFIABLE,NOT_IDENTIFIABLE,60.510794655056316,0.5540468543905609,492.24053396533503,21.4935325293855,18.215704371363866,0,-29.116295921590527,0.798733725212553,-245.28903250266276,13.826630935419846,19.999999999999996,1,92.08264716013322,nan,nan,nan,-53.643348963623765,nan,nan,nan,2.0,0.0,0.0,0.0,0.0,0.0,0.0,1,0
4241,expanded97,-4.6782732328785235,0.5488399350957897,-88.73538056459816,14.641439156277396,12.622635738649251,8.025968814824285,nan,nan,nan,nan,2,0,0,NOT_IDENTIFIABLE,NOT_IDENTIFIABLE,-24.92194276564116,0.8728983024493474,-204.83809931597187,9.497809141786082,5.245271477298539,0,15.565396299884112,0.22478156774223187,27.367338186775555,19.78506917076871,19.99999999999996,1,-62.999130602180536,nan,nan,nan,79.0510682318291,nan,nan,nan,3.0,0.0,0.0,0.0,0.0,0.0,0.0,3,0
4323,expanded97,15.993990713770897,0.38802987931768285,14.085275161412874,2.97685184668396,3.5851016320306544,18.777105641164766,nan,nan,nan,nan,2,0,0,NOT_IDENTIFIABLE,NOT_IDENTIFIABLE,-13.758886155554041,0.3912746239338881,-43.83580742484054,3.714333137050229,2.721423273244495,0,45.746867583095835,0.3847851347014775,72.00635774766629,2.2393705563176916,4.4487799908168135,0,-49.94060629974136,nan,nan,nan,87.4948175820709,nan,nan,nan,1.0,5.0,0.0,0.0,0.0,0.0,0.0,1,2
3997,expanded97,-2.410380763448588,0.7257682205908373,-21.45484390132951,5.272374103845504,8.182175727153762,0.025318953150943457,nan,nan,nan,nan,2,0,0,NOT_IDENTIFIABLE,NOT_IDENTIFIABLE,-14.616791638934485,0.5390038218728148,-64.35435473018538,2.239246993300732,2.646089383192846,0,9.79603011203731,0.91253261930886,21.444666927526356,8.305501214390276,13.718262071114678,0,-51.62290035174462,nan,nan,nan,51.673538258046506,nan,nan,nan,2.0,0.0,0.0,0.0,0.0,0.0,0.0,2,0
4548,expanded97,7.369340789946067,0.41870111114172226,10.786243516140246,4.987262589692982,11.165385417330413,50.48945077001928,nan,nan,nan,nan,2,0,0,NOT_IDENTIFIABLE,NOT_IDENTIFIABLE,26.922815773151854,0.24423839852312051,71.33012684790069,0.7607223741604301,2.330770834660827,0,-12.18413419325972,0.593163823760324,-49.757639815620195,9.213802805225534,19.999999999999996,1,137.7566132203451,nan,nan,nan,-36.777711680306524,nan,nan,nan,0.0,4.0,0.0,0.0,0.0,0.0,0.0,0,4
6927,expanded97,12.591058131350444,0.7217937515917189,107.05961770310294,19.50458572669512,19.48625464881733,4.279987085965196,nan,nan,nan,nan,2,0,0,NOT_IDENTIFIABLE,NOT_IDENTIFIABLE,-31.624026237982193,0.6234525953111103,-214.86296104487522,24.577060379119175,19.99999999998782,1,56.80614250068308,0.8201349078723275,428.9821964510811,14.432111074271063,18.972509297646837,0,-59.337162190176784,nan,nan,nan,67.89713636210718,nan,nan,nan,0.0,1.0,0.0,0.0,0.0,0.0,0.0,0,1
6762,expanded97,58.78697989787513,0.7463484937209144,366.43811197956666,3.3502490494993395,14.900842084970357,78.35225280886453,nan,nan,nan,nan,2,0,0,NOT_IDENTIFIABLE,NOT_IDENTIFIABLE,-34.98118842875803,0.909873021924171,-318.85555514152105,-1.1551027109826997,19.999999999999996,1,152.5551482245083,0.5828239655176579,1051.7317791006544,7.855600809981379,9.801684169940716,0,-81.55881834606835,nan,nan,nan,238.26332396379743,nan,nan,nan,0.0,8.0,0.0,0.0,0.0,0.0,0.0,0,5
3862,expanded97,21.977567451109707,0.7308878456113754,39.88674667499845,4.323351211342848,7.090899511258959,23.23522867356592,nan,nan,nan,nan,2,0,0,NOT_IDENTIFIABLE,NOT_IDENTIFIABLE,-8.024351123680756,0.97198550623142,-75.08443818186814,2.1533619314448167,8.080111067671599,0,51.979486025900165,0.4897901849913308,154.85793153186503,6.493340491240879,6.1016879548463185,0,-52.57172587261647,nan,nan,nan,99.04218321974831,nan,nan,nan,1.0,1.0,0.0,0.0,0.0,0.0,0.0,1,1
476,expanded97,9.123302352656218,0.8811974287047751,67.86350367056322,8.901721487668306,11.613682446354618,4.97069872445687,nan,nan,nan,nan,2,0,0,NOT_IDENTIFIABLE,NOT_IDENTIFIABLE,-18.07621114548897,0.8939991850765705,-155.51810373783357,12.894546824263859,11.1056945195395,0,36.322815850801405,0.8683956723329798,291.24511107896,4.908896151072753,12.121670373169737,0,-15.088437637092461,nan,nan,nan,25.0298350860062,nan,nan,nan,1.0,0.0,0.0,0.0,0.0,0.0,0.0,1,0
665,expanded97,3.217595844254838,0.6723997780608433,-34.022355053972916,3.335569884718872,9.722971253161859,-4.309147639572801,nan,nan,nan,nan,2,0,0,NOT_IDENTIFIABLE,NOT_IDENTIFIABLE,-15.281865467338378,0.8610806757812114,-125.4504457478581,2.932080621479898,11.145869890847472,0,21.717057155848053,0.48371888034047517,57.405735639912265,3.739059147957846,8.300072615476244,0,-13.460819098340693,nan,nan,nan,4.842523819195091,nan,nan,nan,1.0,0.0,0.0,0.0,0.0,0.0,0.0,1,0
785,expanded97,6.979893650814448,0.8930233785383189,-16.346912214972434,3.520284152182345,13.124609329119178,20.6103554205615,nan,nan,nan,nan,2,0,0,NOT_IDENTIFIABLE,NOT_IDENTIFIABLE,32.19401926480862,0.6386307931596138,172.52336343776378,2.409243484232075,6.249218658238361,0,-18.23423196317972,1.147415963917024,-205.21718786770865,4.631324820132615,19.999999999999996,1,37.56931610933756,nan,nan,nan,3.651394731785446,nan,nan,nan,2.0,7.0,0.0,0.0,0.0,0.0,0.0,1,4
4326,expanded97,-6.942157072410975,1.3581390470142842,-30.795778677083316,3.933009134692753,11.479245554566853,-1.1712305523483355,nan,nan,nan,nan,2,0,0,NOT_IDENTIFIABLE,NOT_IDENTIFIABLE,-1.1978044842171496,2.4857851604346135,-11.212253384828145,0.3213870893363868,19.99999999953974,1,-12.6865096606048,0.23049293359395476,-50.37930396933849,7.5446311800491195,2.9584911095939668,0,12.614107942577483,nan,nan,nan,-14.956569047274154,nan,nan,nan,0.0,0.0,0.0,0.0,0.0,0.0,0.0,0,0
1928,expanded97,1.3013765661869705,0.8352207186750644,6.69270786898101,4.470745500303202,3.8042704972285977,0.5384409198133429,nan,nan,nan,nan,2,0,0,NOT_IDENTIFIABLE,NOT_IDENTIFIABLE,-12.596770711956667,1.1656536821658925,-67.75043092082133,4.564655544939669,5.396112689418102,0,15.199523844330608,0.5047877551842364,81.13584665878335,4.376835455666736,2.212428305039094,0,-6.745442379877116,nan,nan,nan,7.822324219503802,nan,nan,nan,2.0,0.0,0.0,0.0,0.0,0.0,0.0,2,0
5442,expanded97,33.63053919087628,0.10340693413186275,87.26126089870472,12.873037279366462,12.464179997114922,62.98046671432381,nan,nan,nan,nan,2,0,0,NOT_IDENTIFIABLE,NOT_IDENTIFIABLE,106.94406306345401,-0.4692257854643269,427.0221505197906,9.039377106110596,4.928359994229854,0,-39.68298468170146,0.6760396537280524,-252.49962872238117,16.70669745262233,19.99999999999999,1,162.78485940633567,nan,nan,nan,-36.82392597768804,nan,nan,nan,3.0,2.0,1.0,0.25,1.0,0.0,0.16666666666666666,3,2
3503,expanded97,18.171697878280835,0.7404861189771768,62.01595217001389,3.598412594902122,10.688849982757482,-7.098141558574306,nan,nan,nan,nan,2,0,0,NOT_IDENTIFIABLE,NOT_IDENTIFIABLE,13.213460000730048,0.9369566541786082,16.590350413473107,-0.7568239236889731,1.3776999655149664,0,23.12993575583162,0.5440155837757452,107.44155392655468,7.953649113493217,19.999999999999996,1,-21.5531607693282,nan,nan,nan,7.356877652179589,nan,nan,nan,1.0,1.0,0.0,0.0,0.0,0.0,0.0,1,1
8311,expanded97,12.964288675551302,0.7287152774833808,-24.71522264289418,6.012172334242944,13.736663471410656,21.010733168076868,nan,nan,nan,nan,2,0,0,NOT_IDENTIFIABLE,NOT_IDENTIFIABLE,35.42826400772027,0.7558437967884645,41.613569054136,6.094733109669683,7.473326942821315,0,-9.499686656617671,0.7015867581782972,-91.04401433992436,5.929611558816205,19.999999999999996,1,43.536763741800534,nan,nan,nan,-1.5152974056467983,nan,nan,nan,0.0,0.0,0.0,0.0,0.0,0.0,0.0,0,0
2234,expanded97,17.551468609123248,0.5988871896467195,153.87779853966498,7.894935680833706,10.850817301243037,-0.39930844529584064,nan,nan,nan,nan,2,0,0,NOT_IDENTIFIABLE,NOT_IDENTIFIABLE,-0.6153199944487547,0.32775655313082425,-58.029371563418685,2.4405124704095584,12.536287803075142,0,35.71825721269525,0.8700178261626148,365.78496864274865,13.349358891257854,9.165346799410932,0,-29.221892908477308,nan,nan,nan,28.423276017885627,nan,nan,nan,1.0,0.0,0.0,0.0,0.0,0.0,0.0,1,0
2939,expanded97,8.054261635410555,5.987267612015119,108.92773387739335,5.107309526525558,13.924567232804328,6.195928720031837,nan,nan,nan,nan,2,0,0,NOT_IDENTIFIABLE,NOT_IDENTIFIABLE,0.35115704029654005,11.190764043056278,95.35800063844749,4.125411780625832,19.999999999999993,1,15.75736623052457,0.7837711809739597,122.49746711633921,6.089207272425284,7.849134465608666,0,-18.57475177059662,nan,nan,nan,30.966609210660295,nan,nan,nan,4.0,1.0,0.0,0.0,0.0,0.0,0.0,2,1
5222,expanded97,35.26599126652674,0.7150927848715578,133.08063076993676,7.730596171124665,12.950749509829857,31.596092336533296,nan,nan,nan,nan,2,0,0,NOT_IDENTIFIABLE,NOT_IDENTIFIABLE,-28.385350568330296,0.9265353828724641,-302.7830757093716,9.800196063547943,19.999999999999996,1,98.91733310138378,0.5036501868706514,568.9443372492451,5.660996278701386,5.901499019659717,0,-51.86871954347971,nan,nan,nan,115.0609042165463,nan,nan,nan,1.0,0.0,0.0,0.0,0.0,0.0,0.0,1,0
1308,expanded97,-2.4743217105331503,0.7727991798724949,-72.06561587858984,11.365157171381366,19.999999999999794,27.240169812769395,nan,nan,nan,nan,2,0,0,NOT_IDENTIFIABLE,NOT_IDENTIFIABLE,27.929537512480273,0.6017879533710997,151.9375713214649,12.345714312536742,19.999999999999588,1,-32.878180933546574,0.94381040637389,-296.0688030786446,10.38460003022599,19.999999999999996,1,62.77535794416414,nan,nan,nan,-8.29501831862535,nan,nan,nan,1.0,12.0,0.0,0.0,0.0,0.0,0.0,1,8
4361,expanded97,31.466737650841203,1.1075786453654928,213.2829125772235,10.277417115240876,13.24654093149446,-5.23059000123941,nan,nan,nan,nan,2,0,0,NOT_IDENTIFIABLE,NOT_IDENTIFIABLE,2.7603398782707407,1.5052889129333156,9.453685124129624,0.07446216437676156,19.999999999874703,1,60.173135423411665,0.7098683777976698,417.1121400303174,20.48037206610499,6.493081863114216,0,-45.60457137323237,nan,nan,nan,35.14339137075355,nan,nan,nan,0.0,0.0,0.0,0.0,0.0,0.0,0.0,0,0
5167,expanded97,6.681683579890013,0.7497232405195511,151.86219925614816,9.21691258628661,12.043616835018343,-10.502210114925404,nan,nan,nan,nan,2,0,0,NOT_IDENTIFIABLE,NOT_IDENTIFIABLE,-16.057305976312794,0.7942411367337501,-30.60838143051558,4.065681118490776,4.087233670036688,0,29.42067313609282,0.7052053443053521,334.3327799428119,14.368144054082443,19.999999999999996,1,-39.90115062675405,nan,nan,nan,18.896730396903244,nan,nan,nan,1.0,0.0,0.0,0.0,0.0,0.0,0.0,1,0
12418,expanded97,1.5741620243275332,0.14695527440388947,-67.82612077090738,7.975558203060199,11.282774364587342,20.070334677556055,nan,nan,nan,nan,2,0,0,NOT_IDENTIFIABLE,NOT_IDENTIFIABLE,-17.088842954760185,-0.39814926631182884,-239.23666561610048,11.402505118699889,19.99999999999558,1,20.23716700341525,0.6920598151196078,103.58442407428574,4.54861128742051,2.5655487291791026,0,-1.7995311224989825,nan,nan,nan,41.94020047761109,nan,nan,nan,0.0,0.0,0.0,0.0,0.0,0.0,0.0,0,0
2218,expanded97,20.307643451474213,0.9561279299509859,120.53002215008392,9.65487577229668,5.469556800244485,2.16729234486694,nan,nan,nan,nan,2,0,0,NOT_IDENTIFIABLE,NOT_IDENTIFIABLE,-0.788491952259044,1.2313836670140448,11.924155373445565,0.3112155957281395,0.5000000000002418,1,41.40377885520747,0.6808721928879271,229.1358889267223,18.99853594886522,10.439113600488728,0,-10.160970886850663,nan,nan,nan,14.495555576584543,nan,nan,nan,3.0,0.0,0.0,0.0,0.0,0.0,0.0,2,0
4903,expanded97,1.8752775683761858,0.8293779201737121,12.01730354950115,7.181582311272525,10.871339554150952,0.7295423611288729,nan,nan,nan,nan,2,0,0,NOT_IDENTIFIABLE,NOT_IDENTIFIABLE,-20.923934911319417,0.8889154235694803,-155.7286839387205,2.908153147699476,12.079509072252192,0,24.67449004807179,0.7698404167779439,179.7632910377228,11.455011474845573,9.663170036049712,0,-16.1344757353282,nan,nan,nan,17.593560457585944,nan,nan,nan,1.0,2.0,0.0,0.0,0.0,0.0,0.0,1,2
5658,expanded97,-16.853003711881044,0.7296316353774924,-131.2040317510199,17.16025589418429,13.709639117168665,-0.8014767157725036,nan,nan,nan,nan,2,0,0,NOT_IDENTIFIABLE,NOT_IDENTIFIABLE,-21.782572062865345,0.6412251833737395,-132.23841148790206,12.180549021495398,7.419278234337361,0,-11.923435360896743,0.8180380873812454,-130.16965201413777,22.13996276687318,19.999999999999968,1,-11.394061700589,nan,nan,nan,9.791108269043994,nan,nan,nan,2.0,1.0,0.0,0.0,0.0,0.0,0.0,2,1
8348,expanded97,-9.431663042693987,0.0880437629344417,21.220857207522997,6.00577498905535,2.4702408619566403,0.7543373427704703,nan,nan,nan,nan,2,0,0,NOT_IDENTIFIABLE,NOT_IDENTIFIABLE,-2.278008003627228,0.03787704426222074,5.656678398094941,0.2988848810236888,3.4389873130099056,0,-16.585318081760747,0.13821048160666266,36.785036016951054,11.712665097087012,1.5014944109033748,0,5.959059153966871,nan,nan,nan,-4.450384468425931,nan,nan,nan,3.0,2.0,0.0,0.0,0.0,0.0,0.0,1,2
5164,expanded97,-6.925180400798222,0.3918715233252675,-1.2073653491349212,3.428355615172629,1.6490755925868248,-8.014090515580289,nan,nan,nan,nan,2,0,0,NOT_IDENTIFIABLE,NOT_IDENTIFIABLE,7.218994482298235,0.5946282627837105,51.06676410909633,0.3401401219690392,1.5958559463283155,0,-21.06935528389468,0.18911478386682445,-53.481494807366175,6.516571108376219,1.702295238845334,0,5.73229732127775,nan,nan,nan,-21.760478352438327,nan,nan,nan,4.0,4.0,0.0,0.0,0.0,0.0,0.0,3,4
9276,expanded97,-7.755578444808858,0.8557316782627119,-73.05131715743562,2.4850537983154535,1.6823991052666418,-5.103475545274289,nan,nan,nan,nan,2,0,0,NOT_IDENTIFIABLE,NOT_IDENTIFIABLE,3.6874850930510057,1.059555610222149,-19.275789331433153,0.007372589219816206,1.0328189718696485,0,-19.198641982668722,0.6519077463032747,-126.8268449834381,4.962735007411091,2.331979238663635,0,4.534034538543887,nan,nan,nan,-14.740985629092465,nan,nan,nan,2.0,3.0,0.0,0.0,0.0,0.0,0.0,2,2
1252,expanded97,2.8149768161070696,1.4030070144571116,-15.486512041389688,3.3678013576602623,10.227244730615432,2.6446914505743333,nan,nan,nan,nan,2,0,0,NOT_IDENTIFIABLE,NOT_IDENTIFIABLE,0.033683477705613196,1.9018249772598506,-108.39395971954171,0.1719116527199951,12.223460832691186,0,5.596270154508526,0.9041890516543727,77.42093563676234,6.56369106260053,8.231028628539677,0,1.1455209733956377,nan,nan,nan,4.143861927753029,nan,nan,nan,1.0,0.0,0.0,0.0,0.0,0.0,0.0,1,0
5710,expanded97,0.6588989727048227,0.6573413690167789,17.61366285629638,-6.710262014353283,19.999999999999996,1.9543269989199712,nan,nan,nan,nan,2,0,0,NOT_IDENTIFIABLE,NOT_IDENTIFIABLE,-5.952567996054101,0.9568324599560345,-11.634642955999997,-31.702113904603216,19.999999999999996,1,7.270365941463746,0.35785027807752334,46.86196866859276,18.28158987589665,19.999999999999996,1,0.8673681853167468,nan,nan,nan,3.0412858125231956,nan,nan,nan,0.0,1.0,0.0,0.0,0.0,0.0,0.0,0,1
7903,expanded97,-18.001600061843106,0.9160935219213503,-184.23926766835146,7.105383258596197,12.267176303664657,16.85154743375182,nan,nan,nan,nan,2,0,0,NOT_IDENTIFIABLE,NOT_IDENTIFIABLE,-44.65581480296005,0.7079931044769936,-330.77067198746437,8.599091588759077,19.999999999999943,1,8.65261467927384,1.124193939365707,-37.707863349238536,5.611674928433317,4.534352607329372,0,-4.984684674131369,nan,nan,nan,38.687779541635,nan,nan,nan,4.0,0.0,0.0,0.0,0.0,0.0,0.0,1,0
1234,expanded97,-4.286491016093688,0.9931592110115699,-7.807275176409306,5.413211533148884,19.528558772121094,3.22027769243825,nan,nan,nan,nan,2,0,0,NOT_IDENTIFIABLE,NOT_IDENTIFIABLE,-14.120637863331574,0.9160874559864597,-139.08788421624692,9.452148562017431,19.05711754424219,0,5.547655831144198,1.0702309660366802,123.47333386342831,1.3742745042803364,19.999999999999996,1,-22.238962035283002,nan,nan,nan,28.679517420159502,nan,nan,nan,2.0,1.0,0.0,0.0,0.0,0.0,0.0,2,1
7529,expanded97,-13.571276488792156,1.0247428078814274,-82.34271071833015,1.2460219993316528,17.24607237625132,-3.41943880070463,nan,nan,nan,nan,2,0,0,NOT_IDENTIFIABLE,NOT_IDENTIFIABLE,-18.831233985608172,0.7662807742987601,-182.3123819433769,2.252426788739477,19.999999999999996,1,-8.31131899197614,1.2832048414640944,17.626960506716593,0.2396172099238285,14.49214475250264,0,-3.992588939525742,nan,nan,nan,-2.846288661883518,nan,nan,nan,1.0,0.0,0.0,0.0,0.0,0.0,0.0,1,0
4780,expanded97,-1.4899354400654605,0.8094877908267758,-66.08539902513287,12.9209286330317,14.079221081180787,-4.450080085048295,nan,nan,nan,nan,2,0,0,NOT_IDENTIFIABLE,NOT_IDENTIFIABLE,-11.254451624959138,1.6292041675621014,-130.86796430579778,16.971631594303926,8.158442162361657,0,8.274580744828217,-0.01022858590854987,-1.30283374446795,8.870225671759474,19.99999999999992,1,7.422262479704315,nan,nan,nan,-16.322422649800906,nan,nan,nan,1.0,0.0,0.0,0.0,0.0,0.0,0.0,1,0
11692,expanded97,-0.8646540548576164,-0.8821469431514106,6.109051282393553,0.08391880307533661,3.0994450469744406,-4.601405589325973,nan,nan,nan,nan,2,0,0,NOT_IDENTIFIABLE,NOT_IDENTIFIABLE,0.1751818966845362,0.03061814379646271,3.926934095374137,0.07231343624847852,3.7476727132518026,0,-1.904490006399769,-1.794912030099284,8.29116846941297,0.0955241699021947,2.451217380697079,0,-3.1853774533636923,nan,nan,nan,-6.017433725288252,nan,nan,nan,1.0,0.0,0.0,0.0,0.0,0.0,0.0,1,0
9214,expanded97,3.2015856379456564,0.8228410162299671,-39.07231684821622,1.5470242781481218,9.070131650942166,-3.456219356359771,nan,nan,nan,nan,2,0,0,NOT_IDENTIFIABLE,NOT_IDENTIFIABLE,10.228666854213866,0.9013699072157207,-78.6118868399831,0.5736045901237468,6.225799845153095,0,-3.8254955783225535,0.7443121252442135,0.4672531435506615,2.520443966172497,11.914463456731237,0,3.061596501478636,nan,nan,nan,-9.974035214198178,nan,nan,nan,0.0,2.0,0.0,0.0,0.0,0.0,0.0,0,1
9933,expanded97,-11.634994496587943,1.27811103645259,-87.294333522746,17.273151620807212,19.999999999999964,11.758188523957372,nan,nan,nan,nan,2,0,0,NOT_IDENTIFIABLE,NOT_IDENTIFIABLE,-13.246795126339467,1.1763680445515061,-149.5134665833773,15.988644376451969,19.999999999999996,1,-10.023193866836419,1.379854028353674,-25.075200462114708,18.557658865162455,19.999999999999932,1,3.929043424350731,nan,nan,nan,19.587333623564014,nan,nan,nan,0.0,0.0,0.0,0.0,0.0,0.0,0.0,0,0
9958,expanded97,-11.854721892134265,-0.04882581867612998,7.377210095272732,7.544846592268785,1.6500257678682662,-12.778383989801757,nan,nan,nan,nan,2,0,0,NOT_IDENTIFIABLE,NOT_IDENTIFIABLE,-12.616595964265992,0.24559060449687753,22.927215829746466,2.848073468899887,1.6188647308798514,0,-11.092847820002536,-0.3432422418491375,-8.172795639201002,12.241619715637682,1.681186804856681,0,-20.86687534319873,nan,nan,nan,-4.689892636404785,nan,nan,nan,2.0,0.0,0.0,0.0,0.0,0.0,0.0,1,0
11550,expanded97,14.010975246111578,0.7503369991350339,199.30921734226496,12.214332472832957,19.999999999997428,15.236214936361977,nan,nan,nan,nan,2,0,0,NOT_IDENTIFIABLE,NOT_IDENTIFIABLE,46.27895187797717,1.0694891197568372,450.64417331101924,6.596759658794188,19.99999999999486,1,-18.257001385754016,0.43118487851323056,-52.0257386264893,17.831905286871727,19.999999999999996,1,54.655253698942815,nan,nan,nan,-24.18282382621886,nan,nan,nan,0.0,1.0,0.0,0.0,0.0,0.0,0.0,0,1
1587,expanded97,-6.1299844593225785,0.4148307095305595,0.2900404511368393,5.887149732688261,2.643933269394908,-7.804828760936581,nan,nan,nan,nan,2,0,0,NOT_IDENTIFIABLE,NOT_IDENTIFIABLE,11.21187061486518,0.31573688753725204,67.57240029765735,2.2309623189683094,1.8567604555140949,0,-23.471839533510337,0.513924531523867,-66.99231939538367,9.543337146408213,3.4311060832757203,0,3.631782420673401,nan,nan,nan,-19.241439942546563,nan,nan,nan,0.0,2.0,0.0,0.0,0.0,0.0,0.0,0,2
6194,expanded97,11.329286951133122,0.641134390881543,104.72752320944782,7.4921979830661485,15.278404968541386,-4.228757335583737,nan,nan,nan,nan,2,0,0,NOT_IDENTIFIABLE,NOT_IDENTIFIABLE,-26.75770140300408,0.5641762092061026,-182.4384943168499,7.4921979830661485,19.999999999999822,1,49.416275305270325,0.7180925725569833,391.89354073574555,nan,10.55680993708295,0,-22.451824660178538,nan,nan,nan,13.994309989011064,nan,nan,nan,0.0,0.0,0.0,0.0,0.0,0.0,0.0,0,0
9681,expanded97,16.09466953089904,0.8403477524170946,56.047584189867536,18.410617805114295,14.884112382359174,17.634020291757427,nan,nan,nan,nan,2,0,0,NOT_IDENTIFIABLE,NOT_IDENTIFIABLE,-10.698846766156773,1.0851119901859632,-149.99751392451554,18.432506505902346,19.999999999999996,1,42.88818582795486,0.5955835146482259,262.0926823042506,18.388729104326245,9.76822476471835,0,5.2052373850510865,nan,nan,nan,30.062803198463765,nan,nan,nan,1.0,0.0,0.0,0.0,0.0,0.0,0.0,1,0
5965,expanded97,-7.335614351109012,1.0046308634309238,-44.108635418407545,11.64371069160259,15.044573847135078,-4.562261942070169,nan,nan,nan,nan,2,0,0,NOT_IDENTIFIABLE,NOT_IDENTIFIABLE,-27.69758296646726,0.7993246982490958,-176.7964046894801,13.87547076445442,10.08914769427016,0,13.026354264249235,1.2099370286127518,88.57913385266502,9.411950618750762,19.999999999999996,1,-29.96659756521001,nan,nan,nan,20.84207368106967,nan,nan,nan,0.0,0.0,0.0,0.0,0.0,0.0,0.0,0,0
6966,expanded97,11.999817714852743,1.2270512246973175,69.86118040335644,10.764197622418449,16.872774744539367,-0.8640631137546855,nan,nan,nan,nan,2,0,0,NOT_IDENTIFIABLE,NOT_IDENTIFIABLE,-19.1502719507548,1.519366095260419,-236.89218103482582,2.343265759555681,19.999999999999996,1,43.149907380460284,0.934736354134216,376.6145418415387,19.185129485281216,13.745549489078739,0,-37.772770747027785,nan,nan,nan,36.044644519518414,nan,nan,nan,0.0,0.0,0.0,0.0,0.0,0.0,0.0,0,0
8500,expanded97,-16.88323190494612,0.828950553921523,-162.5221361238431,13.730789759999173,16.5381616897614,8.324811741921593,nan,nan,nan,nan,2,0,0,NOT_IDENTIFIABLE,NOT_IDENTIFIABLE,-10.371594829798314,1.218199880797712,-178.81083223706796,13.398865805471821,19.99999999999999,1,-23.394868980093925,0.4397012270453339,-146.2334400106182,14.062713714526524,13.076323379522806,0,26.592516700800424,nan,nan,nan,-9.94289321695724,nan,nan,nan,0.0,2.0,0.0,0.0,0.0,0.0,0.0,0,1
9704,expanded97,19.261118527400953,0.7591306981616438,95.52277610717488,2.3338924139804433,15.831899227742074,6.4349149431838715,nan,nan,nan,nan,2,0,0,NOT_IDENTIFIABLE,NOT_IDENTIFIABLE,47.61294829976314,0.6933885957628211,271.5983804107979,nan,19.999999999999996,1,-9.090711244961236,0.8248728005604665,-80.55282819644815,2.3338924139804433,11.663798455484153,0,18.331330287087177,nan,nan,nan,-5.461500400719433,nan,nan,nan,0.0,1.0,0.0,0.0,0.0,0.0,0.0,0,1
8366,expanded97,36.199845009337885,0.5946507574413787,592.8430180749417,14.416679754314478,10.97039409539182,-29.41712260913065,nan,nan,nan,nan,2,0,0,NOT_IDENTIFIABLE,NOT_IDENTIFIABLE,91.9607935310537,1.130727791348154,1198.1023674738615,20.773319656161913,19.999999999999996,1,-19.561103512377926,0.058573723534603515,-12.416331323978088,8.060039852467042,1.940788190783641,0,-27.437110080710212,nan,nan,nan,-31.397135137551093,nan,nan,nan,0.0,0.0,0.0,0.0,0.0,0.0,0.0,0,0
9181,expanded97,22.361227449799998,0.8898904172668887,145.86467790015382,16.829646767961425,16.08736635608458,-2.70888256830193,nan,nan,nan,nan,2,0,0,NOT_IDENTIFIABLE,NOT_IDENTIFIABLE,60.284090966372,0.9430128214689322,440.99987367666847,nan,19.99999999999999,1,-15.561636066772007,0.8367680130648453,-149.27051787636086,16.829646767961425,12.174732712169172,0,7.839129966358369,nan,nan,nan,-13.256895102962229,nan,nan,nan,0.0,0.0,0.0,0.0,0.0,0.0,0.0,0,0
2882,expanded97,0.15377467405484246,0.6575544155865514,86.24572940308933,8.173607583104303,10.494751715792198,-5.309767161850953,nan,nan,nan,nan,2,0,0,NOT_IDENTIFIABLE,NOT_IDENTIFIABLE,-9.774105537287376,0.17072781945494955,8.163675842785949,0.16853233247000787,0.9895034315843978,0,10.081654885397061,1.1443810117181532,164.3277829633927,16.1786828337386,19.999999999999996,1,-31.06075588974246,nan,nan,nan,20.441221566040554,nan,nan,nan,1.0,0.0,0.0,0.0,0.0,0.0,0.0,1,0
3470,expanded97,10.76600196262235,0.7689005864949295,68.688215832733,7.974054195187428,7.450158840284185,7.955548706237247,nan,nan,nan,nan,2,0,0,NOT_IDENTIFIABLE,NOT_IDENTIFIABLE,-9.755777419673178,1.0682306687925782,8.815876718527473,0.42394985679342057,8.834842746443476,0,31.28778134491788,0.4695705041972808,128.5605549469385,15.524158533581435,6.065474934124896,0,-7.675797773614323,nan,nan,nan,23.586895186088817,nan,nan,nan,0.0,0.0,0.0,0.0,0.0,0.0,0.0,0,0
8290,expanded97,-7.16809538417372,0.47343066375632475,43.46905393148573,5.122978536577536,2.6705994323823683,-0.7505982370838478,nan,nan,nan,nan,2,0,0,NOT_IDENTIFIABLE,NOT_IDENTIFIABLE,-24.17273327281707,-0.1105187949869483,22.466402383696828,7.451176021750271,2.189080094487968,0,9.83654250446963,1.0573801224995978,64.47170547927463,2.794781051404801,3.1521187702767683,0,-25.805873937322474,nan,nan,nan,24.30467746315478,nan,nan,nan,0.0,4.0,0.0,0.0,0.0,0.0,0.0,0,3
9388,expanded97,-5.404209602451438,1.223751843547736,66.91965617372117,8.040654715734307,19.999999999999993,-2.319403716479991,nan,nan,nan,nan,2,0,0,NOT_IDENTIFIABLE,NOT_IDENTIFIABLE,-13.483159248723151,1.2465834535850815,-4.6634772641229105,-2.0834349023595564,19.999999999999996,1,2.674740043820275,1.2009202335103903,138.50278961156525,18.16474433382817,19.999999999999986,1,-12.026771265708243,nan,nan,nan,7.387963832748261,nan,nan,nan,0.0,0.0,0.0,0.0,0.0,0.0,0.0,0,0
9269,expanded97,1.2065902092990584,0.4218092237079969,38.5759604340786,0.6979860613638067,12.305760787132051,1.423872803098774,nan,nan,nan,nan,2,0,0,NOT_IDENTIFIABLE,NOT_IDENTIFIABLE,10.884595765582336,0.8642182677071587,84.05108416636904,0.5471365048660104,4.611521574264106,0,-8.47141534698422,-0.020599820291164916,-6.8991632982118345,0.848835617861603,19.999999999999996,1,0.9475787633484405,nan,nan,nan,1.9001668428491072,nan,nan,nan,0.0,0.0,0.0,0.0,0.0,0.0,0.0,0,0
7525,expanded97,-2.4138827537424152,0.7837322513901195,-5.509539026097649,0.5833845744129214,12.082725722192755,5.018089858865708,nan,nan,nan,nan,2,0,0,NOT_IDENTIFIABLE,NOT_IDENTIFIABLE,1.7180236593023315,0.7659858006704758,47.4743708546851,0.1052850170697468,19.99999999999962,1,-6.545789166787162,0.8014787021097631,-58.493448906880396,1.061484131756096,4.1654514443858925,0,5.007301520895683,nan,nan,nan,5.028878196835733,nan,nan,nan,0.0,0.0,0.0,0.0,0.0,0.0,0.0,0,0
7765,expanded97,-10.000955049114687,1.4050186504106343,-135.66128853817415,4.419397940515214,17.903703216789303,17.396269308789428,nan,nan,nan,nan,2,0,0,NOT_IDENTIFIABLE,NOT_IDENTIFIABLE,-9.420150424430128,2.121529460159939,-195.21071945778837,8.452898054871085,15.80740643357861,0,-10.581759673799247,0.6885078406613299,-76.11185761855991,0.38589782615934354,19.999999999999996,1,14.573431066599525,nan,nan,nan,20.21910755097933,nan,nan,nan,0.0,0.0,0.0,0.0,0.0,0.0,0.0,0,0
7428,expanded97,-15.87894012431417,0.676807253128116,-43.805203687739656,7.954756842221816,10.81092971277422,-12.607548022889477,nan,nan,nan,nan,2,0,0,NOT_IDENTIFIABLE,NOT_IDENTIFIABLE,-24.720533555044415,0.45796108790340667,33.35439869967841,4.507235803038366,1.621859425548444,0,-7.037346693583924,0.8956534183528253,-120.96480607515772,11.402277881405265,19.999999999999996,1,-18.095712466950076,nan,nan,nan,-7.119383578828878,nan,nan,nan,0.0,0.0,0.0,0.0,0.0,0.0,0.0,0,0
8774,expanded97,-6.926862192197414,0.908618959702439,-58.87232594837765,4.902021740235078,2.2913587134520506,-3.2356333958777967,nan,nan,nan,nan,2,0,0,NOT_IDENTIFIABLE,NOT_IDENTIFIABLE,4.738091687691613,1.0289106672074977,60.454843304665445,0.22860608739918575,0.5641784451577844,0,-18.59181607208644,0.7883272521973802,-178.19949520142075,9.57543739307097,4.018538981746317,0,1.5030700189579091,nan,nan,nan,-7.974336810713503,nan,nan,nan,0.0,0.0,0.0,0.0,0.0,0.0,0.0,0,0
9641,expanded97,-10.716079160554436,-0.03238799204782535,178.8072120876443,2.98850564601789,10.676654218551242,-17.260805844784407,nan,nan,nan,nan,2,0,0,NOT_IDENTIFIABLE,NOT_IDENTIFIABLE,-0.9071843726768951,-0.003085481689607161,358.3319393897091,0.3360598519529887,19.999999999999996,1,-20.524973948431978,-0.06169050240604354,-0.7175152144204482,5.640951440082791,1.3533084371024875,0,-14.041627143598813,nan,nan,nan,-20.479984545969998,nan,nan,nan,0.0,0.0,0.0,0.0,0.0,0.0,0.0,0,0
5474,expanded97,-1.4164019843725502,0.6363615171437462,2.557970324963563,3.1932120151605154,10.050609811696875,-5.0072168399431645,nan,nan,nan,nan,2,0,0,NOT_IDENTIFIABLE,NOT_IDENTIFIABLE,11.486490592215551,0.7840059209757138,57.42863999008151,-2.9729132842308097,17.81340171379103,0,-14.319294560960651,0.4887171133117786,-52.31269934015438,9.35933731455184,2.287817909602718,0,3.4491429062290795,nan,nan,nan,-13.463576586115408,nan,nan,nan,2.0,1.0,1.0,0.5,1.0,0.0,0.5,2,1
1556,expanded97,0.5765198156585469,0.41103860187296604,-3.1495242747637118,0.20185275164349115,3.2724682297131276,1.5443395677792005,nan,nan,nan,nan,2,0,0,NOT_IDENTIFIABLE,NOT_IDENTIFIABLE,-0.3653251244316811,-0.02188982381110041,-27.91726970907956,0.11987542415840835,4.627794122382507,0,1.518364755748775,0.8439670275570325,21.618221159552135,0.28383007912857394,1.917142337043748,0,-2.0515180333039424,nan,nan,nan,5.140197168862343,nan,nan,nan,2.0,0.0,0.0,0.0,0.0,0.0,0.0,1,0
11083,expanded97,-11.796506591201153,-0.3951698813543207,14.760733910469693,1.1577578636229884,7.826205199409623,5.0032639549600315,nan,nan,nan,nan,2,0,0,NOT_IDENTIFIABLE,NOT_IDENTIFIABLE,-7.056640447728345,-1.0142681019479574,64.47073253815633,0.28374286440697816,11.754879284165852,0,-16.53637273467396,0.22392833923931596,-34.94926471721694,2.0317728628389986,3.8975311146533933,0,31.72712596976108,nan,nan,nan,-21.720598059841016,nan,nan,nan,0.0,0.0,0.0,0.0,0.0,0.0,0.0,0,0
9414,expanded97,-14.235871575695864,0.6323335881682921,10.139209328994802,7.681205114199225,10.727944726142892,-11.970680269378477,nan,nan,nan,nan,2,0,0,NOT_IDENTIFIABLE,NOT_IDENTIFIABLE,-3.2034415426361758,1.2951140793656388,23.196248261097857,4.990926686675657,19.999999999999996,1,-25.26830160875555,-0.030446903029054673,-2.9178296031082525,10.371483541722792,1.4558894522857895,0,-0.4327069419053643,nan,nan,nan,-23.508653596851588,nan,nan,nan,4.0,3.0,0.0,0.0,0.0,0.0,0.0,4,3
8660,expanded97,-15.082157880887891,0.7158188348176076,-61.05871604044035,8.839002804181682,10.888054919872301,-10.922667903842388,nan,nan,nan,nan,2,0,0,NOT_IDENTIFIABLE,NOT_IDENTIFIABLE,-16.644759979828695,0.505016453537832,-8.316890972722987,6.154412195789249,1.7761098397446047,0,-13.519555781947089,0.9266212160973831,-113.80054110815772,11.523593412574115,19.999999999999996,1,-18.935192641952003,nan,nan,nan,-2.910143165732774,nan,nan,nan,0.0,0.0,0.0,0.0,0.0,0.0,0.0,0,0
5622,expanded97,-3.3447283891360513,0.7372715908235132,-40.88904046043455,6.018767227001678,15.039839622816295,15.100866039122156,nan,nan,nan,nan,2,0,0,NOT_IDENTIFIABLE,NOT_IDENTIFIABLE,20.434404170895313,0.8667377648211142,94.3323237366758,1.8174445207890209,19.99999999997466,1,-27.123860949167415,0.6078054168259124,-176.1104046575449,10.220089933214336,10.07967924565793,0,70.0935056093727,nan,nan,nan,-39.891773531128386,nan,nan,nan,4.0,0.0,0.0,0.0,0.0,0.0,0.0,1,0
6406,expanded97,-23.232483952122088,0.6461225856984385,-103.50998987678676,7.6267051518689435,10.708127362538159,-7.8347931789765735,nan,nan,nan,nan,2,0,0,NOT_IDENTIFIABLE,NOT_IDENTIFIABLE,-35.13866795518564,0.0927434418092688,-29.567015647495925,8.594894154630595,1.4162547250763202,0,-11.326299949058534,1.1995017295876083,-177.4529641060776,6.658516149107292,19.999999999999996,1,-23.62580112964354,nan,nan,nan,7.956214771690395,nan,nan,nan,3.0,1.0,0.0,0.0,0.0,0.0,0.0,1,1
8788,expanded97,-0.24172989714175852,0.9598161417173525,-83.70355820512502,3.457450901145849,8.973679887604689,6.286992996712694,nan,nan,nan,nan,2,0,0,NOT_IDENTIFIABLE,NOT_IDENTIFIABLE,7.365442543713957,1.2154377837499681,-71.10201146158603,5.5015580983937475,3.0433811455210296,0,-7.848902337997474,0.7041944996847369,-96.30510494866401,1.4133437038979508,14.90397862968835,0,15.264569525661564,nan,nan,nan,-2.6905835322361753,nan,nan,nan,0.0,0.0,0.0,0.0,0.0,0.0,0.0,0,0
6167,expanded97,-19.975012837338866,0.6623564908622346,-122.15920120885676,32.13108442014788,11.322675933971047,-1.2489188013231916,nan,nan,nan,nan,2,0,0,NOT_IDENTIFIABLE,NOT_IDENTIFIABLE,-24.50659453596968,0.316568018292131,-72.24778056034658,14.577788781697464,2.6453518679420975,0,-15.443431138708055,1.008144963432338,-172.07062185736692,49.68438005859829,19.999999999999996,1,-11.428787568721873,nan,nan,nan,8.93094996607549,nan,nan,nan,0.0,2.0,0.0,0.0,0.0,0.0,0.0,0,1
4386,expanded97,-28.470922877700854,0.756522085525051,-135.00664362232163,7.611408102014542,16.85700276466839,-9.7214687458774,nan,nan,nan,nan,2,0,0,NOT_IDENTIFIABLE,NOT_IDENTIFIABLE,-45.66275369597784,0.44626250324543637,-144.3033614794152,12.655355739556686,19.999999999999996,1,-11.279092059423867,1.0667816678046655,-125.70992576522809,2.567460464472397,13.714005529336783,0,-2.002616966631986,nan,nan,nan,-17.440320525122814,nan,nan,nan,2.0,0.0,0.0,0.0,0.0,0.0,0.0,1,0
9807,expanded97,-20.981391865017738,0.7491987945717931,-132.78180928733227,17.148359672316673,11.136839167172566,5.083711206742505,nan,nan,nan,nan,2,0,0,NOT_IDENTIFIABLE,NOT_IDENTIFIABLE,-17.47905118028423,1.0567540342684418,-174.22620945323635,23.25166306424339,19.999999999999996,1,-24.483732549751245,0.4416435548751444,-91.33740912142817,11.045056280389954,2.2736783343451337,0,18.835385045949,nan,nan,nan,-8.66796263246399,nan,nan,nan,0.0,0.0,0.0,0.0,0.0,0.0,0.0,0,0
