hazard,noise_sd,episode,controller,accuracy
0.002,0.5,0,NO_FEEDBACK,0.865
0.002,0.5,0,FEEDBACK_ALPHA_0_75,0.8875
0.002,0.5,0,ORACLE_HMM,1.0
0.002,0.5,1,NO_FEEDBACK,0.86
0.002,0.5,1,FEEDBACK_ALPHA_0_75,0.8925
0.002,0.5,1,ORACLE_HMM,0.945
0.002,0.5,2,NO_FEEDBACK,0.915
0.002,0.5,2,FEEDBACK_ALPHA_0_75,0.9275
0.002,0.5,2,ORACLE_HMM,1.0
0.002,0.5,3,NO_FEEDBACK,0.9
0.002,0.5,3,FEEDBACK_ALPHA_0_75,0.9125
0.002,0.5,3,ORACLE_HMM,0.995
0.002,0.5,4,NO_FEEDBACK,0.86
0.002,0.5,4,FEEDBACK_ALPHA_0_75,0.8775
0.002,0.5,4,ORACLE_HMM,1.0
0.002,0.5,5,NO_FEEDBACK,0.8775
0.002,0.5,5,FEEDBACK_ALPHA_0_75,0.9325
0.002,0.5,5,ORACLE_HMM,1.0
0.002,0.5,6,NO_FEEDBACK,0.92
0.002,0.5,6,FEEDBACK_ALPHA_0_75,0.9275
0.002,0.5,6,ORACLE_HMM,0.995
0.002,0.5,7,NO_FEEDBACK,0.9025
0.002,0.5,7,FEEDBACK_ALPHA_0_75,0.9025
0.002,0.5,7,ORACLE_HMM,1.0
0.002,0.5,8,NO_FEEDBACK,0.8625
0.002,0.5,8,FEEDBACK_ALPHA_0_75,0.875
0.002,0.5,8,ORACLE_HMM,1.0
0.002,0.5,9,NO_FEEDBACK,0.895
0.002,0.5,9,FEEDBACK_ALPHA_0_75,0.9075
0.002,0.5,9,ORACLE_HMM,1.0
0.002,0.5,10,NO_FEEDBACK,0.84
0.002,0.5,10,FEEDBACK_ALPHA_0_75,0.8675
0.002,0.5,10,ORACLE_HMM,0.895
0.002,0.5,11,NO_FEEDBACK,0.94
0.002,0.5,11,FEEDBACK_ALPHA_0_75,0.965
0.002,0.5,11,ORACLE_HMM,0.9975
0.002,0.5,12,NO_FEEDBACK,0.86
0.002,0.5,12,FEEDBACK_ALPHA_0_75,0.865
0.002,0.5,12,ORACLE_HMM,1.0
0.002,0.5,13,NO_FEEDBACK,0.8875
0.002,0.5,13,FEEDBACK_ALPHA_0_75,0.905
0.002,0.5,13,ORACLE_HMM,0.955
0.002,0.5,14,NO_FEEDBACK,0.8225
0.002,0.5,14,FEEDBACK_ALPHA_0_75,0.855
0.002,0.5,14,ORACLE_HMM,0.98
0.002,0.5,15,NO_FEEDBACK,0.9075
0.002,0.5,15,FEEDBACK_ALPHA_0_75,0.915
0.002,0.5,15,ORACLE_HMM,0.965
0.002,0.5,16,NO_FEEDBACK,0.8825
0.002,0.5,16,FEEDBACK_ALPHA_0_75,0.91
0.002,0.5,16,ORACLE_HMM,0.995
0.002,0.5,17,NO_FEEDBACK,0.8975
0.002,0.5,17,FEEDBACK_ALPHA_0_75,0.91
0.002,0.5,17,ORACLE_HMM,0.9975
0.002,0.5,18,NO_FEEDBACK,0.895
0.002,0.5,18,FEEDBACK_ALPHA_0_75,0.9125
0.002,0.5,18,ORACLE_HMM,0.96
0.002,0.5,19,NO_FEEDBACK,0.8675
0.002,0.5,19,FEEDBACK_ALPHA_0_75,0.8975
0.002,0.5,19,ORACLE_HMM,0.9925
0.002,0.5,20,NO_FEEDBACK,0.8625
0.002,0.5,20,FEEDBACK_ALPHA_0_75,0.865
0.002,0.5,20,ORACLE_HMM,0.9925
0.002,0.5,21,NO_FEEDBACK,0.74
0.002,0.5,21,FEEDBACK_ALPHA_0_75,0.73
0.002,0.5,21,ORACLE_HMM,0.9525
0.002,0.5,22,NO_FEEDBACK,0.955
0.002,0.5,22,FEEDBACK_ALPHA_0_75,0.9675
0.002,0.5,22,ORACLE_HMM,0.9875
0.002,0.5,23,NO_FEEDBACK,0.8525
0.002,0.5,23,FEEDBACK_ALPHA_0_75,0.855
0.002,0.5,23,ORACLE_HMM,0.9675
0.002,0.5,24,NO_FEEDBACK,0.8375
0.002,0.5,24,FEEDBACK_ALPHA_0_75,0.8575
0.002,0.5,24,ORACLE_HMM,1.0
0.002,0.5,25,NO_FEEDBACK,0.925
0.002,0.5,25,FEEDBACK_ALPHA_0_75,0.94
0.002,0.5,25,ORACLE_HMM,0.9275
0.002,0.5,26,NO_FEEDBACK,0.7525
0.002,0.5,26,FEEDBACK_ALPHA_0_75,0.75
0.002,0.5,26,ORACLE_HMM,0.89
0.002,0.5,27,NO_FEEDBACK,0.85
0.002,0.5,27,FEEDBACK_ALPHA_0_75,0.8725
0.002,0.5,27,ORACLE_HMM,0.9475
0.002,0.5,28,NO_FEEDBACK,0.8925
0.002,0.5,28,FEEDBACK_ALPHA_0_75,0.94
0.002,0.5,28,ORACLE_HMM,1.0
0.002,0.5,29,NO_FEEDBACK,0.845
0.002,0.5,29,FEEDBACK_ALPHA_0_75,0.88
0.002,0.5,29,ORACLE_HMM,0.9775
0.002,0.5,30,NO_FEEDBACK,0.9125
0.002,0.5,30,FEEDBACK_ALPHA_0_75,0.925
0.002,0.5,30,ORACLE_HMM,0.9675
0.002,0.5,31,NO_FEEDBACK,0.8425
0.002,0.5,31,FEEDBACK_ALPHA_0_75,0.88
0.002,0.5,31,ORACLE_HMM,0.8725
0.002,0.5,32,NO_FEEDBACK,0.8925
0.002,0.5,32,FEEDBACK_ALPHA_0_75,0.915
0.002,0.5,32,ORACLE_HMM,0.995
0.002,0.5,33,NO_FEEDBACK,0.8875
0.002,0.5,33,FEEDBACK_ALPHA_0_75,0.8925
0.002,0.5,33,ORACLE_HMM,1.0
0.002,0.5,34,NO_FEEDBACK,0.825
0.002,0.5,34,FEEDBACK_ALPHA_0_75,0.83
0.002,0.5,34,ORACLE_HMM,0.9625
0.002,0.5,35,NO_FEEDBACK,0.885
0.002,0.5,35,FEEDBACK_ALPHA_0_75,0.9025
0.002,0.5,35,ORACLE_HMM,1.0
0.002,0.5,36,NO_FEEDBACK,0.9025
0.002,0.5,36,FEEDBACK_ALPHA_0_75,0.925
0.002,0.5,36,ORACLE_HMM,0.925
0.002,0.5,37,NO_FEEDBACK,0.8725
0.002,0.5,37,FEEDBACK_ALPHA_0_75,0.9125
0.002,0.5,37,ORACLE_HMM,0.995
0.002,0.5,38,NO_FEEDBACK,0.9425
0.002,0.5,38,FEEDBACK_ALPHA_0_75,0.9475
0.002,0.5,38,ORACLE_HMM,0.9925
0.002,0.5,39,NO_FEEDBACK,0.845
0.002,0.5,39,FEEDBACK_ALPHA_0_75,0.8625
0.002,0.5,39,ORACLE_HMM,0.9925
0.002,0.5,40,NO_FEEDBACK,0.9
0.002,0.5,40,FEEDBACK_ALPHA_0_75,0.92
0.002,0.5,40,ORACLE_HMM,1.0
0.002,0.5,41,NO_FEEDBACK,0.8875
0.002,0.5,41,FEEDBACK_ALPHA_0_75,0.9075
0.002,0.5,41,ORACLE_HMM,1.0
0.002,0.5,42,NO_FEEDBACK,0.9525
0.002,0.5,42,FEEDBACK_ALPHA_0_75,0.955
0.002,0.5,42,ORACLE_HMM,1.0
0.002,0.5,43,NO_FEEDBACK,0.905
0.002,0.5,43,FEEDBACK_ALPHA_0_75,0.9425
0.002,0.5,43,ORACLE_HMM,1.0
0.002,0.5,44,NO_FEEDBACK,0.9075
0.002,0.5,44,FEEDBACK_ALPHA_0_75,0.9325
0.002,0.5,44,ORACLE_HMM,0.995
0.002,0.5,45,NO_FEEDBACK,0.8725
0.002,0.5,45,FEEDBACK_ALPHA_0_75,0.8875
0.002,0.5,45,ORACLE_HMM,0.9675
0.002,0.5,46,NO_FEEDBACK,0.865
0.002,0.5,46,FEEDBACK_ALPHA_0_75,0.875
0.002,0.5,46,ORACLE_HMM,0.9575
0.002,0.5,47,NO_FEEDBACK,0.955
0.002,0.5,47,FEEDBACK_ALPHA_0_75,0.975
0.002,0.5,47,ORACLE_HMM,0.9725
0.002,0.5,48,NO_FEEDBACK,0.8175
0.002,0.5,48,FEEDBACK_ALPHA_0_75,0.8425
0.002,0.5,48,ORACLE_HMM,0.9975
0.002,0.5,49,NO_FEEDBACK,0.915
0.002,0.5,49,FEEDBACK_ALPHA_0_75,0.9325
0.002,0.5,49,ORACLE_HMM,1.0
0.002,0.5,50,NO_FEEDBACK,0.8275
0.002,0.5,50,FEEDBACK_ALPHA_0_75,0.8325
0.002,0.5,50,ORACLE_HMM,0.9125
0.002,0.5,51,NO_FEEDBACK,0.9075
0.002,0.5,51,FEEDBACK_ALPHA_0_75,0.905
0.002,0.5,51,ORACLE_HMM,0.98
0.002,0.5,52,NO_FEEDBACK,0.925
0.002,0.5,52,FEEDBACK_ALPHA_0_75,0.94
0.002,0.5,52,ORACLE_HMM,1.0
0.002,0.5,53,NO_FEEDBACK,0.81
0.002,0.5,53,FEEDBACK_ALPHA_0_75,0.8375
0.002,0.5,53,ORACLE_HMM,0.855
0.002,0.5,54,NO_FEEDBACK,0.8575
0.002,0.5,54,FEEDBACK_ALPHA_0_75,0.8625
0.002,0.5,54,ORACLE_HMM,1.0
0.002,0.5,55,NO_FEEDBACK,0.8525
0.002,0.5,55,FEEDBACK_ALPHA_0_75,0.85
0.002,0.5,55,ORACLE_HMM,0.8825
0.002,0.5,56,NO_FEEDBACK,0.905
0.002,0.5,56,FEEDBACK_ALPHA_0_75,0.9125
0.002,0.5,56,ORACLE_HMM,0.9875
0.002,0.5,57,NO_FEEDBACK,0.905
0.002,0.5,57,FEEDBACK_ALPHA_0_75,0.9125
0.002,0.5,57,ORACLE_HMM,0.9775
0.002,0.5,58,NO_FEEDBACK,0.8775
0.002,0.5,58,FEEDBACK_ALPHA_0_75,0.905
0.002,0.5,58,ORACLE_HMM,0.955
0.002,0.5,59,NO_FEEDBACK,0.905
0.002,0.5,59,FEEDBACK_ALPHA_0_75,0.925
0.002,0.5,59,ORACLE_HMM,1.0
0.002,0.5,60,NO_FEEDBACK,0.89
0.002,0.5,60,FEEDBACK_ALPHA_0_75,0.9125
0.002,0.5,60,ORACLE_HMM,0.9525
0.002,0.5,61,NO_FEEDBACK,0.93
0.002,0.5,61,FEEDBACK_ALPHA_0_75,0.94
0.002,0.5,61,ORACLE_HMM,0.945
0.002,0.5,62,NO_FEEDBACK,0.8975
0.002,0.5,62,FEEDBACK_ALPHA_0_75,0.915
0.002,0.5,62,ORACLE_HMM,0.975
0.002,0.5,63,NO_FEEDBACK,0.9
0.002,0.5,63,FEEDBACK_ALPHA_0_75,0.935
0.002,0.5,63,ORACLE_HMM,0.965
0.002,0.5,64,NO_FEEDBACK,0.91
0.002,0.5,64,FEEDBACK_ALPHA_0_75,0.94
0.002,0.5,64,ORACLE_HMM,0.965
0.002,0.5,65,NO_FEEDBACK,0.9325
0.002,0.5,65,FEEDBACK_ALPHA_0_75,0.965
0.002,0.5,65,ORACLE_HMM,0.9425
0.002,0.5,66,NO_FEEDBACK,0.84
0.002,0.5,66,FEEDBACK_ALPHA_0_75,0.8625
0.002,0.5,66,ORACLE_HMM,0.9675
0.002,0.5,67,NO_FEEDBACK,0.8275
0.002,0.5,67,FEEDBACK_ALPHA_0_75,0.84
0.002,0.5,67,ORACLE_HMM,0.93
0.002,0.5,68,NO_FEEDBACK,0.845
0.002,0.5,68,FEEDBACK_ALPHA_0_75,0.865
0.002,0.5,68,ORACLE_HMM,0.935
0.002,0.5,69,NO_FEEDBACK,0.9475
0.002,0.5,69,FEEDBACK_ALPHA_0_75,0.9675
0.002,0.5,69,ORACLE_HMM,0.9675
0.002,0.5,70,NO_FEEDBACK,0.8625
0.002,0.5,70,FEEDBACK_ALPHA_0_75,0.875
0.002,0.5,70,ORACLE_HMM,1.0
0.002,0.5,71,NO_FEEDBACK,0.8625
0.002,0.5,71,FEEDBACK_ALPHA_0_75,0.865
0.002,0.5,71,ORACLE_HMM,1.0
0.002,0.5,72,NO_FEEDBACK,0.8775
0.002,0.5,72,FEEDBACK_ALPHA_0_75,0.8975
0.002,0.5,72,ORACLE_HMM,1.0
0.002,0.5,73,NO_FEEDBACK,0.905
0.002,0.5,73,FEEDBACK_ALPHA_0_75,0.91
0.002,0.5,73,ORACLE_HMM,1.0
0.002,0.5,74,NO_FEEDBACK,0.875
0.002,0.5,74,FEEDBACK_ALPHA_0_75,0.895
0.002,0.5,74,ORACLE_HMM,1.0
0.002,0.5,75,NO_FEEDBACK,0.88
0.002,0.5,75,FEEDBACK_ALPHA_0_75,0.8825
0.002,0.5,75,ORACLE_HMM,0.955
0.002,0.5,76,NO_FEEDBACK,0.9275
0.002,0.5,76,FEEDBACK_ALPHA_0_75,0.935
0.002,0.5,76,ORACLE_HMM,0.965
0.002,0.5,77,NO_FEEDBACK,0.9075
0.002,0.5,77,FEEDBACK_ALPHA_0_75,0.9325
0.002,0.5,77,ORACLE_HMM,0.9025
0.002,0.5,78,NO_FEEDBACK,0.87
0.002,0.5,78,FEEDBACK_ALPHA_0_75,0.895
0.002,0.5,78,ORACLE_HMM,1.0
0.002,0.5,79,NO_FEEDBACK,0.89
0.002,0.5,79,FEEDBACK_ALPHA_0_75,0.925
0.002,0.5,79,ORACLE_HMM,0.97
0.002,0.5,80,NO_FEEDBACK,0.8
0.002,0.5,80,FEEDBACK_ALPHA_0_75,0.8025
0.002,0.5,80,ORACLE_HMM,0.945
0.002,0.5,81,NO_FEEDBACK,0.85
0.002,0.5,81,FEEDBACK_ALPHA_0_75,0.88
0.002,0.5,81,ORACLE_HMM,0.985
0.002,0.5,82,NO_FEEDBACK,0.805
0.002,0.5,82,FEEDBACK_ALPHA_0_75,0.8225
0.002,0.5,82,ORACLE_HMM,0.955
0.002,0.5,83,NO_FEEDBACK,0.8875
0.002,0.5,83,FEEDBACK_ALPHA_0_75,0.9175
0.002,0.5,83,ORACLE_HMM,0.97
0.002,0.5,84,NO_FEEDBACK,0.8825
0.002,0.5,84,FEEDBACK_ALPHA_0_75,0.9
0.002,0.5,84,ORACLE_HMM,0.9625
0.002,0.5,85,NO_FEEDBACK,0.9025
0.002,0.5,85,FEEDBACK_ALPHA_0_75,0.94
0.002,0.5,85,ORACLE_HMM,1.0
0.002,0.5,86,NO_FEEDBACK,0.875
0.002,0.5,86,FEEDBACK_ALPHA_0_75,0.895
0.002,0.5,86,ORACLE_HMM,0.995
0.002,0.5,87,NO_FEEDBACK,0.8625
0.002,0.5,87,FEEDBACK_ALPHA_0_75,0.87
0.002,0.5,87,ORACLE_HMM,0.95
0.002,0.5,88,NO_FEEDBACK,0.9425
0.002,0.5,88,FEEDBACK_ALPHA_0_75,0.9625
0.002,0.5,88,ORACLE_HMM,1.0
0.002,0.5,89,NO_FEEDBACK,0.945
0.002,0.5,89,FEEDBACK_ALPHA_0_75,0.9575
0.002,0.5,89,ORACLE_HMM,0.9925
0.002,0.5,90,NO_FEEDBACK,0.88
0.002,0.5,90,FEEDBACK_ALPHA_0_75,0.8925
0.002,0.5,90,ORACLE_HMM,1.0
0.002,0.5,91,NO_FEEDBACK,0.895
0.002,0.5,91,FEEDBACK_ALPHA_0_75,0.9225
0.002,0.5,91,ORACLE_HMM,0.9375
0.002,0.5,92,NO_FEEDBACK,0.8775
0.002,0.5,92,FEEDBACK_ALPHA_0_75,0.8775
0.002,0.5,92,ORACLE_HMM,0.975
0.002,0.5,93,NO_FEEDBACK,0.8925
0.002,0.5,93,FEEDBACK_ALPHA_0_75,0.915
0.002,0.5,93,ORACLE_HMM,1.0
0.002,0.5,94,NO_FEEDBACK,0.845
0.002,0.5,94,FEEDBACK_ALPHA_0_75,0.875
0.002,0.5,94,ORACLE_HMM,0.95
0.002,0.5,95,NO_FEEDBACK,0.92
0.002,0.5,95,FEEDBACK_ALPHA_0_75,0.955
0.002,0.5,95,ORACLE_HMM,0.95
0.002,0.5,96,NO_FEEDBACK,0.9
0.002,0.5,96,FEEDBACK_ALPHA_0_75,0.92
0.002,0.5,96,ORACLE_HMM,1.0
0.002,0.5,97,NO_FEEDBACK,0.8775
0.002,0.5,97,FEEDBACK_ALPHA_0_75,0.895
0.002,0.5,97,ORACLE_HMM,1.0
0.002,0.5,98,NO_FEEDBACK,0.9275
0.002,0.5,98,FEEDBACK_ALPHA_0_75,0.94
0.002,0.5,98,ORACLE_HMM,0.965
0.002,0.5,99,NO_FEEDBACK,0.9225
0.002,0.5,99,FEEDBACK_ALPHA_0_75,0.9525
0.002,0.5,99,ORACLE_HMM,0.9775
0.002,1.0,0,NO_FEEDBACK,0.7725
0.002,1.0,0,FEEDBACK_ALPHA_0_75,0.83
0.002,1.0,0,ORACLE_HMM,0.98
0.002,1.0,1,NO_FEEDBACK,0.685
0.002,1.0,1,FEEDBACK_ALPHA_0_75,0.73
0.002,1.0,1,ORACLE_HMM,0.9325
0.002,1.0,2,NO_FEEDBACK,0.8425
0.002,1.0,2,FEEDBACK_ALPHA_0_75,0.8675
0.002,1.0,2,ORACLE_HMM,0.9625
0.002,1.0,3,NO_FEEDBACK,0.7725
0.002,1.0,3,FEEDBACK_ALPHA_0_75,0.8575
0.002,1.0,3,ORACLE_HMM,1.0
0.002,1.0,4,NO_FEEDBACK,0.785
0.002,1.0,4,FEEDBACK_ALPHA_0_75,0.8725
0.002,1.0,4,ORACLE_HMM,1.0
0.002,1.0,5,NO_FEEDBACK,0.7875
0.002,1.0,5,FEEDBACK_ALPHA_0_75,0.8125
0.002,1.0,5,ORACLE_HMM,1.0
0.002,1.0,6,NO_FEEDBACK,0.795
0.002,1.0,6,FEEDBACK_ALPHA_0_75,0.8925
0.002,1.0,6,ORACLE_HMM,0.975
0.002,1.0,7,NO_FEEDBACK,0.7825
0.002,1.0,7,FEEDBACK_ALPHA_0_75,0.855
0.002,1.0,7,ORACLE_HMM,1.0
0.002,1.0,8,NO_FEEDBACK,0.68
0.002,1.0,8,FEEDBACK_ALPHA_0_75,0.735
0.002,1.0,8,ORACLE_HMM,0.9525
0.002,1.0,9,NO_FEEDBACK,0.7225
0.002,1.0,9,FEEDBACK_ALPHA_0_75,0.7975
0.002,1.0,9,ORACLE_HMM,0.985
0.002,1.0,10,NO_FEEDBACK,0.7925
0.002,1.0,10,FEEDBACK_ALPHA_0_75,0.8625
0.002,1.0,10,ORACLE_HMM,0.9775
0.002,1.0,11,NO_FEEDBACK,0.8275
0.002,1.0,11,FEEDBACK_ALPHA_0_75,0.8825
0.002,1.0,11,ORACLE_HMM,0.9525
0.002,1.0,12,NO_FEEDBACK,0.775
0.002,1.0,12,FEEDBACK_ALPHA_0_75,0.8725
0.002,1.0,12,ORACLE_HMM,1.0
0.002,1.0,13,NO_FEEDBACK,0.8175
0.002,1.0,13,FEEDBACK_ALPHA_0_75,0.9125
0.002,1.0,13,ORACLE_HMM,0.965
0.002,1.0,14,NO_FEEDBACK,0.8375
0.002,1.0,14,FEEDBACK_ALPHA_0_75,0.935
0.002,1.0,14,ORACLE_HMM,1.0
0.002,1.0,15,NO_FEEDBACK,0.775
0.002,1.0,15,FEEDBACK_ALPHA_0_75,0.8625
0.002,1.0,15,ORACLE_HMM,0.955
0.002,1.0,16,NO_FEEDBACK,0.835
0.002,1.0,16,FEEDBACK_ALPHA_0_75,0.9175
0.002,1.0,16,ORACLE_HMM,0.9975
0.002,1.0,17,NO_FEEDBACK,0.755
0.002,1.0,17,FEEDBACK_ALPHA_0_75,0.8325
0.002,1.0,17,ORACLE_HMM,0.98
0.002,1.0,18,NO_FEEDBACK,0.7825
0.002,1.0,18,FEEDBACK_ALPHA_0_75,0.8475
0.002,1.0,18,ORACLE_HMM,0.87
0.002,1.0,19,NO_FEEDBACK,0.785
0.002,1.0,19,FEEDBACK_ALPHA_0_75,0.8125
0.002,1.0,19,ORACLE_HMM,0.985
0.002,1.0,20,NO_FEEDBACK,0.785
0.002,1.0,20,FEEDBACK_ALPHA_0_75,0.8475
0.002,1.0,20,ORACLE_HMM,1.0
0.002,1.0,21,NO_FEEDBACK,0.7725
0.002,1.0,21,FEEDBACK_ALPHA_0_75,0.8825
0.002,1.0,21,ORACLE_HMM,0.9975
0.002,1.0,22,NO_FEEDBACK,0.805
0.002,1.0,22,FEEDBACK_ALPHA_0_75,0.865
0.002,1.0,22,ORACLE_HMM,0.9275
0.002,1.0,23,NO_FEEDBACK,0.82
0.002,1.0,23,FEEDBACK_ALPHA_0_75,0.865
0.002,1.0,23,ORACLE_HMM,1.0
0.002,1.0,24,NO_FEEDBACK,0.79
0.002,1.0,24,FEEDBACK_ALPHA_0_75,0.8625
0.002,1.0,24,ORACLE_HMM,0.925
0.002,1.0,25,NO_FEEDBACK,0.7625
0.002,1.0,25,FEEDBACK_ALPHA_0_75,0.855
0.002,1.0,25,ORACLE_HMM,1.0
0.002,1.0,26,NO_FEEDBACK,0.8275
0.002,1.0,26,FEEDBACK_ALPHA_0_75,0.895
0.002,1.0,26,ORACLE_HMM,0.95
0.002,1.0,27,NO_FEEDBACK,0.815
0.002,1.0,27,FEEDBACK_ALPHA_0_75,0.88
0.002,1.0,27,ORACLE_HMM,0.9925
0.002,1.0,28,NO_FEEDBACK,0.7575
0.002,1.0,28,FEEDBACK_ALPHA_0_75,0.825
0.002,1.0,28,ORACLE_HMM,0.955
0.002,1.0,29,NO_FEEDBACK,0.7675
0.002,1.0,29,FEEDBACK_ALPHA_0_75,0.8425
0.002,1.0,29,ORACLE_HMM,0.9975
0.002,1.0,30,NO_FEEDBACK,0.8075
0.002,1.0,30,FEEDBACK_ALPHA_0_75,0.8675
0.002,1.0,30,ORACLE_HMM,1.0
0.002,1.0,31,NO_FEEDBACK,0.7675
0.002,1.0,31,FEEDBACK_ALPHA_0_75,0.88
0.002,1.0,31,ORACLE_HMM,0.9575
0.002,1.0,32,NO_FEEDBACK,0.78
0.002,1.0,32,FEEDBACK_ALPHA_0_75,0.8525
0.002,1.0,32,ORACLE_HMM,0.975
0.002,1.0,33,NO_FEEDBACK,0.7975
0.002,1.0,33,FEEDBACK_ALPHA_0_75,0.865
0.002,1.0,33,ORACLE_HMM,1.0
0.002,1.0,34,NO_FEEDBACK,0.8
0.002,1.0,34,FEEDBACK_ALPHA_0_75,0.8775
0.002,1.0,34,ORACLE_HMM,0.8825
0.002,1.0,35,NO_FEEDBACK,0.765
0.002,1.0,35,FEEDBACK_ALPHA_0_75,0.8525
0.002,1.0,35,ORACLE_HMM,0.995
0.002,1.0,36,NO_FEEDBACK,0.785
0.002,1.0,36,FEEDBACK_ALPHA_0_75,0.8525
0.002,1.0,36,ORACLE_HMM,0.985
0.002,1.0,37,NO_FEEDBACK,0.7925
0.002,1.0,37,FEEDBACK_ALPHA_0_75,0.85
0.002,1.0,37,ORACLE_HMM,0.9425
0.002,1.0,38,NO_FEEDBACK,0.85
0.002,1.0,38,FEEDBACK_ALPHA_0_75,0.925
0.002,1.0,38,ORACLE_HMM,1.0
0.002,1.0,39,NO_FEEDBACK,0.7825
0.002,1.0,39,FEEDBACK_ALPHA_0_75,0.845
0.002,1.0,39,ORACLE_HMM,1.0
0.002,1.0,40,NO_FEEDBACK,0.84
0.002,1.0,40,FEEDBACK_ALPHA_0_75,0.88
0.002,1.0,40,ORACLE_HMM,0.945
0.002,1.0,41,NO_FEEDBACK,0.78
0.002,1.0,41,FEEDBACK_ALPHA_0_75,0.85
0.002,1.0,41,ORACLE_HMM,0.96
0.002,1.0,42,NO_FEEDBACK,0.745
0.002,1.0,42,FEEDBACK_ALPHA_0_75,0.83
0.002,1.0,42,ORACLE_HMM,0.9875
0.002,1.0,43,NO_FEEDBACK,0.7775
0.002,1.0,43,FEEDBACK_ALPHA_0_75,0.845
0.002,1.0,43,ORACLE_HMM,0.9425
0.002,1.0,44,NO_FEEDBACK,0.805
0.002,1.0,44,FEEDBACK_ALPHA_0_75,0.89
0.002,1.0,44,ORACLE_HMM,0.8825
0.002,1.0,45,NO_FEEDBACK,0.775
0.002,1.0,45,FEEDBACK_ALPHA_0_75,0.825
0.002,1.0,45,ORACLE_HMM,1.0
0.002,1.0,46,NO_FEEDBACK,0.8275
0.002,1.0,46,FEEDBACK_ALPHA_0_75,0.8825
0.002,1.0,46,ORACLE_HMM,0.935
0.002,1.0,47,NO_FEEDBACK,0.7925
0.002,1.0,47,FEEDBACK_ALPHA_0_75,0.86
0.002,1.0,47,ORACLE_HMM,0.9875
0.002,1.0,48,NO_FEEDBACK,0.785
0.002,1.0,48,FEEDBACK_ALPHA_0_75,0.895
0.002,1.0,48,ORACLE_HMM,1.0
0.002,1.0,49,NO_FEEDBACK,0.805
0.002,1.0,49,FEEDBACK_ALPHA_0_75,0.8825
0.002,1.0,49,ORACLE_HMM,0.925
0.002,1.0,50,NO_FEEDBACK,0.7725
0.002,1.0,50,FEEDBACK_ALPHA_0_75,0.8275
0.002,1.0,50,ORACLE_HMM,0.985
0.002,1.0,51,NO_FEEDBACK,0.8175
0.002,1.0,51,FEEDBACK_ALPHA_0_75,0.8875
0.002,1.0,51,ORACLE_HMM,0.91
0.002,1.0,52,NO_FEEDBACK,0.7975
0.002,1.0,52,FEEDBACK_ALPHA_0_75,0.8675
0.002,1.0,52,ORACLE_HMM,1.0
0.002,1.0,53,NO_FEEDBACK,0.7675
0.002,1.0,53,FEEDBACK_ALPHA_0_75,0.83
0.002,1.0,53,ORACLE_HMM,0.93
0.002,1.0,54,NO_FEEDBACK,0.7425
0.002,1.0,54,FEEDBACK_ALPHA_0_75,0.8175
0.002,1.0,54,ORACLE_HMM,1.0
0.002,1.0,55,NO_FEEDBACK,0.77
0.002,1.0,55,FEEDBACK_ALPHA_0_75,0.8125
0.002,1.0,55,ORACLE_HMM,1.0
0.002,1.0,56,NO_FEEDBACK,0.8125
0.002,1.0,56,FEEDBACK_ALPHA_0_75,0.8675
0.002,1.0,56,ORACLE_HMM,0.9975
0.002,1.0,57,NO_FEEDBACK,0.77
0.002,1.0,57,FEEDBACK_ALPHA_0_75,0.815
0.002,1.0,57,ORACLE_HMM,0.9975
0.002,1.0,58,NO_FEEDBACK,0.7775
0.002,1.0,58,FEEDBACK_ALPHA_0_75,0.8725
0.002,1.0,58,ORACLE_HMM,0.885
0.002,1.0,59,NO_FEEDBACK,0.825
0.002,1.0,59,FEEDBACK_ALPHA_0_75,0.8625
0.002,1.0,59,ORACLE_HMM,0.945
0.002,1.0,60,NO_FEEDBACK,0.8075
0.002,1.0,60,FEEDBACK_ALPHA_0_75,0.8475
0.002,1.0,60,ORACLE_HMM,0.9875
0.002,1.0,61,NO_FEEDBACK,0.7875
0.002,1.0,61,FEEDBACK_ALPHA_0_75,0.85
0.002,1.0,61,ORACLE_HMM,1.0
0.002,1.0,62,NO_FEEDBACK,0.855
0.002,1.0,62,FEEDBACK_ALPHA_0_75,0.895
0.002,1.0,62,ORACLE_HMM,1.0
0.002,1.0,63,NO_FEEDBACK,0.815
0.002,1.0,63,FEEDBACK_ALPHA_0_75,0.89
0.002,1.0,63,ORACLE_HMM,0.9275
0.002,1.0,64,NO_FEEDBACK,0.7125
0.002,1.0,64,FEEDBACK_ALPHA_0_75,0.7925
0.002,1.0,64,ORACLE_HMM,0.97
0.002,1.0,65,NO_FEEDBACK,0.8225
0.002,1.0,65,FEEDBACK_ALPHA_0_75,0.88
0.002,1.0,65,ORACLE_HMM,0.94
0.002,1.0,66,NO_FEEDBACK,0.775
0.002,1.0,66,FEEDBACK_ALPHA_0_75,0.875
0.002,1.0,66,ORACLE_HMM,0.9875
0.002,1.0,67,NO_FEEDBACK,0.8325
0.002,1.0,67,FEEDBACK_ALPHA_0_75,0.9025
0.002,1.0,67,ORACLE_HMM,0.94
0.002,1.0,68,NO_FEEDBACK,0.79
0.002,1.0,68,FEEDBACK_ALPHA_0_75,0.8775
0.002,1.0,68,ORACLE_HMM,0.99
0.002,1.0,69,NO_FEEDBACK,0.7925
0.002,1.0,69,FEEDBACK_ALPHA_0_75,0.88
0.002,1.0,69,ORACLE_HMM,0.965
0.002,1.0,70,NO_FEEDBACK,0.8025
0.002,1.0,70,FEEDBACK_ALPHA_0_75,0.84
0.002,1.0,70,ORACLE_HMM,0.975
0.002,1.0,71,NO_FEEDBACK,0.7725
0.002,1.0,71,FEEDBACK_ALPHA_0_75,0.865
0.002,1.0,71,ORACLE_HMM,0.9825
0.002,1.0,72,NO_FEEDBACK,0.7925
0.002,1.0,72,FEEDBACK_ALPHA_0_75,0.8475
0.002,1.0,72,ORACLE_HMM,1.0
0.002,1.0,73,NO_FEEDBACK,0.83
0.002,1.0,73,FEEDBACK_ALPHA_0_75,0.9075
0.002,1.0,73,ORACLE_HMM,1.0
0.002,1.0,74,NO_FEEDBACK,0.7625
0.002,1.0,74,FEEDBACK_ALPHA_0_75,0.83
0.002,1.0,74,ORACLE_HMM,1.0
0.002,1.0,75,NO_FEEDBACK,0.8025
0.002,1.0,75,FEEDBACK_ALPHA_0_75,0.895
0.002,1.0,75,ORACLE_HMM,0.9025
0.002,1.0,76,NO_FEEDBACK,0.7925
0.002,1.0,76,FEEDBACK_ALPHA_0_75,0.865
0.002,1.0,76,ORACLE_HMM,0.9925
0.002,1.0,77,NO_FEEDBACK,0.77
0.002,1.0,77,FEEDBACK_ALPHA_0_75,0.855
0.002,1.0,77,ORACLE_HMM,0.9975
0.002,1.0,78,NO_FEEDBACK,0.7975
0.002,1.0,78,FEEDBACK_ALPHA_0_75,0.875
0.002,1.0,78,ORACLE_HMM,0.94
0.002,1.0,79,NO_FEEDBACK,0.7925
0.002,1.0,79,FEEDBACK_ALPHA_0_75,0.8825
0.002,1.0,79,ORACLE_HMM,1.0
0.002,1.0,80,NO_FEEDBACK,0.7675
0.002,1.0,80,FEEDBACK_ALPHA_0_75,0.8275
0.002,1.0,80,ORACLE_HMM,1.0
0.002,1.0,81,NO_FEEDBACK,0.78
0.002,1.0,81,FEEDBACK_ALPHA_0_75,0.87
0.002,1.0,81,ORACLE_HMM,1.0
0.002,1.0,82,NO_FEEDBACK,0.7375
0.002,1.0,82,FEEDBACK_ALPHA_0_75,0.8125
0.002,1.0,82,ORACLE_HMM,0.975
0.002,1.0,83,NO_FEEDBACK,0.825
0.002,1.0,83,FEEDBACK_ALPHA_0_75,0.9175
0.002,1.0,83,ORACLE_HMM,0.985
0.002,1.0,84,NO_FEEDBACK,0.7275
0.002,1.0,84,FEEDBACK_ALPHA_0_75,0.8175
0.002,1.0,84,ORACLE_HMM,0.9975
0.002,1.0,85,NO_FEEDBACK,0.78
0.002,1.0,85,FEEDBACK_ALPHA_0_75,0.8625
0.002,1.0,85,ORACLE_HMM,1.0
0.002,1.0,86,NO_FEEDBACK,0.715
0.002,1.0,86,FEEDBACK_ALPHA_0_75,0.7325
0.002,1.0,86,ORACLE_HMM,0.9675
0.002,1.0,87,NO_FEEDBACK,0.785
0.002,1.0,87,FEEDBACK_ALPHA_0_75,0.8525
0.002,1.0,87,ORACLE_HMM,1.0
0.002,1.0,88,NO_FEEDBACK,0.72
0.002,1.0,88,FEEDBACK_ALPHA_0_75,0.775
0.002,1.0,88,ORACLE_HMM,0.8175
0.002,1.0,89,NO_FEEDBACK,0.8025
0.002,1.0,89,FEEDBACK_ALPHA_0_75,0.905
0.002,1.0,89,ORACLE_HMM,1.0
0.002,1.0,90,NO_FEEDBACK,0.8175
0.002,1.0,90,FEEDBACK_ALPHA_0_75,0.8875
0.002,1.0,90,ORACLE_HMM,0.9425
0.002,1.0,91,NO_FEEDBACK,0.7525
0.002,1.0,91,FEEDBACK_ALPHA_0_75,0.8075
0.002,1.0,91,ORACLE_HMM,0.96
0.002,1.0,92,NO_FEEDBACK,0.81
0.002,1.0,92,FEEDBACK_ALPHA_0_75,0.8675
0.002,1.0,92,ORACLE_HMM,0.96
0.002,1.0,93,NO_FEEDBACK,0.7775
0.002,1.0,93,FEEDBACK_ALPHA_0_75,0.8525
0.002,1.0,93,ORACLE_HMM,1.0
0.002,1.0,94,NO_FEEDBACK,0.7825
0.002,1.0,94,FEEDBACK_ALPHA_0_75,0.8725
0.002,1.0,94,ORACLE_HMM,0.9875
0.002,1.0,95,NO_FEEDBACK,0.7425
0.002,1.0,95,FEEDBACK_ALPHA_0_75,0.785
0.002,1.0,95,ORACLE_HMM,0.9375
0.002,1.0,96,NO_FEEDBACK,0.795
0.002,1.0,96,FEEDBACK_ALPHA_0_75,0.8325
0.002,1.0,96,ORACLE_HMM,0.91
0.002,1.0,97,NO_FEEDBACK,0.82
0.002,1.0,97,FEEDBACK_ALPHA_0_75,0.905
0.002,1.0,97,ORACLE_HMM,0.9725
0.002,1.0,98,NO_FEEDBACK,0.72
0.002,1.0,98,FEEDBACK_ALPHA_0_75,0.7775
0.002,1.0,98,ORACLE_HMM,0.9925
0.002,1.0,99,NO_FEEDBACK,0.825
0.002,1.0,99,FEEDBACK_ALPHA_0_75,0.8825
0.002,1.0,99,ORACLE_HMM,0.995
0.002,1.5,0,NO_FEEDBACK,0.7475
0.002,1.5,0,FEEDBACK_ALPHA_0_75,0.7775
0.002,1.5,0,ORACLE_HMM,1.0
0.002,1.5,1,NO_FEEDBACK,0.6975
0.002,1.5,1,FEEDBACK_ALPHA_0_75,0.745
0.002,1.5,1,ORACLE_HMM,0.9825
0.002,1.5,2,NO_FEEDBACK,0.68
0.002,1.5,2,FEEDBACK_ALPHA_0_75,0.745
0.002,1.5,2,ORACLE_HMM,0.9875
0.002,1.5,3,NO_FEEDBACK,0.72
0.002,1.5,3,FEEDBACK_ALPHA_0_75,0.75
0.002,1.5,3,ORACLE_HMM,0.9525
0.002,1.5,4,NO_FEEDBACK,0.7025
0.002,1.5,4,FEEDBACK_ALPHA_0_75,0.7875
0.002,1.5,4,ORACLE_HMM,0.9375
0.002,1.5,5,NO_FEEDBACK,0.6675
0.002,1.5,5,FEEDBACK_ALPHA_0_75,0.7575
0.002,1.5,5,ORACLE_HMM,0.9225
0.002,1.5,6,NO_FEEDBACK,0.73
0.002,1.5,6,FEEDBACK_ALPHA_0_75,0.82
0.002,1.5,6,ORACLE_HMM,0.96
0.002,1.5,7,NO_FEEDBACK,0.7025
0.002,1.5,7,FEEDBACK_ALPHA_0_75,0.76
0.002,1.5,7,ORACLE_HMM,0.915
0.002,1.5,8,NO_FEEDBACK,0.755
0.002,1.5,8,FEEDBACK_ALPHA_0_75,0.7975
0.002,1.5,8,ORACLE_HMM,0.9925
0.002,1.5,9,NO_FEEDBACK,0.7425
0.002,1.5,9,FEEDBACK_ALPHA_0_75,0.75
0.002,1.5,9,ORACLE_HMM,0.8925
0.002,1.5,10,NO_FEEDBACK,0.77
0.002,1.5,10,FEEDBACK_ALPHA_0_75,0.845
0.002,1.5,10,ORACLE_HMM,0.955
0.002,1.5,11,NO_FEEDBACK,0.7525
0.002,1.5,11,FEEDBACK_ALPHA_0_75,0.795
0.002,1.5,11,ORACLE_HMM,1.0
0.002,1.5,12,NO_FEEDBACK,0.71
0.002,1.5,12,FEEDBACK_ALPHA_0_75,0.7775
0.002,1.5,12,ORACLE_HMM,1.0
0.002,1.5,13,NO_FEEDBACK,0.6875
0.002,1.5,13,FEEDBACK_ALPHA_0_75,0.7525
0.002,1.5,13,ORACLE_HMM,1.0
0.002,1.5,14,NO_FEEDBACK,0.6875
0.002,1.5,14,FEEDBACK_ALPHA_0_75,0.715
0.002,1.5,14,ORACLE_HMM,0.91
0.002,1.5,15,NO_FEEDBACK,0.7225
0.002,1.5,15,FEEDBACK_ALPHA_0_75,0.815
0.002,1.5,15,ORACLE_HMM,1.0
0.002,1.5,16,NO_FEEDBACK,0.7525
0.002,1.5,16,FEEDBACK_ALPHA_0_75,0.815
0.002,1.5,16,ORACLE_HMM,1.0
0.002,1.5,17,NO_FEEDBACK,0.7225
0.002,1.5,17,FEEDBACK_ALPHA_0_75,0.76
0.002,1.5,17,ORACLE_HMM,1.0
0.002,1.5,18,NO_FEEDBACK,0.78
0.002,1.5,18,FEEDBACK_ALPHA_0_75,0.8225
0.002,1.5,18,ORACLE_HMM,1.0
0.002,1.5,19,NO_FEEDBACK,0.7275
0.002,1.5,19,FEEDBACK_ALPHA_0_75,0.83
0.002,1.5,19,ORACLE_HMM,0.9975
0.002,1.5,20,NO_FEEDBACK,0.68
0.002,1.5,20,FEEDBACK_ALPHA_0_75,0.69
0.002,1.5,20,ORACLE_HMM,0.915
0.002,1.5,21,NO_FEEDBACK,0.7025
0.002,1.5,21,FEEDBACK_ALPHA_0_75,0.785
0.002,1.5,21,ORACLE_HMM,0.9675
0.002,1.5,22,NO_FEEDBACK,0.6925
0.002,1.5,22,FEEDBACK_ALPHA_0_75,0.8
0.002,1.5,22,ORACLE_HMM,0.91
0.002,1.5,23,NO_FEEDBACK,0.7675
0.002,1.5,23,FEEDBACK_ALPHA_0_75,0.835
0.002,1.5,23,ORACLE_HMM,0.9525
0.002,1.5,24,NO_FEEDBACK,0.7625
0.002,1.5,24,FEEDBACK_ALPHA_0_75,0.825
0.002,1.5,24,ORACLE_HMM,0.9875
0.002,1.5,25,NO_FEEDBACK,0.6825
0.002,1.5,25,FEEDBACK_ALPHA_0_75,0.7075
0.002,1.5,25,ORACLE_HMM,0.9875
0.002,1.5,26,NO_FEEDBACK,0.6975
0.002,1.5,26,FEEDBACK_ALPHA_0_75,0.7725
0.002,1.5,26,ORACLE_HMM,1.0
0.002,1.5,27,NO_FEEDBACK,0.7675
0.002,1.5,27,FEEDBACK_ALPHA_0_75,0.85
0.002,1.5,27,ORACLE_HMM,1.0
0.002,1.5,28,NO_FEEDBACK,0.7175
0.002,1.5,28,FEEDBACK_ALPHA_0_75,0.7625
0.002,1.5,28,ORACLE_HMM,0.9025
0.002,1.5,29,NO_FEEDBACK,0.73
0.002,1.5,29,FEEDBACK_ALPHA_0_75,0.805
0.002,1.5,29,ORACLE_HMM,1.0
0.002,1.5,30,NO_FEEDBACK,0.685
0.002,1.5,30,FEEDBACK_ALPHA_0_75,0.73
0.002,1.5,30,ORACLE_HMM,0.8525
0.002,1.5,31,NO_FEEDBACK,0.6925
0.002,1.5,31,FEEDBACK_ALPHA_0_75,0.77
0.002,1.5,31,ORACLE_HMM,0.9175
0.002,1.5,32,NO_FEEDBACK,0.755
0.002,1.5,32,FEEDBACK_ALPHA_0_75,0.7975
0.002,1.5,32,ORACLE_HMM,1.0
0.002,1.5,33,NO_FEEDBACK,0.7475
0.002,1.5,33,FEEDBACK_ALPHA_0_75,0.8175
0.002,1.5,33,ORACLE_HMM,1.0
0.002,1.5,34,NO_FEEDBACK,0.7175
0.002,1.5,34,FEEDBACK_ALPHA_0_75,0.775
0.002,1.5,34,ORACLE_HMM,0.925
0.002,1.5,35,NO_FEEDBACK,0.7175
0.002,1.5,35,FEEDBACK_ALPHA_0_75,0.78
0.002,1.5,35,ORACLE_HMM,0.955
0.002,1.5,36,NO_FEEDBACK,0.7125
0.002,1.5,36,FEEDBACK_ALPHA_0_75,0.7475
0.002,1.5,36,ORACLE_HMM,1.0
0.002,1.5,37,NO_FEEDBACK,0.7075
0.002,1.5,37,FEEDBACK_ALPHA_0_75,0.795
0.002,1.5,37,ORACLE_HMM,0.99
0.002,1.5,38,NO_FEEDBACK,0.7125
0.002,1.5,38,FEEDBACK_ALPHA_0_75,0.7525
0.002,1.5,38,ORACLE_HMM,0.89
0.002,1.5,39,NO_FEEDBACK,0.7775
0.002,1.5,39,FEEDBACK_ALPHA_0_75,0.8225
0.002,1.5,39,ORACLE_HMM,0.91
0.002,1.5,40,NO_FEEDBACK,0.76
0.002,1.5,40,FEEDBACK_ALPHA_0_75,0.845
0.002,1.5,40,ORACLE_HMM,1.0
0.002,1.5,41,NO_FEEDBACK,0.7325
0.002,1.5,41,FEEDBACK_ALPHA_0_75,0.7625
0.002,1.5,41,ORACLE_HMM,0.995
0.002,1.5,42,NO_FEEDBACK,0.7325
0.002,1.5,42,FEEDBACK_ALPHA_0_75,0.8475
0.002,1.5,42,ORACLE_HMM,1.0
0.002,1.5,43,NO_FEEDBACK,0.73
0.002,1.5,43,FEEDBACK_ALPHA_0_75,0.8
0.002,1.5,43,ORACLE_HMM,0.95
0.002,1.5,44,NO_FEEDBACK,0.7325
0.002,1.5,44,FEEDBACK_ALPHA_0_75,0.8075
0.002,1.5,44,ORACLE_HMM,0.9025
0.002,1.5,45,NO_FEEDBACK,0.715
0.002,1.5,45,FEEDBACK_ALPHA_0_75,0.7975
0.002,1.5,45,ORACLE_HMM,1.0
0.002,1.5,46,NO_FEEDBACK,0.72
0.002,1.5,46,FEEDBACK_ALPHA_0_75,0.77
0.002,1.5,46,ORACLE_HMM,0.9525
0.002,1.5,47,NO_FEEDBACK,0.7425
0.002,1.5,47,FEEDBACK_ALPHA_0_75,0.7875
0.002,1.5,47,ORACLE_HMM,0.985
0.002,1.5,48,NO_FEEDBACK,0.6725
0.002,1.5,48,FEEDBACK_ALPHA_0_75,0.7
0.002,1.5,48,ORACLE_HMM,0.845
0.002,1.5,49,NO_FEEDBACK,0.695
0.002,1.5,49,FEEDBACK_ALPHA_0_75,0.74
0.002,1.5,49,ORACLE_HMM,0.9525
0.002,1.5,50,NO_FEEDBACK,0.635
0.002,1.5,50,FEEDBACK_ALPHA_0_75,0.6825
0.002,1.5,50,ORACLE_HMM,0.955
0.002,1.5,51,NO_FEEDBACK,0.715
0.002,1.5,51,FEEDBACK_ALPHA_0_75,0.7325
0.002,1.5,51,ORACLE_HMM,0.8925
0.002,1.5,52,NO_FEEDBACK,0.735
0.002,1.5,52,FEEDBACK_ALPHA_0_75,0.8175
0.002,1.5,52,ORACLE_HMM,0.9425
0.002,1.5,53,NO_FEEDBACK,0.745
0.002,1.5,53,FEEDBACK_ALPHA_0_75,0.7775
0.002,1.5,53,ORACLE_HMM,0.9925
0.002,1.5,54,NO_FEEDBACK,0.7125
0.002,1.5,54,FEEDBACK_ALPHA_0_75,0.7925
0.002,1.5,54,ORACLE_HMM,0.99
0.002,1.5,55,NO_FEEDBACK,0.7525
0.002,1.5,55,FEEDBACK_ALPHA_0_75,0.7625
0.002,1.5,55,ORACLE_HMM,0.975
0.002,1.5,56,NO_FEEDBACK,0.7575
0.002,1.5,56,FEEDBACK_ALPHA_0_75,0.815
0.002,1.5,56,ORACLE_HMM,1.0
0.002,1.5,57,NO_FEEDBACK,0.77
0.002,1.5,57,FEEDBACK_ALPHA_0_75,0.85
0.002,1.5,57,ORACLE_HMM,1.0
0.002,1.5,58,NO_FEEDBACK,0.74
0.002,1.5,58,FEEDBACK_ALPHA_0_75,0.8025
0.002,1.5,58,ORACLE_HMM,1.0
0.002,1.5,59,NO_FEEDBACK,0.7475
0.002,1.5,59,FEEDBACK_ALPHA_0_75,0.8175
0.002,1.5,59,ORACLE_HMM,0.925
0.002,1.5,60,NO_FEEDBACK,0.76
0.002,1.5,60,FEEDBACK_ALPHA_0_75,0.8075
0.002,1.5,60,ORACLE_HMM,0.985
0.002,1.5,61,NO_FEEDBACK,0.76
0.002,1.5,61,FEEDBACK_ALPHA_0_75,0.815
0.002,1.5,61,ORACLE_HMM,0.96
0.002,1.5,62,NO_FEEDBACK,0.7075
0.002,1.5,62,FEEDBACK_ALPHA_0_75,0.755
0.002,1.5,62,ORACLE_HMM,0.995
0.002,1.5,63,NO_FEEDBACK,0.7425
0.002,1.5,63,FEEDBACK_ALPHA_0_75,0.785
0.002,1.5,63,ORACLE_HMM,0.9825
0.002,1.5,64,NO_FEEDBACK,0.69
0.002,1.5,64,FEEDBACK_ALPHA_0_75,0.715
0.002,1.5,64,ORACLE_HMM,0.8775
0.002,1.5,65,NO_FEEDBACK,0.725
0.002,1.5,65,FEEDBACK_ALPHA_0_75,0.765
0.002,1.5,65,ORACLE_HMM,1.0
0.002,1.5,66,NO_FEEDBACK,0.74
0.002,1.5,66,FEEDBACK_ALPHA_0_75,0.795
0.002,1.5,66,ORACLE_HMM,0.995
0.002,1.5,67,NO_FEEDBACK,0.7525
0.002,1.5,67,FEEDBACK_ALPHA_0_75,0.8225
0.002,1.5,67,ORACLE_HMM,0.9925
0.002,1.5,68,NO_FEEDBACK,0.725
0.002,1.5,68,FEEDBACK_ALPHA_0_75,0.755
0.002,1.5,68,ORACLE_HMM,0.9075
0.002,1.5,69,NO_FEEDBACK,0.7
0.002,1.5,69,FEEDBACK_ALPHA_0_75,0.7375
0.002,1.5,69,ORACLE_HMM,0.9375
0.002,1.5,70,NO_FEEDBACK,0.7075
0.002,1.5,70,FEEDBACK_ALPHA_0_75,0.735
0.002,1.5,70,ORACLE_HMM,0.845
0.002,1.5,71,NO_FEEDBACK,0.7825
0.002,1.5,71,FEEDBACK_ALPHA_0_75,0.8375
0.002,1.5,71,ORACLE_HMM,0.9725
0.002,1.5,72,NO_FEEDBACK,0.6775
0.002,1.5,72,FEEDBACK_ALPHA_0_75,0.745
0.002,1.5,72,ORACLE_HMM,0.98
0.002,1.5,73,NO_FEEDBACK,0.73
0.002,1.5,73,FEEDBACK_ALPHA_0_75,0.79
0.002,1.5,73,ORACLE_HMM,0.945
0.002,1.5,74,NO_FEEDBACK,0.7925
0.002,1.5,74,FEEDBACK_ALPHA_0_75,0.88
0.002,1.5,74,ORACLE_HMM,1.0
0.002,1.5,75,NO_FEEDBACK,0.73
0.002,1.5,75,FEEDBACK_ALPHA_0_75,0.8025
0.002,1.5,75,ORACLE_HMM,0.9475
0.002,1.5,76,NO_FEEDBACK,0.7175
0.002,1.5,76,FEEDBACK_ALPHA_0_75,0.7825
0.002,1.5,76,ORACLE_HMM,0.8875
0.002,1.5,77,NO_FEEDBACK,0.745
0.002,1.5,77,FEEDBACK_ALPHA_0_75,0.7825
0.002,1.5,77,ORACLE_HMM,0.9825
0.002,1.5,78,NO_FEEDBACK,0.6625
0.002,1.5,78,FEEDBACK_ALPHA_0_75,0.735
0.002,1.5,78,ORACLE_HMM,1.0
0.002,1.5,79,NO_FEEDBACK,0.7275
0.002,1.5,79,FEEDBACK_ALPHA_0_75,0.785
0.002,1.5,79,ORACLE_HMM,0.93
0.002,1.5,80,NO_FEEDBACK,0.745
0.002,1.5,80,FEEDBACK_ALPHA_0_75,0.8375
0.002,1.5,80,ORACLE_HMM,1.0
0.002,1.5,81,NO_FEEDBACK,0.7225
0.002,1.5,81,FEEDBACK_ALPHA_0_75,0.76
0.002,1.5,81,ORACLE_HMM,0.9125
0.002,1.5,82,NO_FEEDBACK,0.71
0.002,1.5,82,FEEDBACK_ALPHA_0_75,0.7925
0.002,1.5,82,ORACLE_HMM,0.915
0.002,1.5,83,NO_FEEDBACK,0.7375
0.002,1.5,83,FEEDBACK_ALPHA_0_75,0.7975
0.002,1.5,83,ORACLE_HMM,1.0
0.002,1.5,84,NO_FEEDBACK,0.74
0.002,1.5,84,FEEDBACK_ALPHA_0_75,0.74
0.002,1.5,84,ORACLE_HMM,0.9925
0.002,1.5,85,NO_FEEDBACK,0.705
0.002,1.5,85,FEEDBACK_ALPHA_0_75,0.775
0.002,1.5,85,ORACLE_HMM,0.9325
0.002,1.5,86,NO_FEEDBACK,0.6875
0.002,1.5,86,FEEDBACK_ALPHA_0_75,0.7575
0.002,1.5,86,ORACLE_HMM,1.0
0.002,1.5,87,NO_FEEDBACK,0.71
0.002,1.5,87,FEEDBACK_ALPHA_0_75,0.7475
0.002,1.5,87,ORACLE_HMM,0.9975
0.002,1.5,88,NO_FEEDBACK,0.6875
0.002,1.5,88,FEEDBACK_ALPHA_0_75,0.73
0.002,1.5,88,ORACLE_HMM,0.915
0.002,1.5,89,NO_FEEDBACK,0.755
0.002,1.5,89,FEEDBACK_ALPHA_0_75,0.82
0.002,1.5,89,ORACLE_HMM,0.9425
0.002,1.5,90,NO_FEEDBACK,0.7175
0.002,1.5,90,FEEDBACK_ALPHA_0_75,0.8
0.002,1.5,90,ORACLE_HMM,1.0
0.002,1.5,91,NO_FEEDBACK,0.71
0.002,1.5,91,FEEDBACK_ALPHA_0_75,0.775
0.002,1.5,91,ORACLE_HMM,0.93
0.002,1.5,92,NO_FEEDBACK,0.6575
0.002,1.5,92,FEEDBACK_ALPHA_0_75,0.725
0.002,1.5,92,ORACLE_HMM,0.9725
0.002,1.5,93,NO_FEEDBACK,0.7175
0.002,1.5,93,FEEDBACK_ALPHA_0_75,0.7925
0.002,1.5,93,ORACLE_HMM,0.9575
0.002,1.5,94,NO_FEEDBACK,0.725
0.002,1.5,94,FEEDBACK_ALPHA_0_75,0.795
0.002,1.5,94,ORACLE_HMM,0.9275
0.002,1.5,95,NO_FEEDBACK,0.72
0.002,1.5,95,FEEDBACK_ALPHA_0_75,0.7725
0.002,1.5,95,ORACLE_HMM,0.8975
0.002,1.5,96,NO_FEEDBACK,0.715
0.002,1.5,96,FEEDBACK_ALPHA_0_75,0.7725
0.002,1.5,96,ORACLE_HMM,1.0
0.002,1.5,97,NO_FEEDBACK,0.7325
0.002,1.5,97,FEEDBACK_ALPHA_0_75,0.81
0.002,1.5,97,ORACLE_HMM,0.9675
0.002,1.5,98,NO_FEEDBACK,0.7225
0.002,1.5,98,FEEDBACK_ALPHA_0_75,0.7525
0.002,1.5,98,ORACLE_HMM,0.9625
0.002,1.5,99,NO_FEEDBACK,0.7075
0.002,1.5,99,FEEDBACK_ALPHA_0_75,0.79
0.002,1.5,99,ORACLE_HMM,0.9425
0.01,0.5,0,NO_FEEDBACK,0.835
0.01,0.5,0,FEEDBACK_ALPHA_0_75,0.8625
0.01,0.5,0,ORACLE_HMM,0.8725
0.01,0.5,1,NO_FEEDBACK,0.875
0.01,0.5,1,FEEDBACK_ALPHA_0_75,0.88
0.01,0.5,1,ORACLE_HMM,0.92
0.01,0.5,2,NO_FEEDBACK,0.8575
0.01,0.5,2,FEEDBACK_ALPHA_0_75,0.85
0.01,0.5,2,ORACLE_HMM,0.89
0.01,0.5,3,NO_FEEDBACK,0.89
0.01,0.5,3,FEEDBACK_ALPHA_0_75,0.9
0.01,0.5,3,ORACLE_HMM,0.925
0.01,0.5,4,NO_FEEDBACK,0.8925
0.01,0.5,4,FEEDBACK_ALPHA_0_75,0.92
0.01,0.5,4,ORACLE_HMM,0.92
0.01,0.5,5,NO_FEEDBACK,0.9375
0.01,0.5,5,FEEDBACK_ALPHA_0_75,0.945
0.01,0.5,5,ORACLE_HMM,0.97
0.01,0.5,6,NO_FEEDBACK,0.925
0.01,0.5,6,FEEDBACK_ALPHA_0_75,0.93
0.01,0.5,6,ORACLE_HMM,0.945
0.01,0.5,7,NO_FEEDBACK,0.865
0.01,0.5,7,FEEDBACK_ALPHA_0_75,0.8775
0.01,0.5,7,ORACLE_HMM,0.8925
0.01,0.5,8,NO_FEEDBACK,0.8225
0.01,0.5,8,FEEDBACK_ALPHA_0_75,0.86
0.01,0.5,8,ORACLE_HMM,0.855
0.01,0.5,9,NO_FEEDBACK,0.8875
0.01,0.5,9,FEEDBACK_ALPHA_0_75,0.8975
0.01,0.5,9,ORACLE_HMM,0.8875
0.01,0.5,10,NO_FEEDBACK,0.875
0.01,0.5,10,FEEDBACK_ALPHA_0_75,0.885
0.01,0.5,10,ORACLE_HMM,0.93
0.01,0.5,11,NO_FEEDBACK,0.8875
0.01,0.5,11,FEEDBACK_ALPHA_0_75,0.905
0.01,0.5,11,ORACLE_HMM,0.935
0.01,0.5,12,NO_FEEDBACK,0.8725
0.01,0.5,12,FEEDBACK_ALPHA_0_75,0.8775
0.01,0.5,12,ORACLE_HMM,0.9425
0.01,0.5,13,NO_FEEDBACK,0.9025
0.01,0.5,13,FEEDBACK_ALPHA_0_75,0.8925
0.01,0.5,13,ORACLE_HMM,0.925
0.01,0.5,14,NO_FEEDBACK,0.9225
0.01,0.5,14,FEEDBACK_ALPHA_0_75,0.9525
0.01,0.5,14,ORACLE_HMM,0.9975
0.01,0.5,15,NO_FEEDBACK,0.845
0.01,0.5,15,FEEDBACK_ALPHA_0_75,0.875
0.01,0.5,15,ORACLE_HMM,0.9
0.01,0.5,16,NO_FEEDBACK,0.8975
0.01,0.5,16,FEEDBACK_ALPHA_0_75,0.9075
0.01,0.5,16,ORACLE_HMM,0.945
0.01,0.5,17,NO_FEEDBACK,0.885
0.01,0.5,17,FEEDBACK_ALPHA_0_75,0.9175
0.01,0.5,17,ORACLE_HMM,0.96
0.01,0.5,18,NO_FEEDBACK,0.845
0.01,0.5,18,FEEDBACK_ALPHA_0_75,0.835
0.01,0.5,18,ORACLE_HMM,0.92
0.01,0.5,19,NO_FEEDBACK,0.9225
0.01,0.5,19,FEEDBACK_ALPHA_0_75,0.945
0.01,0.5,19,ORACLE_HMM,0.9475
0.01,0.5,20,NO_FEEDBACK,0.9375
0.01,0.5,20,FEEDBACK_ALPHA_0_75,0.95
0.01,0.5,20,ORACLE_HMM,0.9625
0.01,0.5,21,NO_FEEDBACK,0.86
0.01,0.5,21,FEEDBACK_ALPHA_0_75,0.87
0.01,0.5,21,ORACLE_HMM,0.9475
0.01,0.5,22,NO_FEEDBACK,0.9
0.01,0.5,22,FEEDBACK_ALPHA_0_75,0.9125
0.01,0.5,22,ORACLE_HMM,0.9125
0.01,0.5,23,NO_FEEDBACK,0.915
0.01,0.5,23,FEEDBACK_ALPHA_0_75,0.925
0.01,0.5,23,ORACLE_HMM,0.9675
0.01,0.5,24,NO_FEEDBACK,0.8525
0.01,0.5,24,FEEDBACK_ALPHA_0_75,0.8675
0.01,0.5,24,ORACLE_HMM,0.9275
0.01,0.5,25,NO_FEEDBACK,0.895
0.01,0.5,25,FEEDBACK_ALPHA_0_75,0.9225
0.01,0.5,25,ORACLE_HMM,0.9425
0.01,0.5,26,NO_FEEDBACK,0.8725
0.01,0.5,26,FEEDBACK_ALPHA_0_75,0.88
0.01,0.5,26,ORACLE_HMM,0.9225
0.01,0.5,27,NO_FEEDBACK,0.8825
0.01,0.5,27,FEEDBACK_ALPHA_0_75,0.8875
0.01,0.5,27,ORACLE_HMM,0.92
0.01,0.5,28,NO_FEEDBACK,0.9375
0.01,0.5,28,FEEDBACK_ALPHA_0_75,0.9425
0.01,0.5,28,ORACLE_HMM,0.98
0.01,0.5,29,NO_FEEDBACK,0.9
0.01,0.5,29,FEEDBACK_ALPHA_0_75,0.9175
0.01,0.5,29,ORACLE_HMM,0.9325
0.01,0.5,30,NO_FEEDBACK,0.9075
0.01,0.5,30,FEEDBACK_ALPHA_0_75,0.9275
0.01,0.5,30,ORACLE_HMM,0.9325
0.01,0.5,31,NO_FEEDBACK,0.8125
0.01,0.5,31,FEEDBACK_ALPHA_0_75,0.8175
0.01,0.5,31,ORACLE_HMM,0.885
0.01,0.5,32,NO_FEEDBACK,0.9325
0.01,0.5,32,FEEDBACK_ALPHA_0_75,0.935
0.01,0.5,32,ORACLE_HMM,0.945
0.01,0.5,33,NO_FEEDBACK,0.815
0.01,0.5,33,FEEDBACK_ALPHA_0_75,0.815
0.01,0.5,33,ORACLE_HMM,0.9475
0.01,0.5,34,NO_FEEDBACK,0.8325
0.01,0.5,34,FEEDBACK_ALPHA_0_75,0.85
0.01,0.5,34,ORACLE_HMM,0.8925
0.01,0.5,35,NO_FEEDBACK,0.805
0.01,0.5,35,FEEDBACK_ALPHA_0_75,0.8125
0.01,0.5,35,ORACLE_HMM,0.8725
0.01,0.5,36,NO_FEEDBACK,0.89
0.01,0.5,36,FEEDBACK_ALPHA_0_75,0.9125
0.01,0.5,36,ORACLE_HMM,0.945
0.01,0.5,37,NO_FEEDBACK,0.8475
0.01,0.5,37,FEEDBACK_ALPHA_0_75,0.87
0.01,0.5,37,ORACLE_HMM,0.93
0.01,0.5,38,NO_FEEDBACK,0.935
0.01,0.5,38,FEEDBACK_ALPHA_0_75,0.9425
0.01,0.5,38,ORACLE_HMM,0.97
0.01,0.5,39,NO_FEEDBACK,0.8225
0.01,0.5,39,FEEDBACK_ALPHA_0_75,0.8275
0.01,0.5,39,ORACLE_HMM,0.905
0.01,0.5,40,NO_FEEDBACK,0.8675
0.01,0.5,40,FEEDBACK_ALPHA_0_75,0.8775
0.01,0.5,40,ORACLE_HMM,0.925
0.01,0.5,41,NO_FEEDBACK,0.87
0.01,0.5,41,FEEDBACK_ALPHA_0_75,0.88
0.01,0.5,41,ORACLE_HMM,0.8875
0.01,0.5,42,NO_FEEDBACK,0.9375
0.01,0.5,42,FEEDBACK_ALPHA_0_75,0.9525
0.01,0.5,42,ORACLE_HMM,0.9725
0.01,0.5,43,NO_FEEDBACK,0.75
0.01,0.5,43,FEEDBACK_ALPHA_0_75,0.7775
0.01,0.5,43,ORACLE_HMM,0.8075
0.01,0.5,44,NO_FEEDBACK,0.8625
0.01,0.5,44,FEEDBACK_ALPHA_0_75,0.8675
0.01,0.5,44,ORACLE_HMM,0.9475
0.01,0.5,45,NO_FEEDBACK,0.8625
0.01,0.5,45,FEEDBACK_ALPHA_0_75,0.875
0.01,0.5,45,ORACLE_HMM,0.9525
0.01,0.5,46,NO_FEEDBACK,0.82
0.01,0.5,46,FEEDBACK_ALPHA_0_75,0.81
0.01,0.5,46,ORACLE_HMM,0.8525
0.01,0.5,47,NO_FEEDBACK,0.935
0.01,0.5,47,FEEDBACK_ALPHA_0_75,0.9425
0.01,0.5,47,ORACLE_HMM,0.9525
0.01,0.5,48,NO_FEEDBACK,0.815
0.01,0.5,48,FEEDBACK_ALPHA_0_75,0.8375
0.01,0.5,48,ORACLE_HMM,0.89
0.01,0.5,49,NO_FEEDBACK,0.8275
0.01,0.5,49,FEEDBACK_ALPHA_0_75,0.825
0.01,0.5,49,ORACLE_HMM,0.8775
0.01,0.5,50,NO_FEEDBACK,0.9275
0.01,0.5,50,FEEDBACK_ALPHA_0_75,0.945
0.01,0.5,50,ORACLE_HMM,0.955
0.01,0.5,51,NO_FEEDBACK,0.935
0.01,0.5,51,FEEDBACK_ALPHA_0_75,0.9225
0.01,0.5,51,ORACLE_HMM,0.9875
0.01,0.5,52,NO_FEEDBACK,0.9
0.01,0.5,52,FEEDBACK_ALPHA_0_75,0.925
0.01,0.5,52,ORACLE_HMM,0.9225
0.01,0.5,53,NO_FEEDBACK,0.96
0.01,0.5,53,FEEDBACK_ALPHA_0_75,0.98
0.01,0.5,53,ORACLE_HMM,0.9775
0.01,0.5,54,NO_FEEDBACK,0.8975
0.01,0.5,54,FEEDBACK_ALPHA_0_75,0.8775
0.01,0.5,54,ORACLE_HMM,0.9375
0.01,0.5,55,NO_FEEDBACK,0.8475
0.01,0.5,55,FEEDBACK_ALPHA_0_75,0.875
0.01,0.5,55,ORACLE_HMM,0.8975
0.01,0.5,56,NO_FEEDBACK,0.875
0.01,0.5,56,FEEDBACK_ALPHA_0_75,0.89
0.01,0.5,56,ORACLE_HMM,0.9125
0.01,0.5,57,NO_FEEDBACK,0.895
0.01,0.5,57,FEEDBACK_ALPHA_0_75,0.9225
0.01,0.5,57,ORACLE_HMM,0.9375
0.01,0.5,58,NO_FEEDBACK,0.9175
0.01,0.5,58,FEEDBACK_ALPHA_0_75,0.935
0.01,0.5,58,ORACLE_HMM,0.945
0.01,0.5,59,NO_FEEDBACK,0.915
0.01,0.5,59,FEEDBACK_ALPHA_0_75,0.94
0.01,0.5,59,ORACLE_HMM,0.9925
0.01,0.5,60,NO_FEEDBACK,0.86
0.01,0.5,60,FEEDBACK_ALPHA_0_75,0.8725
0.01,0.5,60,ORACLE_HMM,0.9175
0.01,0.5,61,NO_FEEDBACK,0.8725
0.01,0.5,61,FEEDBACK_ALPHA_0_75,0.8875
0.01,0.5,61,ORACLE_HMM,0.915
0.01,0.5,62,NO_FEEDBACK,0.8725
0.01,0.5,62,FEEDBACK_ALPHA_0_75,0.88
0.01,0.5,62,ORACLE_HMM,0.9275
0.01,0.5,63,NO_FEEDBACK,0.845
0.01,0.5,63,FEEDBACK_ALPHA_0_75,0.85
0.01,0.5,63,ORACLE_HMM,0.915
0.01,0.5,64,NO_FEEDBACK,0.92
0.01,0.5,64,FEEDBACK_ALPHA_0_75,0.9475
0.01,0.5,64,ORACLE_HMM,0.9825
0.01,0.5,65,NO_FEEDBACK,0.8825
0.01,0.5,65,FEEDBACK_ALPHA_0_75,0.9
0.01,0.5,65,ORACLE_HMM,0.94
0.01,0.5,66,NO_FEEDBACK,0.885
0.01,0.5,66,FEEDBACK_ALPHA_0_75,0.89
0.01,0.5,66,ORACLE_HMM,0.9375
0.01,0.5,67,NO_FEEDBACK,0.9225
0.01,0.5,67,FEEDBACK_ALPHA_0_75,0.9225
0.01,0.5,67,ORACLE_HMM,0.9575
0.01,0.5,68,NO_FEEDBACK,0.855
0.01,0.5,68,FEEDBACK_ALPHA_0_75,0.8775
0.01,0.5,68,ORACLE_HMM,0.965
0.01,0.5,69,NO_FEEDBACK,0.8675
0.01,0.5,69,FEEDBACK_ALPHA_0_75,0.8825
0.01,0.5,69,ORACLE_HMM,0.965
0.01,0.5,70,NO_FEEDBACK,0.915
0.01,0.5,70,FEEDBACK_ALPHA_0_75,0.93
0.01,0.5,70,ORACLE_HMM,0.955
0.01,0.5,71,NO_FEEDBACK,0.8675
0.01,0.5,71,FEEDBACK_ALPHA_0_75,0.8875
0.01,0.5,71,ORACLE_HMM,0.935
0.01,0.5,72,NO_FEEDBACK,0.9325
0.01,0.5,72,FEEDBACK_ALPHA_0_75,0.96
0.01,0.5,72,ORACLE_HMM,0.89
0.01,0.5,73,NO_FEEDBACK,0.89
0.01,0.5,73,FEEDBACK_ALPHA_0_75,0.905
0.01,0.5,73,ORACLE_HMM,0.9575
0.01,0.5,74,NO_FEEDBACK,0.885
0.01,0.5,74,FEEDBACK_ALPHA_0_75,0.9
0.01,0.5,74,ORACLE_HMM,0.89
0.01,0.5,75,NO_FEEDBACK,0.9025
0.01,0.5,75,FEEDBACK_ALPHA_0_75,0.925
0.01,0.5,75,ORACLE_HMM,0.975
0.01,0.5,76,NO_FEEDBACK,0.9375
0.01,0.5,76,FEEDBACK_ALPHA_0_75,0.9325
0.01,0.5,76,ORACLE_HMM,0.9475
0.01,0.5,77,NO_FEEDBACK,0.86
0.01,0.5,77,FEEDBACK_ALPHA_0_75,0.875
0.01,0.5,77,ORACLE_HMM,0.91
0.01,0.5,78,NO_FEEDBACK,0.9075
0.01,0.5,78,FEEDBACK_ALPHA_0_75,0.9175
0.01,0.5,78,ORACLE_HMM,0.96
0.01,0.5,79,NO_FEEDBACK,0.8725
0.01,0.5,79,FEEDBACK_ALPHA_0_75,0.8825
0.01,0.5,79,ORACLE_HMM,0.9475
0.01,0.5,80,NO_FEEDBACK,0.805
0.01,0.5,80,FEEDBACK_ALPHA_0_75,0.8025
0.01,0.5,80,ORACLE_HMM,0.84
0.01,0.5,81,NO_FEEDBACK,0.8325
0.01,0.5,81,FEEDBACK_ALPHA_0_75,0.8475
0.01,0.5,81,ORACLE_HMM,0.8575
0.01,0.5,82,NO_FEEDBACK,0.885
0.01,0.5,82,FEEDBACK_ALPHA_0_75,0.895
0.01,0.5,82,ORACLE_HMM,0.8975
0.01,0.5,83,NO_FEEDBACK,0.9
0.01,0.5,83,FEEDBACK_ALPHA_0_75,0.9125
0.01,0.5,83,ORACLE_HMM,0.925
0.01,0.5,84,NO_FEEDBACK,0.9625
0.01,0.5,84,FEEDBACK_ALPHA_0_75,0.9675
0.01,0.5,84,ORACLE_HMM,0.95
0.01,0.5,85,NO_FEEDBACK,0.87
0.01,0.5,85,FEEDBACK_ALPHA_0_75,0.89
0.01,0.5,85,ORACLE_HMM,0.9425
0.01,0.5,86,NO_FEEDBACK,0.8925
0.01,0.5,86,FEEDBACK_ALPHA_0_75,0.9125
0.01,0.5,86,ORACLE_HMM,0.9225
0.01,0.5,87,NO_FEEDBACK,0.8125
0.01,0.5,87,FEEDBACK_ALPHA_0_75,0.845
0.01,0.5,87,ORACLE_HMM,0.8975
0.01,0.5,88,NO_FEEDBACK,0.8525
0.01,0.5,88,FEEDBACK_ALPHA_0_75,0.8625
0.01,0.5,88,ORACLE_HMM,0.92
0.01,0.5,89,NO_FEEDBACK,0.865
0.01,0.5,89,FEEDBACK_ALPHA_0_75,0.885
0.01,0.5,89,ORACLE_HMM,0.9325
0.01,0.5,90,NO_FEEDBACK,0.7975
0.01,0.5,90,FEEDBACK_ALPHA_0_75,0.8225
0.01,0.5,90,ORACLE_HMM,0.91
0.01,0.5,91,NO_FEEDBACK,0.87
0.01,0.5,91,FEEDBACK_ALPHA_0_75,0.8625
0.01,0.5,91,ORACLE_HMM,0.9
0.01,0.5,92,NO_FEEDBACK,0.9025
0.01,0.5,92,FEEDBACK_ALPHA_0_75,0.9175
0.01,0.5,92,ORACLE_HMM,0.9075
0.01,0.5,93,NO_FEEDBACK,0.9125
0.01,0.5,93,FEEDBACK_ALPHA_0_75,0.93
0.01,0.5,93,ORACLE_HMM,0.9675
0.01,0.5,94,NO_FEEDBACK,0.8675
0.01,0.5,94,FEEDBACK_ALPHA_0_75,0.865
0.01,0.5,94,ORACLE_HMM,0.8825
0.01,0.5,95,NO_FEEDBACK,0.78
0.01,0.5,95,FEEDBACK_ALPHA_0_75,0.795
0.01,0.5,95,ORACLE_HMM,0.865
0.01,0.5,96,NO_FEEDBACK,0.86
0.01,0.5,96,FEEDBACK_ALPHA_0_75,0.8825
0.01,0.5,96,ORACLE_HMM,0.91
0.01,0.5,97,NO_FEEDBACK,0.855
0.01,0.5,97,FEEDBACK_ALPHA_0_75,0.8675
0.01,0.5,97,ORACLE_HMM,0.935
0.01,0.5,98,NO_FEEDBACK,0.8675
0.01,0.5,98,FEEDBACK_ALPHA_0_75,0.9
0.01,0.5,98,ORACLE_HMM,0.945
0.01,0.5,99,NO_FEEDBACK,0.8025
0.01,0.5,99,FEEDBACK_ALPHA_0_75,0.81
0.01,0.5,99,ORACLE_HMM,0.8475
0.01,1.0,0,NO_FEEDBACK,0.7925
0.01,1.0,0,FEEDBACK_ALPHA_0_75,0.88
0.01,1.0,0,ORACLE_HMM,0.955
0.01,1.0,1,NO_FEEDBACK,0.8025
0.01,1.0,1,FEEDBACK_ALPHA_0_75,0.89
0.01,1.0,1,ORACLE_HMM,0.9675
0.01,1.0,2,NO_FEEDBACK,0.8675
0.01,1.0,2,FEEDBACK_ALPHA_0_75,0.915
0.01,1.0,2,ORACLE_HMM,0.94
0.01,1.0,3,NO_FEEDBACK,0.835
0.01,1.0,3,FEEDBACK_ALPHA_0_75,0.8775
0.01,1.0,3,ORACLE_HMM,0.92
0.01,1.0,4,NO_FEEDBACK,0.8275
0.01,1.0,4,FEEDBACK_ALPHA_0_75,0.9025
0.01,1.0,4,ORACLE_HMM,0.98
0.01,1.0,5,NO_FEEDBACK,0.81
0.01,1.0,5,FEEDBACK_ALPHA_0_75,0.88
0.01,1.0,5,ORACLE_HMM,0.945
0.01,1.0,6,NO_FEEDBACK,0.7525
0.01,1.0,6,FEEDBACK_ALPHA_0_75,0.8225
0.01,1.0,6,ORACLE_HMM,0.94
0.01,1.0,7,NO_FEEDBACK,0.79
0.01,1.0,7,FEEDBACK_ALPHA_0_75,0.85
0.01,1.0,7,ORACLE_HMM,0.9
0.01,1.0,8,NO_FEEDBACK,0.7625
0.01,1.0,8,FEEDBACK_ALPHA_0_75,0.8225
0.01,1.0,8,ORACLE_HMM,0.9075
0.01,1.0,9,NO_FEEDBACK,0.755
0.01,1.0,9,FEEDBACK_ALPHA_0_75,0.8125
0.01,1.0,9,ORACLE_HMM,0.8825
0.01,1.0,10,NO_FEEDBACK,0.805
0.01,1.0,10,FEEDBACK_ALPHA_0_75,0.88
0.01,1.0,10,ORACLE_HMM,0.9425
0.01,1.0,11,NO_FEEDBACK,0.7825
0.01,1.0,11,FEEDBACK_ALPHA_0_75,0.845
0.01,1.0,11,ORACLE_HMM,0.925
0.01,1.0,12,NO_FEEDBACK,0.755
0.01,1.0,12,FEEDBACK_ALPHA_0_75,0.79
0.01,1.0,12,ORACLE_HMM,0.8075
0.01,1.0,13,NO_FEEDBACK,0.7675
0.01,1.0,13,FEEDBACK_ALPHA_0_75,0.855
0.01,1.0,13,ORACLE_HMM,0.8775
0.01,1.0,14,NO_FEEDBACK,0.76
0.01,1.0,14,FEEDBACK_ALPHA_0_75,0.79
0.01,1.0,14,ORACLE_HMM,0.835
0.01,1.0,15,NO_FEEDBACK,0.8175
0.01,1.0,15,FEEDBACK_ALPHA_0_75,0.8975
0.01,1.0,15,ORACLE_HMM,0.9375
0.01,1.0,16,NO_FEEDBACK,0.7875
0.01,1.0,16,FEEDBACK_ALPHA_0_75,0.83
0.01,1.0,16,ORACLE_HMM,0.8825
0.01,1.0,17,NO_FEEDBACK,0.8175
0.01,1.0,17,FEEDBACK_ALPHA_0_75,0.8775
0.01,1.0,17,ORACLE_HMM,0.9125
0.01,1.0,18,NO_FEEDBACK,0.77
0.01,1.0,18,FEEDBACK_ALPHA_0_75,0.7875
0.01,1.0,18,ORACLE_HMM,0.9025
0.01,1.0,19,NO_FEEDBACK,0.78
0.01,1.0,19,FEEDBACK_ALPHA_0_75,0.855
0.01,1.0,19,ORACLE_HMM,0.9625
0.01,1.0,20,NO_FEEDBACK,0.815
0.01,1.0,20,FEEDBACK_ALPHA_0_75,0.9025
0.01,1.0,20,ORACLE_HMM,0.95
0.01,1.0,21,NO_FEEDBACK,0.7675
0.01,1.0,21,FEEDBACK_ALPHA_0_75,0.8275
0.01,1.0,21,ORACLE_HMM,0.8575
0.01,1.0,22,NO_FEEDBACK,0.7925
0.01,1.0,22,FEEDBACK_ALPHA_0_75,0.8475
0.01,1.0,22,ORACLE_HMM,0.8775
0.01,1.0,23,NO_FEEDBACK,0.775
0.01,1.0,23,FEEDBACK_ALPHA_0_75,0.885
0.01,1.0,23,ORACLE_HMM,0.9525
0.01,1.0,24,NO_FEEDBACK,0.7875
0.01,1.0,24,FEEDBACK_ALPHA_0_75,0.85
0.01,1.0,24,ORACLE_HMM,0.9575
0.01,1.0,25,NO_FEEDBACK,0.78
0.01,1.0,25,FEEDBACK_ALPHA_0_75,0.9
0.01,1.0,25,ORACLE_HMM,0.9225
0.01,1.0,26,NO_FEEDBACK,0.79
0.01,1.0,26,FEEDBACK_ALPHA_0_75,0.8425
0.01,1.0,26,ORACLE_HMM,0.87
0.01,1.0,27,NO_FEEDBACK,0.755
0.01,1.0,27,FEEDBACK_ALPHA_0_75,0.795
0.01,1.0,27,ORACLE_HMM,0.8375
0.01,1.0,28,NO_FEEDBACK,0.7625
0.01,1.0,28,FEEDBACK_ALPHA_0_75,0.87
0.01,1.0,28,ORACLE_HMM,0.8725
0.01,1.0,29,NO_FEEDBACK,0.78
0.01,1.0,29,FEEDBACK_ALPHA_0_75,0.8675
0.01,1.0,29,ORACLE_HMM,0.8775
0.01,1.0,30,NO_FEEDBACK,0.82
0.01,1.0,30,FEEDBACK_ALPHA_0_75,0.8975
0.01,1.0,30,ORACLE_HMM,0.905
0.01,1.0,31,NO_FEEDBACK,0.7625
0.01,1.0,31,FEEDBACK_ALPHA_0_75,0.8225
0.01,1.0,31,ORACLE_HMM,0.8675
0.01,1.0,32,NO_FEEDBACK,0.7925
0.01,1.0,32,FEEDBACK_ALPHA_0_75,0.8775
0.01,1.0,32,ORACLE_HMM,0.93
0.01,1.0,33,NO_FEEDBACK,0.82
0.01,1.0,33,FEEDBACK_ALPHA_0_75,0.8825
0.01,1.0,33,ORACLE_HMM,0.9525
0.01,1.0,34,NO_FEEDBACK,0.7875
0.01,1.0,34,FEEDBACK_ALPHA_0_75,0.825
0.01,1.0,34,ORACLE_HMM,0.88
0.01,1.0,35,NO_FEEDBACK,0.785
0.01,1.0,35,FEEDBACK_ALPHA_0_75,0.8775
0.01,1.0,35,ORACLE_HMM,0.9475
0.01,1.0,36,NO_FEEDBACK,0.7575
0.01,1.0,36,FEEDBACK_ALPHA_0_75,0.7725
0.01,1.0,36,ORACLE_HMM,0.85
0.01,1.0,37,NO_FEEDBACK,0.7925
0.01,1.0,37,FEEDBACK_ALPHA_0_75,0.865
0.01,1.0,37,ORACLE_HMM,0.9025
0.01,1.0,38,NO_FEEDBACK,0.7825
0.01,1.0,38,FEEDBACK_ALPHA_0_75,0.8525
0.01,1.0,38,ORACLE_HMM,0.9575
0.01,1.0,39,NO_FEEDBACK,0.725
0.01,1.0,39,FEEDBACK_ALPHA_0_75,0.815
0.01,1.0,39,ORACLE_HMM,0.91
0.01,1.0,40,NO_FEEDBACK,0.685
0.01,1.0,40,FEEDBACK_ALPHA_0_75,0.7275
0.01,1.0,40,ORACLE_HMM,0.8075
0.01,1.0,41,NO_FEEDBACK,0.7725
0.01,1.0,41,FEEDBACK_ALPHA_0_75,0.825
0.01,1.0,41,ORACLE_HMM,0.93
0.01,1.0,42,NO_FEEDBACK,0.76
0.01,1.0,42,FEEDBACK_ALPHA_0_75,0.8325
0.01,1.0,42,ORACLE_HMM,0.9275
0.01,1.0,43,NO_FEEDBACK,0.795
0.01,1.0,43,FEEDBACK_ALPHA_0_75,0.86
0.01,1.0,43,ORACLE_HMM,0.93
0.01,1.0,44,NO_FEEDBACK,0.795
0.01,1.0,44,FEEDBACK_ALPHA_0_75,0.8975
0.01,1.0,44,ORACLE_HMM,0.8975
0.01,1.0,45,NO_FEEDBACK,0.7525
0.01,1.0,45,FEEDBACK_ALPHA_0_75,0.7825
0.01,1.0,45,ORACLE_HMM,0.8225
0.01,1.0,46,NO_FEEDBACK,0.7525
0.01,1.0,46,FEEDBACK_ALPHA_0_75,0.835
0.01,1.0,46,ORACLE_HMM,0.93
0.01,1.0,47,NO_FEEDBACK,0.785
0.01,1.0,47,FEEDBACK_ALPHA_0_75,0.85
0.01,1.0,47,ORACLE_HMM,0.86
0.01,1.0,48,NO_FEEDBACK,0.8175
0.01,1.0,48,FEEDBACK_ALPHA_0_75,0.8575
0.01,1.0,48,ORACLE_HMM,0.8675
0.01,1.0,49,NO_FEEDBACK,0.7775
0.01,1.0,49,FEEDBACK_ALPHA_0_75,0.87
0.01,1.0,49,ORACLE_HMM,0.9475
0.01,1.0,50,NO_FEEDBACK,0.81
0.01,1.0,50,FEEDBACK_ALPHA_0_75,0.875
0.01,1.0,50,ORACLE_HMM,0.8675
0.01,1.0,51,NO_FEEDBACK,0.7775
0.01,1.0,51,FEEDBACK_ALPHA_0_75,0.8375
0.01,1.0,51,ORACLE_HMM,0.85
0.01,1.0,52,NO_FEEDBACK,0.815
0.01,1.0,52,FEEDBACK_ALPHA_0_75,0.89
0.01,1.0,52,ORACLE_HMM,0.88
0.01,1.0,53,NO_FEEDBACK,0.7725
0.01,1.0,53,FEEDBACK_ALPHA_0_75,0.8225
0.01,1.0,53,ORACLE_HMM,0.875
0.01,1.0,54,NO_FEEDBACK,0.7775
0.01,1.0,54,FEEDBACK_ALPHA_0_75,0.8525
0.01,1.0,54,ORACLE_HMM,0.89
0.01,1.0,55,NO_FEEDBACK,0.8175
0.01,1.0,55,FEEDBACK_ALPHA_0_75,0.8575
0.01,1.0,55,ORACLE_HMM,0.965
0.01,1.0,56,NO_FEEDBACK,0.8025
0.01,1.0,56,FEEDBACK_ALPHA_0_75,0.8725
0.01,1.0,56,ORACLE_HMM,0.9625
0.01,1.0,57,NO_FEEDBACK,0.765
0.01,1.0,57,FEEDBACK_ALPHA_0_75,0.84
0.01,1.0,57,ORACLE_HMM,0.935
0.01,1.0,58,NO_FEEDBACK,0.795
0.01,1.0,58,FEEDBACK_ALPHA_0_75,0.8725
0.01,1.0,58,ORACLE_HMM,0.9425
0.01,1.0,59,NO_FEEDBACK,0.7925
0.01,1.0,59,FEEDBACK_ALPHA_0_75,0.8575
0.01,1.0,59,ORACLE_HMM,0.8975
0.01,1.0,60,NO_FEEDBACK,0.8025
0.01,1.0,60,FEEDBACK_ALPHA_0_75,0.8725
0.01,1.0,60,ORACLE_HMM,0.9675
0.01,1.0,61,NO_FEEDBACK,0.7675
0.01,1.0,61,FEEDBACK_ALPHA_0_75,0.8375
0.01,1.0,61,ORACLE_HMM,0.88
0.01,1.0,62,NO_FEEDBACK,0.7675
0.01,1.0,62,FEEDBACK_ALPHA_0_75,0.865
0.01,1.0,62,ORACLE_HMM,0.905
0.01,1.0,63,NO_FEEDBACK,0.7975
0.01,1.0,63,FEEDBACK_ALPHA_0_75,0.8675
0.01,1.0,63,ORACLE_HMM,0.9025
0.01,1.0,64,NO_FEEDBACK,0.8
0.01,1.0,64,FEEDBACK_ALPHA_0_75,0.845
0.01,1.0,64,ORACLE_HMM,0.91
0.01,1.0,65,NO_FEEDBACK,0.785
0.01,1.0,65,FEEDBACK_ALPHA_0_75,0.8525
0.01,1.0,65,ORACLE_HMM,0.9425
0.01,1.0,66,NO_FEEDBACK,0.8175
0.01,1.0,66,FEEDBACK_ALPHA_0_75,0.89
0.01,1.0,66,ORACLE_HMM,0.92
0.01,1.0,67,NO_FEEDBACK,0.7225
0.01,1.0,67,FEEDBACK_ALPHA_0_75,0.7925
0.01,1.0,67,ORACLE_HMM,0.835
0.01,1.0,68,NO_FEEDBACK,0.81
0.01,1.0,68,FEEDBACK_ALPHA_0_75,0.89
0.01,1.0,68,ORACLE_HMM,0.9125
0.01,1.0,69,NO_FEEDBACK,0.755
0.01,1.0,69,FEEDBACK_ALPHA_0_75,0.8225
0.01,1.0,69,ORACLE_HMM,0.8875
0.01,1.0,70,NO_FEEDBACK,0.7925
0.01,1.0,70,FEEDBACK_ALPHA_0_75,0.8875
0.01,1.0,70,ORACLE_HMM,0.925
0.01,1.0,71,NO_FEEDBACK,0.7775
0.01,1.0,71,FEEDBACK_ALPHA_0_75,0.8325
0.01,1.0,71,ORACLE_HMM,0.9275
0.01,1.0,72,NO_FEEDBACK,0.7275
0.01,1.0,72,FEEDBACK_ALPHA_0_75,0.795
0.01,1.0,72,ORACLE_HMM,0.8575
0.01,1.0,73,NO_FEEDBACK,0.725
0.01,1.0,73,FEEDBACK_ALPHA_0_75,0.7775
0.01,1.0,73,ORACLE_HMM,0.8675
0.01,1.0,74,NO_FEEDBACK,0.7875
0.01,1.0,74,FEEDBACK_ALPHA_0_75,0.8525
0.01,1.0,74,ORACLE_HMM,0.9125
0.01,1.0,75,NO_FEEDBACK,0.825
0.01,1.0,75,FEEDBACK_ALPHA_0_75,0.8675
0.01,1.0,75,ORACLE_HMM,0.9025
0.01,1.0,76,NO_FEEDBACK,0.8025
0.01,1.0,76,FEEDBACK_ALPHA_0_75,0.9025
0.01,1.0,76,ORACLE_HMM,0.9725
0.01,1.0,77,NO_FEEDBACK,0.77
0.01,1.0,77,FEEDBACK_ALPHA_0_75,0.8475
0.01,1.0,77,ORACLE_HMM,0.8675
0.01,1.0,78,NO_FEEDBACK,0.78
0.01,1.0,78,FEEDBACK_ALPHA_0_75,0.8575
0.01,1.0,78,ORACLE_HMM,0.8475
0.01,1.0,79,NO_FEEDBACK,0.8125
0.01,1.0,79,FEEDBACK_ALPHA_0_75,0.8825
0.01,1.0,79,ORACLE_HMM,0.9
0.01,1.0,80,NO_FEEDBACK,0.815
0.01,1.0,80,FEEDBACK_ALPHA_0_75,0.8825
0.01,1.0,80,ORACLE_HMM,0.9675
0.01,1.0,81,NO_FEEDBACK,0.8075
0.01,1.0,81,FEEDBACK_ALPHA_0_75,0.89
0.01,1.0,81,ORACLE_HMM,0.8875
0.01,1.0,82,NO_FEEDBACK,0.7925
0.01,1.0,82,FEEDBACK_ALPHA_0_75,0.88
0.01,1.0,82,ORACLE_HMM,0.9375
0.01,1.0,83,NO_FEEDBACK,0.775
0.01,1.0,83,FEEDBACK_ALPHA_0_75,0.8375
0.01,1.0,83,ORACLE_HMM,0.9075
0.01,1.0,84,NO_FEEDBACK,0.79
0.01,1.0,84,FEEDBACK_ALPHA_0_75,0.855
0.01,1.0,84,ORACLE_HMM,0.9075
0.01,1.0,85,NO_FEEDBACK,0.7425
0.01,1.0,85,FEEDBACK_ALPHA_0_75,0.8025
0.01,1.0,85,ORACLE_HMM,0.88
0.01,1.0,86,NO_FEEDBACK,0.78
0.01,1.0,86,FEEDBACK_ALPHA_0_75,0.8275
0.01,1.0,86,ORACLE_HMM,0.8975
0.01,1.0,87,NO_FEEDBACK,0.7875
0.01,1.0,87,FEEDBACK_ALPHA_0_75,0.8725
0.01,1.0,87,ORACLE_HMM,0.9225
0.01,1.0,88,NO_FEEDBACK,0.8075
0.01,1.0,88,FEEDBACK_ALPHA_0_75,0.855
0.01,1.0,88,ORACLE_HMM,0.905
0.01,1.0,89,NO_FEEDBACK,0.7575
0.01,1.0,89,FEEDBACK_ALPHA_0_75,0.8
0.01,1.0,89,ORACLE_HMM,0.9
0.01,1.0,90,NO_FEEDBACK,0.795
0.01,1.0,90,FEEDBACK_ALPHA_0_75,0.8825
0.01,1.0,90,ORACLE_HMM,0.935
0.01,1.0,91,NO_FEEDBACK,0.795
0.01,1.0,91,FEEDBACK_ALPHA_0_75,0.8425
0.01,1.0,91,ORACLE_HMM,0.9225
0.01,1.0,92,NO_FEEDBACK,0.79
0.01,1.0,92,FEEDBACK_ALPHA_0_75,0.86
0.01,1.0,92,ORACLE_HMM,0.925
0.01,1.0,93,NO_FEEDBACK,0.84
0.01,1.0,93,FEEDBACK_ALPHA_0_75,0.89
0.01,1.0,93,ORACLE_HMM,0.9375
0.01,1.0,94,NO_FEEDBACK,0.82
0.01,1.0,94,FEEDBACK_ALPHA_0_75,0.8725
0.01,1.0,94,ORACLE_HMM,0.9675
0.01,1.0,95,NO_FEEDBACK,0.81
0.01,1.0,95,FEEDBACK_ALPHA_0_75,0.865
0.01,1.0,95,ORACLE_HMM,0.9125
0.01,1.0,96,NO_FEEDBACK,0.785
0.01,1.0,96,FEEDBACK_ALPHA_0_75,0.8175
0.01,1.0,96,ORACLE_HMM,0.935
0.01,1.0,97,NO_FEEDBACK,0.7425
0.01,1.0,97,FEEDBACK_ALPHA_0_75,0.7825
0.01,1.0,97,ORACLE_HMM,0.89
0.01,1.0,98,NO_FEEDBACK,0.82
0.01,1.0,98,FEEDBACK_ALPHA_0_75,0.885
0.01,1.0,98,ORACLE_HMM,0.8825
0.01,1.0,99,NO_FEEDBACK,0.775
0.01,1.0,99,FEEDBACK_ALPHA_0_75,0.85
0.01,1.0,99,ORACLE_HMM,0.9425
0.01,1.5,0,NO_FEEDBACK,0.695
0.01,1.5,0,FEEDBACK_ALPHA_0_75,0.77
0.01,1.5,0,ORACLE_HMM,0.9675
0.01,1.5,1,NO_FEEDBACK,0.755
0.01,1.5,1,FEEDBACK_ALPHA_0_75,0.845
0.01,1.5,1,ORACLE_HMM,0.9
0.01,1.5,2,NO_FEEDBACK,0.72
0.01,1.5,2,FEEDBACK_ALPHA_0_75,0.7825
0.01,1.5,2,ORACLE_HMM,0.955
0.01,1.5,3,NO_FEEDBACK,0.7825
0.01,1.5,3,FEEDBACK_ALPHA_0_75,0.82
0.01,1.5,3,ORACLE_HMM,0.915
0.01,1.5,4,NO_FEEDBACK,0.7275
0.01,1.5,4,FEEDBACK_ALPHA_0_75,0.805
0.01,1.5,4,ORACLE_HMM,0.9375
0.01,1.5,5,NO_FEEDBACK,0.695
0.01,1.5,5,FEEDBACK_ALPHA_0_75,0.7675
0.01,1.5,5,ORACLE_HMM,0.8775
0.01,1.5,6,NO_FEEDBACK,0.7075
0.01,1.5,6,FEEDBACK_ALPHA_0_75,0.7875
0.01,1.5,6,ORACLE_HMM,0.9
0.01,1.5,7,NO_FEEDBACK,0.675
0.01,1.5,7,FEEDBACK_ALPHA_0_75,0.695
0.01,1.5,7,ORACLE_HMM,0.875
0.01,1.5,8,NO_FEEDBACK,0.69
0.01,1.5,8,FEEDBACK_ALPHA_0_75,0.72
0.01,1.5,8,ORACLE_HMM,0.8125
0.01,1.5,9,NO_FEEDBACK,0.6975
0.01,1.5,9,FEEDBACK_ALPHA_0_75,0.7625
0.01,1.5,9,ORACLE_HMM,0.8275
0.01,1.5,10,NO_FEEDBACK,0.71
0.01,1.5,10,FEEDBACK_ALPHA_0_75,0.765
0.01,1.5,10,ORACLE_HMM,0.9075
0.01,1.5,11,NO_FEEDBACK,0.6575
0.01,1.5,11,FEEDBACK_ALPHA_0_75,0.76
0.01,1.5,11,ORACLE_HMM,0.89
0.01,1.5,12,NO_FEEDBACK,0.72
0.01,1.5,12,FEEDBACK_ALPHA_0_75,0.75
0.01,1.5,12,ORACLE_HMM,0.8775
0.01,1.5,13,NO_FEEDBACK,0.715
0.01,1.5,13,FEEDBACK_ALPHA_0_75,0.7775
0.01,1.5,13,ORACLE_HMM,0.94
0.01,1.5,14,NO_FEEDBACK,0.7125
0.01,1.5,14,FEEDBACK_ALPHA_0_75,0.735
0.01,1.5,14,ORACLE_HMM,0.9375
0.01,1.5,15,NO_FEEDBACK,0.715
0.01,1.5,15,FEEDBACK_ALPHA_0_75,0.76
0.01,1.5,15,ORACLE_HMM,0.875
0.01,1.5,16,NO_FEEDBACK,0.7175
0.01,1.5,16,FEEDBACK_ALPHA_0_75,0.78
0.01,1.5,16,ORACLE_HMM,0.8775
0.01,1.5,17,NO_FEEDBACK,0.6825
0.01,1.5,17,FEEDBACK_ALPHA_0_75,0.715
0.01,1.5,17,ORACLE_HMM,0.8675
0.01,1.5,18,NO_FEEDBACK,0.7225
0.01,1.5,18,FEEDBACK_ALPHA_0_75,0.7925
0.01,1.5,18,ORACLE_HMM,0.9475
0.01,1.5,19,NO_FEEDBACK,0.725
0.01,1.5,19,FEEDBACK_ALPHA_0_75,0.77
0.01,1.5,19,ORACLE_HMM,0.9425
0.01,1.5,20,NO_FEEDBACK,0.6975
0.01,1.5,20,FEEDBACK_ALPHA_0_75,0.7375
0.01,1.5,20,ORACLE_HMM,0.885
0.01,1.5,21,NO_FEEDBACK,0.71
0.01,1.5,21,FEEDBACK_ALPHA_0_75,0.7525
0.01,1.5,21,ORACLE_HMM,0.8825
0.01,1.5,22,NO_FEEDBACK,0.7125
0.01,1.5,22,FEEDBACK_ALPHA_0_75,0.765
0.01,1.5,22,ORACLE_HMM,0.925
0.01,1.5,23,NO_FEEDBACK,0.685
0.01,1.5,23,FEEDBACK_ALPHA_0_75,0.7325
0.01,1.5,23,ORACLE_HMM,0.735
0.01,1.5,24,NO_FEEDBACK,0.7625
0.01,1.5,24,FEEDBACK_ALPHA_0_75,0.815
0.01,1.5,24,ORACLE_HMM,0.9675
0.01,1.5,25,NO_FEEDBACK,0.7075
0.01,1.5,25,FEEDBACK_ALPHA_0_75,0.7775
0.01,1.5,25,ORACLE_HMM,0.8825
0.01,1.5,26,NO_FEEDBACK,0.745
0.01,1.5,26,FEEDBACK_ALPHA_0_75,0.8025
0.01,1.5,26,ORACLE_HMM,0.915
0.01,1.5,27,NO_FEEDBACK,0.7275
0.01,1.5,27,FEEDBACK_ALPHA_0_75,0.78
0.01,1.5,27,ORACLE_HMM,0.92
0.01,1.5,28,NO_FEEDBACK,0.725
0.01,1.5,28,FEEDBACK_ALPHA_0_75,0.7825
0.01,1.5,28,ORACLE_HMM,0.9325
0.01,1.5,29,NO_FEEDBACK,0.75
0.01,1.5,29,FEEDBACK_ALPHA_0_75,0.8175
0.01,1.5,29,ORACLE_HMM,0.925
0.01,1.5,30,NO_FEEDBACK,0.735
0.01,1.5,30,FEEDBACK_ALPHA_0_75,0.79
0.01,1.5,30,ORACLE_HMM,0.91
0.01,1.5,31,NO_FEEDBACK,0.6775
0.01,1.5,31,FEEDBACK_ALPHA_0_75,0.72
0.01,1.5,31,ORACLE_HMM,0.8775
0.01,1.5,32,NO_FEEDBACK,0.7125
0.01,1.5,32,FEEDBACK_ALPHA_0_75,0.805
0.01,1.5,32,ORACLE_HMM,0.9275
0.01,1.5,33,NO_FEEDBACK,0.725
0.01,1.5,33,FEEDBACK_ALPHA_0_75,0.7725
0.01,1.5,33,ORACLE_HMM,0.9225
0.01,1.5,34,NO_FEEDBACK,0.7325
0.01,1.5,34,FEEDBACK_ALPHA_0_75,0.7775
0.01,1.5,34,ORACLE_HMM,0.895
0.01,1.5,35,NO_FEEDBACK,0.7425
0.01,1.5,35,FEEDBACK_ALPHA_0_75,0.825
0.01,1.5,35,ORACLE_HMM,0.8575
0.01,1.5,36,NO_FEEDBACK,0.7225
0.01,1.5,36,FEEDBACK_ALPHA_0_75,0.79
0.01,1.5,36,ORACLE_HMM,0.905
0.01,1.5,37,NO_FEEDBACK,0.6775
0.01,1.5,37,FEEDBACK_ALPHA_0_75,0.74
0.01,1.5,37,ORACLE_HMM,0.8975
0.01,1.5,38,NO_FEEDBACK,0.7475
0.01,1.5,38,FEEDBACK_ALPHA_0_75,0.8075
0.01,1.5,38,ORACLE_HMM,0.9125
0.01,1.5,39,NO_FEEDBACK,0.6975
0.01,1.5,39,FEEDBACK_ALPHA_0_75,0.7325
0.01,1.5,39,ORACLE_HMM,0.85
0.01,1.5,40,NO_FEEDBACK,0.765
0.01,1.5,40,FEEDBACK_ALPHA_0_75,0.8275
0.01,1.5,40,ORACLE_HMM,0.965
0.01,1.5,41,NO_FEEDBACK,0.72
0.01,1.5,41,FEEDBACK_ALPHA_0_75,0.785
0.01,1.5,41,ORACLE_HMM,0.885
0.01,1.5,42,NO_FEEDBACK,0.685
0.01,1.5,42,FEEDBACK_ALPHA_0_75,0.745
0.01,1.5,42,ORACLE_HMM,0.8875
0.01,1.5,43,NO_FEEDBACK,0.7025
0.01,1.5,43,FEEDBACK_ALPHA_0_75,0.7525
0.01,1.5,43,ORACLE_HMM,0.845
0.01,1.5,44,NO_FEEDBACK,0.7725
0.01,1.5,44,FEEDBACK_ALPHA_0_75,0.8275
0.01,1.5,44,ORACLE_HMM,0.975
0.01,1.5,45,NO_FEEDBACK,0.7325
0.01,1.5,45,FEEDBACK_ALPHA_0_75,0.8025
0.01,1.5,45,ORACLE_HMM,0.9275
0.01,1.5,46,NO_FEEDBACK,0.7025
0.01,1.5,46,FEEDBACK_ALPHA_0_75,0.7775
0.01,1.5,46,ORACLE_HMM,0.8925
0.01,1.5,47,NO_FEEDBACK,0.74
0.01,1.5,47,FEEDBACK_ALPHA_0_75,0.775
0.01,1.5,47,ORACLE_HMM,0.905
0.01,1.5,48,NO_FEEDBACK,0.735
0.01,1.5,48,FEEDBACK_ALPHA_0_75,0.795
0.01,1.5,48,ORACLE_HMM,0.905
0.01,1.5,49,NO_FEEDBACK,0.665
0.01,1.5,49,FEEDBACK_ALPHA_0_75,0.7025
0.01,1.5,49,ORACLE_HMM,0.845
0.01,1.5,50,NO_FEEDBACK,0.6875
0.01,1.5,50,FEEDBACK_ALPHA_0_75,0.77
0.01,1.5,50,ORACLE_HMM,0.8225
0.01,1.5,51,NO_FEEDBACK,0.735
0.01,1.5,51,FEEDBACK_ALPHA_0_75,0.7625
0.01,1.5,51,ORACLE_HMM,0.91
0.01,1.5,52,NO_FEEDBACK,0.705
0.01,1.5,52,FEEDBACK_ALPHA_0_75,0.7475
0.01,1.5,52,ORACLE_HMM,0.92
0.01,1.5,53,NO_FEEDBACK,0.725
0.01,1.5,53,FEEDBACK_ALPHA_0_75,0.785
0.01,1.5,53,ORACLE_HMM,0.8075
0.01,1.5,54,NO_FEEDBACK,0.74
0.01,1.5,54,FEEDBACK_ALPHA_0_75,0.7775
0.01,1.5,54,ORACLE_HMM,0.9175
0.01,1.5,55,NO_FEEDBACK,0.735
0.01,1.5,55,FEEDBACK_ALPHA_0_75,0.81
0.01,1.5,55,ORACLE_HMM,0.925
0.01,1.5,56,NO_FEEDBACK,0.7475
0.01,1.5,56,FEEDBACK_ALPHA_0_75,0.795
0.01,1.5,56,ORACLE_HMM,0.9025
0.01,1.5,57,NO_FEEDBACK,0.67
0.01,1.5,57,FEEDBACK_ALPHA_0_75,0.735
0.01,1.5,57,ORACLE_HMM,0.905
0.01,1.5,58,NO_FEEDBACK,0.71
0.01,1.5,58,FEEDBACK_ALPHA_0_75,0.78
0.01,1.5,58,ORACLE_HMM,0.945
0.01,1.5,59,NO_FEEDBACK,0.6675
0.01,1.5,59,FEEDBACK_ALPHA_0_75,0.7675
0.01,1.5,59,ORACLE_HMM,0.915
0.01,1.5,60,NO_FEEDBACK,0.715
0.01,1.5,60,FEEDBACK_ALPHA_0_75,0.765
0.01,1.5,60,ORACLE_HMM,0.93
0.01,1.5,61,NO_FEEDBACK,0.6675
0.01,1.5,61,FEEDBACK_ALPHA_0_75,0.72
0.01,1.5,61,ORACLE_HMM,0.8625
0.01,1.5,62,NO_FEEDBACK,0.75
0.01,1.5,62,FEEDBACK_ALPHA_0_75,0.765
0.01,1.5,62,ORACLE_HMM,0.9525
0.01,1.5,63,NO_FEEDBACK,0.7
0.01,1.5,63,FEEDBACK_ALPHA_0_75,0.745
0.01,1.5,63,ORACLE_HMM,0.91
0.01,1.5,64,NO_FEEDBACK,0.7125
0.01,1.5,64,FEEDBACK_ALPHA_0_75,0.7675
0.01,1.5,64,ORACLE_HMM,0.905
0.01,1.5,65,NO_FEEDBACK,0.7325
0.01,1.5,65,FEEDBACK_ALPHA_0_75,0.8025
0.01,1.5,65,ORACLE_HMM,0.9
0.01,1.5,66,NO_FEEDBACK,0.685
0.01,1.5,66,FEEDBACK_ALPHA_0_75,0.7475
0.01,1.5,66,ORACLE_HMM,0.905
0.01,1.5,67,NO_FEEDBACK,0.6925
0.01,1.5,67,FEEDBACK_ALPHA_0_75,0.7225
0.01,1.5,67,ORACLE_HMM,0.895
0.01,1.5,68,NO_FEEDBACK,0.735
0.01,1.5,68,FEEDBACK_ALPHA_0_75,0.7625
0.01,1.5,68,ORACLE_HMM,0.8525
0.01,1.5,69,NO_FEEDBACK,0.745
0.01,1.5,69,FEEDBACK_ALPHA_0_75,0.78
0.01,1.5,69,ORACLE_HMM,0.945
0.01,1.5,70,NO_FEEDBACK,0.75
0.01,1.5,70,FEEDBACK_ALPHA_0_75,0.845
0.01,1.5,70,ORACLE_HMM,0.9
0.01,1.5,71,NO_FEEDBACK,0.7225
0.01,1.5,71,FEEDBACK_ALPHA_0_75,0.785
0.01,1.5,71,ORACLE_HMM,0.9775
0.01,1.5,72,NO_FEEDBACK,0.7725
0.01,1.5,72,FEEDBACK_ALPHA_0_75,0.795
0.01,1.5,72,ORACLE_HMM,0.9225
0.01,1.5,73,NO_FEEDBACK,0.77
0.01,1.5,73,FEEDBACK_ALPHA_0_75,0.7975
0.01,1.5,73,ORACLE_HMM,0.915
0.01,1.5,74,NO_FEEDBACK,0.675
0.01,1.5,74,FEEDBACK_ALPHA_0_75,0.72
0.01,1.5,74,ORACLE_HMM,0.7725
0.01,1.5,75,NO_FEEDBACK,0.7425
0.01,1.5,75,FEEDBACK_ALPHA_0_75,0.8175
0.01,1.5,75,ORACLE_HMM,0.9325
0.01,1.5,76,NO_FEEDBACK,0.715
0.01,1.5,76,FEEDBACK_ALPHA_0_75,0.78
0.01,1.5,76,ORACLE_HMM,0.9025
0.01,1.5,77,NO_FEEDBACK,0.7075
0.01,1.5,77,FEEDBACK_ALPHA_0_75,0.73
0.01,1.5,77,ORACLE_HMM,0.81
0.01,1.5,78,NO_FEEDBACK,0.685
0.01,1.5,78,FEEDBACK_ALPHA_0_75,0.74
0.01,1.5,78,ORACLE_HMM,0.9875
0.01,1.5,79,NO_FEEDBACK,0.785
0.01,1.5,79,FEEDBACK_ALPHA_0_75,0.82
0.01,1.5,79,ORACLE_HMM,0.905
0.01,1.5,80,NO_FEEDBACK,0.745
0.01,1.5,80,FEEDBACK_ALPHA_0_75,0.7925
0.01,1.5,80,ORACLE_HMM,0.9325
0.01,1.5,81,NO_FEEDBACK,0.7525
0.01,1.5,81,FEEDBACK_ALPHA_0_75,0.7925
0.01,1.5,81,ORACLE_HMM,0.88
0.01,1.5,82,NO_FEEDBACK,0.7075
0.01,1.5,82,FEEDBACK_ALPHA_0_75,0.7425
0.01,1.5,82,ORACLE_HMM,0.8625
0.01,1.5,83,NO_FEEDBACK,0.7325
0.01,1.5,83,FEEDBACK_ALPHA_0_75,0.8225
0.01,1.5,83,ORACLE_HMM,0.9275
0.01,1.5,84,NO_FEEDBACK,0.7975
0.01,1.5,84,FEEDBACK_ALPHA_0_75,0.8375
0.01,1.5,84,ORACLE_HMM,0.9325
0.01,1.5,85,NO_FEEDBACK,0.7525
0.01,1.5,85,FEEDBACK_ALPHA_0_75,0.8025
0.01,1.5,85,ORACLE_HMM,0.915
0.01,1.5,86,NO_FEEDBACK,0.7475
0.01,1.5,86,FEEDBACK_ALPHA_0_75,0.8025
0.01,1.5,86,ORACLE_HMM,0.8975
0.01,1.5,87,NO_FEEDBACK,0.715
0.01,1.5,87,FEEDBACK_ALPHA_0_75,0.775
0.01,1.5,87,ORACLE_HMM,0.9275
0.01,1.5,88,NO_FEEDBACK,0.8075
0.01,1.5,88,FEEDBACK_ALPHA_0_75,0.8625
0.01,1.5,88,ORACLE_HMM,0.92
0.01,1.5,89,NO_FEEDBACK,0.7325
0.01,1.5,89,FEEDBACK_ALPHA_0_75,0.8325
0.01,1.5,89,ORACLE_HMM,0.9425
0.01,1.5,90,NO_FEEDBACK,0.7125
0.01,1.5,90,FEEDBACK_ALPHA_0_75,0.8
0.01,1.5,90,ORACLE_HMM,0.9
0.01,1.5,91,NO_FEEDBACK,0.6875
0.01,1.5,91,FEEDBACK_ALPHA_0_75,0.7525
0.01,1.5,91,ORACLE_HMM,0.8475
0.01,1.5,92,NO_FEEDBACK,0.73
0.01,1.5,92,FEEDBACK_ALPHA_0_75,0.7725
0.01,1.5,92,ORACLE_HMM,0.8475
0.01,1.5,93,NO_FEEDBACK,0.755
0.01,1.5,93,FEEDBACK_ALPHA_0_75,0.8125
0.01,1.5,93,ORACLE_HMM,0.9825
0.01,1.5,94,NO_FEEDBACK,0.7375
0.01,1.5,94,FEEDBACK_ALPHA_0_75,0.775
0.01,1.5,94,ORACLE_HMM,0.8875
0.01,1.5,95,NO_FEEDBACK,0.7475
0.01,1.5,95,FEEDBACK_ALPHA_0_75,0.8125
0.01,1.5,95,ORACLE_HMM,0.86
0.01,1.5,96,NO_FEEDBACK,0.725
0.01,1.5,96,FEEDBACK_ALPHA_0_75,0.7875
0.01,1.5,96,ORACLE_HMM,0.8775
0.01,1.5,97,NO_FEEDBACK,0.715
0.01,1.5,97,FEEDBACK_ALPHA_0_75,0.7675
0.01,1.5,97,ORACLE_HMM,0.875
0.01,1.5,98,NO_FEEDBACK,0.68
0.01,1.5,98,FEEDBACK_ALPHA_0_75,0.74
0.01,1.5,98,ORACLE_HMM,0.8325
0.01,1.5,99,NO_FEEDBACK,0.745
0.01,1.5,99,FEEDBACK_ALPHA_0_75,0.8
0.01,1.5,99,ORACLE_HMM,0.9175
0.04,0.5,0,NO_FEEDBACK,0.935
0.04,0.5,0,FEEDBACK_ALPHA_0_75,0.9525
0.04,0.5,0,ORACLE_HMM,0.935
0.04,0.5,1,NO_FEEDBACK,0.885
0.04,0.5,1,FEEDBACK_ALPHA_0_75,0.9075
0.04,0.5,1,ORACLE_HMM,0.89
0.04,0.5,2,NO_FEEDBACK,0.8925
0.04,0.5,2,FEEDBACK_ALPHA_0_75,0.9225
0.04,0.5,2,ORACLE_HMM,0.9375
0.04,0.5,3,NO_FEEDBACK,0.945
0.04,0.5,3,FEEDBACK_ALPHA_0_75,0.9525
0.04,0.5,3,ORACLE_HMM,0.955
0.04,0.5,4,NO_FEEDBACK,0.8675
0.04,0.5,4,FEEDBACK_ALPHA_0_75,0.8725
0.04,0.5,4,ORACLE_HMM,0.8625
0.04,0.5,5,NO_FEEDBACK,0.8675
0.04,0.5,5,FEEDBACK_ALPHA_0_75,0.87
0.04,0.5,5,ORACLE_HMM,0.8825
0.04,0.5,6,NO_FEEDBACK,0.8275
0.04,0.5,6,FEEDBACK_ALPHA_0_75,0.83
0.04,0.5,6,ORACLE_HMM,0.835
0.04,0.5,7,NO_FEEDBACK,0.8625
0.04,0.5,7,FEEDBACK_ALPHA_0_75,0.8475
0.04,0.5,7,ORACLE_HMM,0.88
0.04,0.5,8,NO_FEEDBACK,0.855
0.04,0.5,8,FEEDBACK_ALPHA_0_75,0.845
0.04,0.5,8,ORACLE_HMM,0.8975
0.04,0.5,9,NO_FEEDBACK,0.8625
0.04,0.5,9,FEEDBACK_ALPHA_0_75,0.8675
0.04,0.5,9,ORACLE_HMM,0.8825
0.04,0.5,10,NO_FEEDBACK,0.9425
0.04,0.5,10,FEEDBACK_ALPHA_0_75,0.93
0.04,0.5,10,ORACLE_HMM,0.94
0.04,0.5,11,NO_FEEDBACK,0.8425
0.04,0.5,11,FEEDBACK_ALPHA_0_75,0.865
0.04,0.5,11,ORACLE_HMM,0.865
0.04,0.5,12,NO_FEEDBACK,0.945
0.04,0.5,12,FEEDBACK_ALPHA_0_75,0.9375
0.04,0.5,12,ORACLE_HMM,0.9425
0.04,0.5,13,NO_FEEDBACK,0.845
0.04,0.5,13,FEEDBACK_ALPHA_0_75,0.835
0.04,0.5,13,ORACLE_HMM,0.865
0.04,0.5,14,NO_FEEDBACK,0.9
0.04,0.5,14,FEEDBACK_ALPHA_0_75,0.915
0.04,0.5,14,ORACLE_HMM,0.92
0.04,0.5,15,NO_FEEDBACK,0.885
0.04,0.5,15,FEEDBACK_ALPHA_0_75,0.88
0.04,0.5,15,ORACLE_HMM,0.8925
0.04,0.5,16,NO_FEEDBACK,0.8725
0.04,0.5,16,FEEDBACK_ALPHA_0_75,0.8725
0.04,0.5,16,ORACLE_HMM,0.8725
0.04,0.5,17,NO_FEEDBACK,0.8875
0.04,0.5,17,FEEDBACK_ALPHA_0_75,0.895
0.04,0.5,17,ORACLE_HMM,0.9125
0.04,0.5,18,NO_FEEDBACK,0.905
0.04,0.5,18,FEEDBACK_ALPHA_0_75,0.9
0.04,0.5,18,ORACLE_HMM,0.92
0.04,0.5,19,NO_FEEDBACK,0.865
0.04,0.5,19,FEEDBACK_ALPHA_0_75,0.8825
0.04,0.5,19,ORACLE_HMM,0.875
0.04,0.5,20,NO_FEEDBACK,0.9325
0.04,0.5,20,FEEDBACK_ALPHA_0_75,0.94
0.04,0.5,20,ORACLE_HMM,0.91
0.04,0.5,21,NO_FEEDBACK,0.85
0.04,0.5,21,FEEDBACK_ALPHA_0_75,0.83
0.04,0.5,21,ORACLE_HMM,0.835
0.04,0.5,22,NO_FEEDBACK,0.89
0.04,0.5,22,FEEDBACK_ALPHA_0_75,0.8725
0.04,0.5,22,ORACLE_HMM,0.8825
0.04,0.5,23,NO_FEEDBACK,0.9025
0.04,0.5,23,FEEDBACK_ALPHA_0_75,0.925
0.04,0.5,23,ORACLE_HMM,0.9225
0.04,0.5,24,NO_FEEDBACK,0.8375
0.04,0.5,24,FEEDBACK_ALPHA_0_75,0.85
0.04,0.5,24,ORACLE_HMM,0.8575
0.04,0.5,25,NO_FEEDBACK,0.87
0.04,0.5,25,FEEDBACK_ALPHA_0_75,0.87
0.04,0.5,25,ORACLE_HMM,0.86
0.04,0.5,26,NO_FEEDBACK,0.8975
0.04,0.5,26,FEEDBACK_ALPHA_0_75,0.895
0.04,0.5,26,ORACLE_HMM,0.915
0.04,0.5,27,NO_FEEDBACK,0.8875
0.04,0.5,27,FEEDBACK_ALPHA_0_75,0.8875
0.04,0.5,27,ORACLE_HMM,0.9025
0.04,0.5,28,NO_FEEDBACK,0.915
0.04,0.5,28,FEEDBACK_ALPHA_0_75,0.9275
0.04,0.5,28,ORACLE_HMM,0.935
0.04,0.5,29,NO_FEEDBACK,0.815
0.04,0.5,29,FEEDBACK_ALPHA_0_75,0.825
0.04,0.5,29,ORACLE_HMM,0.8225
0.04,0.5,30,NO_FEEDBACK,0.8775
0.04,0.5,30,FEEDBACK_ALPHA_0_75,0.875
0.04,0.5,30,ORACLE_HMM,0.89
0.04,0.5,31,NO_FEEDBACK,0.81
0.04,0.5,31,FEEDBACK_ALPHA_0_75,0.8075
0.04,0.5,31,ORACLE_HMM,0.825
0.04,0.5,32,NO_FEEDBACK,0.855
0.04,0.5,32,FEEDBACK_ALPHA_0_75,0.86
0.04,0.5,32,ORACLE_HMM,0.8675
0.04,0.5,33,NO_FEEDBACK,0.9025
0.04,0.5,33,FEEDBACK_ALPHA_0_75,0.9175
0.04,0.5,33,ORACLE_HMM,0.9125
0.04,0.5,34,NO_FEEDBACK,0.79
0.04,0.5,34,FEEDBACK_ALPHA_0_75,0.7925
0.04,0.5,34,ORACLE_HMM,0.8
0.04,0.5,35,NO_FEEDBACK,0.925
0.04,0.5,35,FEEDBACK_ALPHA_0_75,0.92
0.04,0.5,35,ORACLE_HMM,0.915
0.04,0.5,36,NO_FEEDBACK,0.8925
0.04,0.5,36,FEEDBACK_ALPHA_0_75,0.8875
0.04,0.5,36,ORACLE_HMM,0.915
0.04,0.5,37,NO_FEEDBACK,0.8275
0.04,0.5,37,FEEDBACK_ALPHA_0_75,0.815
0.04,0.5,37,ORACLE_HMM,0.83
0.04,0.5,38,NO_FEEDBACK,0.88
0.04,0.5,38,FEEDBACK_ALPHA_0_75,0.8875
0.04,0.5,38,ORACLE_HMM,0.9
0.04,0.5,39,NO_FEEDBACK,0.915
0.04,0.5,39,FEEDBACK_ALPHA_0_75,0.9125
0.04,0.5,39,ORACLE_HMM,0.925
0.04,0.5,40,NO_FEEDBACK,0.8875
0.04,0.5,40,FEEDBACK_ALPHA_0_75,0.895
0.04,0.5,40,ORACLE_HMM,0.9075
0.04,0.5,41,NO_FEEDBACK,0.835
0.04,0.5,41,FEEDBACK_ALPHA_0_75,0.8575
0.04,0.5,41,ORACLE_HMM,0.8625
0.04,0.5,42,NO_FEEDBACK,0.9075
0.04,0.5,42,FEEDBACK_ALPHA_0_75,0.895
0.04,0.5,42,ORACLE_HMM,0.915
0.04,0.5,43,NO_FEEDBACK,0.84
0.04,0.5,43,FEEDBACK_ALPHA_0_75,0.8275
0.04,0.5,43,ORACLE_HMM,0.8475
0.04,0.5,44,NO_FEEDBACK,0.8675
0.04,0.5,44,FEEDBACK_ALPHA_0_75,0.88
0.04,0.5,44,ORACLE_HMM,0.91
0.04,0.5,45,NO_FEEDBACK,0.805
0.04,0.5,45,FEEDBACK_ALPHA_0_75,0.7875
0.04,0.5,45,ORACLE_HMM,0.82
0.04,0.5,46,NO_FEEDBACK,0.9125
0.04,0.5,46,FEEDBACK_ALPHA_0_75,0.9325
0.04,0.5,46,ORACLE_HMM,0.93
0.04,0.5,47,NO_FEEDBACK,0.94
0.04,0.5,47,FEEDBACK_ALPHA_0_75,0.9225
0.04,0.5,47,ORACLE_HMM,0.9525
0.04,0.5,48,NO_FEEDBACK,0.8075
0.04,0.5,48,FEEDBACK_ALPHA_0_75,0.8275
0.04,0.5,48,ORACLE_HMM,0.8275
0.04,0.5,49,NO_FEEDBACK,0.9225
0.04,0.5,49,FEEDBACK_ALPHA_0_75,0.9175
0.04,0.5,49,ORACLE_HMM,0.905
0.04,0.5,50,NO_FEEDBACK,0.8625
0.04,0.5,50,FEEDBACK_ALPHA_0_75,0.8325
0.04,0.5,50,ORACLE_HMM,0.89
0.04,0.5,51,NO_FEEDBACK,0.87
0.04,0.5,51,FEEDBACK_ALPHA_0_75,0.8625
0.04,0.5,51,ORACLE_HMM,0.8525
0.04,0.5,52,NO_FEEDBACK,0.9175
0.04,0.5,52,FEEDBACK_ALPHA_0_75,0.92
0.04,0.5,52,ORACLE_HMM,0.935
0.04,0.5,53,NO_FEEDBACK,0.88
0.04,0.5,53,FEEDBACK_ALPHA_0_75,0.8825
0.04,0.5,53,ORACLE_HMM,0.88
0.04,0.5,54,NO_FEEDBACK,0.9325
0.04,0.5,54,FEEDBACK_ALPHA_0_75,0.94
0.04,0.5,54,ORACLE_HMM,0.9525
0.04,0.5,55,NO_FEEDBACK,0.8725
0.04,0.5,55,FEEDBACK_ALPHA_0_75,0.88
0.04,0.5,55,ORACLE_HMM,0.8775
0.04,0.5,56,NO_FEEDBACK,0.95
0.04,0.5,56,FEEDBACK_ALPHA_0_75,0.965
0.04,0.5,56,ORACLE_HMM,0.965
0.04,0.5,57,NO_FEEDBACK,0.8275
0.04,0.5,57,FEEDBACK_ALPHA_0_75,0.8325
0.04,0.5,57,ORACLE_HMM,0.835
0.04,0.5,58,NO_FEEDBACK,0.925
0.04,0.5,58,FEEDBACK_ALPHA_0_75,0.935
0.04,0.5,58,ORACLE_HMM,0.93
0.04,0.5,59,NO_FEEDBACK,0.84
0.04,0.5,59,FEEDBACK_ALPHA_0_75,0.85
0.04,0.5,59,ORACLE_HMM,0.865
0.04,0.5,60,NO_FEEDBACK,0.8925
0.04,0.5,60,FEEDBACK_ALPHA_0_75,0.885
0.04,0.5,60,ORACLE_HMM,0.91
0.04,0.5,61,NO_FEEDBACK,0.8975
0.04,0.5,61,FEEDBACK_ALPHA_0_75,0.8975
0.04,0.5,61,ORACLE_HMM,0.92
0.04,0.5,62,NO_FEEDBACK,0.87
0.04,0.5,62,FEEDBACK_ALPHA_0_75,0.855
0.04,0.5,62,ORACLE_HMM,0.8675
0.04,0.5,63,NO_FEEDBACK,0.835
0.04,0.5,63,FEEDBACK_ALPHA_0_75,0.8225
0.04,0.5,63,ORACLE_HMM,0.855
0.04,0.5,64,NO_FEEDBACK,0.9375
0.04,0.5,64,FEEDBACK_ALPHA_0_75,0.93
0.04,0.5,64,ORACLE_HMM,0.93
0.04,0.5,65,NO_FEEDBACK,0.865
0.04,0.5,65,FEEDBACK_ALPHA_0_75,0.8525
0.04,0.5,65,ORACLE_HMM,0.8875
0.04,0.5,66,NO_FEEDBACK,0.8825
0.04,0.5,66,FEEDBACK_ALPHA_0_75,0.8725
0.04,0.5,66,ORACLE_HMM,0.9125
0.04,0.5,67,NO_FEEDBACK,0.8975
0.04,0.5,67,FEEDBACK_ALPHA_0_75,0.8975
0.04,0.5,67,ORACLE_HMM,0.9
0.04,0.5,68,NO_FEEDBACK,0.895
0.04,0.5,68,FEEDBACK_ALPHA_0_75,0.91
0.04,0.5,68,ORACLE_HMM,0.925
0.04,0.5,69,NO_FEEDBACK,0.96
0.04,0.5,69,FEEDBACK_ALPHA_0_75,0.9575
0.04,0.5,69,ORACLE_HMM,0.97
0.04,0.5,70,NO_FEEDBACK,0.8625
0.04,0.5,70,FEEDBACK_ALPHA_0_75,0.86
0.04,0.5,70,ORACLE_HMM,0.8825
0.04,0.5,71,NO_FEEDBACK,0.905
0.04,0.5,71,FEEDBACK_ALPHA_0_75,0.91
0.04,0.5,71,ORACLE_HMM,0.9125
0.04,0.5,72,NO_FEEDBACK,0.8875
0.04,0.5,72,FEEDBACK_ALPHA_0_75,0.8975
0.04,0.5,72,ORACLE_HMM,0.8975
0.04,0.5,73,NO_FEEDBACK,0.89
0.04,0.5,73,FEEDBACK_ALPHA_0_75,0.9
0.04,0.5,73,ORACLE_HMM,0.8875
0.04,0.5,74,NO_FEEDBACK,0.89
0.04,0.5,74,FEEDBACK_ALPHA_0_75,0.9
0.04,0.5,74,ORACLE_HMM,0.8975
0.04,0.5,75,NO_FEEDBACK,0.8725
0.04,0.5,75,FEEDBACK_ALPHA_0_75,0.86
0.04,0.5,75,ORACLE_HMM,0.87
0.04,0.5,76,NO_FEEDBACK,0.8825
0.04,0.5,76,FEEDBACK_ALPHA_0_75,0.8425
0.04,0.5,76,ORACLE_HMM,0.875
0.04,0.5,77,NO_FEEDBACK,0.9075
0.04,0.5,77,FEEDBACK_ALPHA_0_75,0.895
0.04,0.5,77,ORACLE_HMM,0.9175
0.04,0.5,78,NO_FEEDBACK,0.8275
0.04,0.5,78,FEEDBACK_ALPHA_0_75,0.835
0.04,0.5,78,ORACLE_HMM,0.8075
0.04,0.5,79,NO_FEEDBACK,0.8775
0.04,0.5,79,FEEDBACK_ALPHA_0_75,0.8775
0.04,0.5,79,ORACLE_HMM,0.8925
0.04,0.5,80,NO_FEEDBACK,0.86
0.04,0.5,80,FEEDBACK_ALPHA_0_75,0.88
0.04,0.5,80,ORACLE_HMM,0.855
0.04,0.5,81,NO_FEEDBACK,0.9125
0.04,0.5,81,FEEDBACK_ALPHA_0_75,0.9325
0.04,0.5,81,ORACLE_HMM,0.925
0.04,0.5,82,NO_FEEDBACK,0.9075
0.04,0.5,82,FEEDBACK_ALPHA_0_75,0.89
0.04,0.5,82,ORACLE_HMM,0.915
0.04,0.5,83,NO_FEEDBACK,0.9025
0.04,0.5,83,FEEDBACK_ALPHA_0_75,0.94
0.04,0.5,83,ORACLE_HMM,0.94
0.04,0.5,84,NO_FEEDBACK,0.9225
0.04,0.5,84,FEEDBACK_ALPHA_0_75,0.9275
0.04,0.5,84,ORACLE_HMM,0.9225
0.04,0.5,85,NO_FEEDBACK,0.875
0.04,0.5,85,FEEDBACK_ALPHA_0_75,0.8775
0.04,0.5,85,ORACLE_HMM,0.8975
0.04,0.5,86,NO_FEEDBACK,0.8575
0.04,0.5,86,FEEDBACK_ALPHA_0_75,0.875
0.04,0.5,86,ORACLE_HMM,0.87
0.04,0.5,87,NO_FEEDBACK,0.875
0.04,0.5,87,FEEDBACK_ALPHA_0_75,0.86
0.04,0.5,87,ORACLE_HMM,0.875
0.04,0.5,88,NO_FEEDBACK,0.8725
0.04,0.5,88,FEEDBACK_ALPHA_0_75,0.89
0.04,0.5,88,ORACLE_HMM,0.8925
0.04,0.5,89,NO_FEEDBACK,0.9
0.04,0.5,89,FEEDBACK_ALPHA_0_75,0.9075
0.04,0.5,89,ORACLE_HMM,0.9
0.04,0.5,90,NO_FEEDBACK,0.89
0.04,0.5,90,FEEDBACK_ALPHA_0_75,0.9
0.04,0.5,90,ORACLE_HMM,0.8975
0.04,0.5,91,NO_FEEDBACK,0.88
0.04,0.5,91,FEEDBACK_ALPHA_0_75,0.9175
0.04,0.5,91,ORACLE_HMM,0.91
0.04,0.5,92,NO_FEEDBACK,0.89
0.04,0.5,92,FEEDBACK_ALPHA_0_75,0.8875
0.04,0.5,92,ORACLE_HMM,0.9075
0.04,0.5,93,NO_FEEDBACK,0.935
0.04,0.5,93,FEEDBACK_ALPHA_0_75,0.945
0.04,0.5,93,ORACLE_HMM,0.9475
0.04,0.5,94,NO_FEEDBACK,0.845
0.04,0.5,94,FEEDBACK_ALPHA_0_75,0.85
0.04,0.5,94,ORACLE_HMM,0.8625
0.04,0.5,95,NO_FEEDBACK,0.89
0.04,0.5,95,FEEDBACK_ALPHA_0_75,0.9075
0.04,0.5,95,ORACLE_HMM,0.9025
0.04,0.5,96,NO_FEEDBACK,0.815
0.04,0.5,96,FEEDBACK_ALPHA_0_75,0.8225
0.04,0.5,96,ORACLE_HMM,0.84
0.04,0.5,97,NO_FEEDBACK,0.895
0.04,0.5,97,FEEDBACK_ALPHA_0_75,0.91
0.04,0.5,97,ORACLE_HMM,0.9075
0.04,0.5,98,NO_FEEDBACK,0.92
0.04,0.5,98,FEEDBACK_ALPHA_0_75,0.94
0.04,0.5,98,ORACLE_HMM,0.95
0.04,0.5,99,NO_FEEDBACK,0.9025
0.04,0.5,99,FEEDBACK_ALPHA_0_75,0.915
0.04,0.5,99,ORACLE_HMM,0.9225
0.04,1.0,0,NO_FEEDBACK,0.8325
0.04,1.0,0,FEEDBACK_ALPHA_0_75,0.8775
0.04,1.0,0,ORACLE_HMM,0.895
0.04,1.0,1,NO_FEEDBACK,0.8075
0.04,1.0,1,FEEDBACK_ALPHA_0_75,0.8525
0.04,1.0,1,ORACLE_HMM,0.8775
0.04,1.0,2,NO_FEEDBACK,0.7725
0.04,1.0,2,FEEDBACK_ALPHA_0_75,0.82
0.04,1.0,2,ORACLE_HMM,0.845
0.04,1.0,3,NO_FEEDBACK,0.8025
0.04,1.0,3,FEEDBACK_ALPHA_0_75,0.835
0.04,1.0,3,ORACLE_HMM,0.8875
0.04,1.0,4,NO_FEEDBACK,0.705
0.04,1.0,4,FEEDBACK_ALPHA_0_75,0.7325
0.04,1.0,4,ORACLE_HMM,0.7575
0.04,1.0,5,NO_FEEDBACK,0.7275
0.04,1.0,5,FEEDBACK_ALPHA_0_75,0.74
0.04,1.0,5,ORACLE_HMM,0.775
0.04,1.0,6,NO_FEEDBACK,0.81
0.04,1.0,6,FEEDBACK_ALPHA_0_75,0.855
0.04,1.0,6,ORACLE_HMM,0.8625
0.04,1.0,7,NO_FEEDBACK,0.785
0.04,1.0,7,FEEDBACK_ALPHA_0_75,0.8175
0.04,1.0,7,ORACLE_HMM,0.8675
0.04,1.0,8,NO_FEEDBACK,0.785
0.04,1.0,8,FEEDBACK_ALPHA_0_75,0.8525
0.04,1.0,8,ORACLE_HMM,0.8575
0.04,1.0,9,NO_FEEDBACK,0.7875
0.04,1.0,9,FEEDBACK_ALPHA_0_75,0.8625
0.04,1.0,9,ORACLE_HMM,0.8625
0.04,1.0,10,NO_FEEDBACK,0.755
0.04,1.0,10,FEEDBACK_ALPHA_0_75,0.8225
0.04,1.0,10,ORACLE_HMM,0.825
0.04,1.0,11,NO_FEEDBACK,0.79
0.04,1.0,11,FEEDBACK_ALPHA_0_75,0.8625
0.04,1.0,11,ORACLE_HMM,0.865
0.04,1.0,12,NO_FEEDBACK,0.76
0.04,1.0,12,FEEDBACK_ALPHA_0_75,0.8375
0.04,1.0,12,ORACLE_HMM,0.8375
0.04,1.0,13,NO_FEEDBACK,0.7525
0.04,1.0,13,FEEDBACK_ALPHA_0_75,0.8175
0.04,1.0,13,ORACLE_HMM,0.8575
0.04,1.0,14,NO_FEEDBACK,0.7775
0.04,1.0,14,FEEDBACK_ALPHA_0_75,0.8125
0.04,1.0,14,ORACLE_HMM,0.835
0.04,1.0,15,NO_FEEDBACK,0.825
0.04,1.0,15,FEEDBACK_ALPHA_0_75,0.87
0.04,1.0,15,ORACLE_HMM,0.9125
0.04,1.0,16,NO_FEEDBACK,0.8
0.04,1.0,16,FEEDBACK_ALPHA_0_75,0.86
0.04,1.0,16,ORACLE_HMM,0.885
0.04,1.0,17,NO_FEEDBACK,0.7525
0.04,1.0,17,FEEDBACK_ALPHA_0_75,0.815
0.04,1.0,17,ORACLE_HMM,0.84
0.04,1.0,18,NO_FEEDBACK,0.7625
0.04,1.0,18,FEEDBACK_ALPHA_0_75,0.805
0.04,1.0,18,ORACLE_HMM,0.8025
0.04,1.0,19,NO_FEEDBACK,0.825
0.04,1.0,19,FEEDBACK_ALPHA_0_75,0.8975
0.04,1.0,19,ORACLE_HMM,0.92
0.04,1.0,20,NO_FEEDBACK,0.805
0.04,1.0,20,FEEDBACK_ALPHA_0_75,0.8575
0.04,1.0,20,ORACLE_HMM,0.875
0.04,1.0,21,NO_FEEDBACK,0.8
0.04,1.0,21,FEEDBACK_ALPHA_0_75,0.855
0.04,1.0,21,ORACLE_HMM,0.8725
0.04,1.0,22,NO_FEEDBACK,0.79
0.04,1.0,22,FEEDBACK_ALPHA_0_75,0.805
0.04,1.0,22,ORACLE_HMM,0.805
0.04,1.0,23,NO_FEEDBACK,0.815
0.04,1.0,23,FEEDBACK_ALPHA_0_75,0.83
0.04,1.0,23,ORACLE_HMM,0.845
0.04,1.0,24,NO_FEEDBACK,0.8175
0.04,1.0,24,FEEDBACK_ALPHA_0_75,0.8875
0.04,1.0,24,ORACLE_HMM,0.88
0.04,1.0,25,NO_FEEDBACK,0.8125
0.04,1.0,25,FEEDBACK_ALPHA_0_75,0.87
0.04,1.0,25,ORACLE_HMM,0.8975
0.04,1.0,26,NO_FEEDBACK,0.7775
0.04,1.0,26,FEEDBACK_ALPHA_0_75,0.8225
0.04,1.0,26,ORACLE_HMM,0.88
0.04,1.0,27,NO_FEEDBACK,0.8
0.04,1.0,27,FEEDBACK_ALPHA_0_75,0.81
0.04,1.0,27,ORACLE_HMM,0.825
0.04,1.0,28,NO_FEEDBACK,0.79
0.04,1.0,28,FEEDBACK_ALPHA_0_75,0.8225
0.04,1.0,28,ORACLE_HMM,0.865
0.04,1.0,29,NO_FEEDBACK,0.7925
0.04,1.0,29,FEEDBACK_ALPHA_0_75,0.855
0.04,1.0,29,ORACLE_HMM,0.8725
0.04,1.0,30,NO_FEEDBACK,0.8125
0.04,1.0,30,FEEDBACK_ALPHA_0_75,0.8625
0.04,1.0,30,ORACLE_HMM,0.89
0.04,1.0,31,NO_FEEDBACK,0.7875
0.04,1.0,31,FEEDBACK_ALPHA_0_75,0.8675
0.04,1.0,31,ORACLE_HMM,0.88
0.04,1.0,32,NO_FEEDBACK,0.8075
0.04,1.0,32,FEEDBACK_ALPHA_0_75,0.865
0.04,1.0,32,ORACLE_HMM,0.8725
0.04,1.0,33,NO_FEEDBACK,0.8175
0.04,1.0,33,FEEDBACK_ALPHA_0_75,0.865
0.04,1.0,33,ORACLE_HMM,0.9125
0.04,1.0,34,NO_FEEDBACK,0.775
0.04,1.0,34,FEEDBACK_ALPHA_0_75,0.8375
0.04,1.0,34,ORACLE_HMM,0.855
0.04,1.0,35,NO_FEEDBACK,0.7825
0.04,1.0,35,FEEDBACK_ALPHA_0_75,0.8025
0.04,1.0,35,ORACLE_HMM,0.8425
0.04,1.0,36,NO_FEEDBACK,0.825
0.04,1.0,36,FEEDBACK_ALPHA_0_75,0.9125
0.04,1.0,36,ORACLE_HMM,0.9175
0.04,1.0,37,NO_FEEDBACK,0.85
0.04,1.0,37,FEEDBACK_ALPHA_0_75,0.92
0.04,1.0,37,ORACLE_HMM,0.9475
0.04,1.0,38,NO_FEEDBACK,0.775
0.04,1.0,38,FEEDBACK_ALPHA_0_75,0.8275
0.04,1.0,38,ORACLE_HMM,0.8425
0.04,1.0,39,NO_FEEDBACK,0.7925
0.04,1.0,39,FEEDBACK_ALPHA_0_75,0.82
0.04,1.0,39,ORACLE_HMM,0.86
0.04,1.0,40,NO_FEEDBACK,0.8
0.04,1.0,40,FEEDBACK_ALPHA_0_75,0.8825
0.04,1.0,40,ORACLE_HMM,0.8825
0.04,1.0,41,NO_FEEDBACK,0.8
0.04,1.0,41,FEEDBACK_ALPHA_0_75,0.8475
0.04,1.0,41,ORACLE_HMM,0.8825
0.04,1.0,42,NO_FEEDBACK,0.75
0.04,1.0,42,FEEDBACK_ALPHA_0_75,0.7425
0.04,1.0,42,ORACLE_HMM,0.825
0.04,1.0,43,NO_FEEDBACK,0.815
0.04,1.0,43,FEEDBACK_ALPHA_0_75,0.895
0.04,1.0,43,ORACLE_HMM,0.9275
0.04,1.0,44,NO_FEEDBACK,0.7725
0.04,1.0,44,FEEDBACK_ALPHA_0_75,0.8075
0.04,1.0,44,ORACLE_HMM,0.855
0.04,1.0,45,NO_FEEDBACK,0.8075
0.04,1.0,45,FEEDBACK_ALPHA_0_75,0.8675
0.04,1.0,45,ORACLE_HMM,0.91
0.04,1.0,46,NO_FEEDBACK,0.75
0.04,1.0,46,FEEDBACK_ALPHA_0_75,0.84
0.04,1.0,46,ORACLE_HMM,0.82
0.04,1.0,47,NO_FEEDBACK,0.835
0.04,1.0,47,FEEDBACK_ALPHA_0_75,0.875
0.04,1.0,47,ORACLE_HMM,0.8775
0.04,1.0,48,NO_FEEDBACK,0.8
0.04,1.0,48,FEEDBACK_ALPHA_0_75,0.8075
0.04,1.0,48,ORACLE_HMM,0.8275
0.04,1.0,49,NO_FEEDBACK,0.77
0.04,1.0,49,FEEDBACK_ALPHA_0_75,0.8025
0.04,1.0,49,ORACLE_HMM,0.81
0.04,1.0,50,NO_FEEDBACK,0.785
0.04,1.0,50,FEEDBACK_ALPHA_0_75,0.8575
0.04,1.0,50,ORACLE_HMM,0.855
0.04,1.0,51,NO_FEEDBACK,0.8125
0.04,1.0,51,FEEDBACK_ALPHA_0_75,0.86
0.04,1.0,51,ORACLE_HMM,0.8925
0.04,1.0,52,NO_FEEDBACK,0.7725
0.04,1.0,52,FEEDBACK_ALPHA_0_75,0.8325
0.04,1.0,52,ORACLE_HMM,0.88
0.04,1.0,53,NO_FEEDBACK,0.8
0.04,1.0,53,FEEDBACK_ALPHA_0_75,0.8975
0.04,1.0,53,ORACLE_HMM,0.905
0.04,1.0,54,NO_FEEDBACK,0.8025
0.04,1.0,54,FEEDBACK_ALPHA_0_75,0.8725
0.04,1.0,54,ORACLE_HMM,0.9
0.04,1.0,55,NO_FEEDBACK,0.765
0.04,1.0,55,FEEDBACK_ALPHA_0_75,0.82
0.04,1.0,55,ORACLE_HMM,0.88
0.04,1.0,56,NO_FEEDBACK,0.8125
0.04,1.0,56,FEEDBACK_ALPHA_0_75,0.885
0.04,1.0,56,ORACLE_HMM,0.91
0.04,1.0,57,NO_FEEDBACK,0.7475
0.04,1.0,57,FEEDBACK_ALPHA_0_75,0.795
0.04,1.0,57,ORACLE_HMM,0.7975
0.04,1.0,58,NO_FEEDBACK,0.83
0.04,1.0,58,FEEDBACK_ALPHA_0_75,0.8775
0.04,1.0,58,ORACLE_HMM,0.895
0.04,1.0,59,NO_FEEDBACK,0.78
0.04,1.0,59,FEEDBACK_ALPHA_0_75,0.8275
0.04,1.0,59,ORACLE_HMM,0.87
0.04,1.0,60,NO_FEEDBACK,0.83
0.04,1.0,60,FEEDBACK_ALPHA_0_75,0.88
0.04,1.0,60,ORACLE_HMM,0.89
0.04,1.0,61,NO_FEEDBACK,0.775
0.04,1.0,61,FEEDBACK_ALPHA_0_75,0.8225
0.04,1.0,61,ORACLE_HMM,0.815
0.04,1.0,62,NO_FEEDBACK,0.7625
0.04,1.0,62,FEEDBACK_ALPHA_0_75,0.815
0.04,1.0,62,ORACLE_HMM,0.8275
0.04,1.0,63,NO_FEEDBACK,0.7875
0.04,1.0,63,FEEDBACK_ALPHA_0_75,0.82
0.04,1.0,63,ORACLE_HMM,0.85
0.04,1.0,64,NO_FEEDBACK,0.7875
0.04,1.0,64,FEEDBACK_ALPHA_0_75,0.84
0.04,1.0,64,ORACLE_HMM,0.85
0.04,1.0,65,NO_FEEDBACK,0.73
0.04,1.0,65,FEEDBACK_ALPHA_0_75,0.795
0.04,1.0,65,ORACLE_HMM,0.815
0.04,1.0,66,NO_FEEDBACK,0.81
0.04,1.0,66,FEEDBACK_ALPHA_0_75,0.885
0.04,1.0,66,ORACLE_HMM,0.905
0.04,1.0,67,NO_FEEDBACK,0.7725
0.04,1.0,67,FEEDBACK_ALPHA_0_75,0.8575
0.04,1.0,67,ORACLE_HMM,0.865
0.04,1.0,68,NO_FEEDBACK,0.8175
0.04,1.0,68,FEEDBACK_ALPHA_0_75,0.86
0.04,1.0,68,ORACLE_HMM,0.87
0.04,1.0,69,NO_FEEDBACK,0.7625
0.04,1.0,69,FEEDBACK_ALPHA_0_75,0.8225
0.04,1.0,69,ORACLE_HMM,0.845
0.04,1.0,70,NO_FEEDBACK,0.7825
0.04,1.0,70,FEEDBACK_ALPHA_0_75,0.845
0.04,1.0,70,ORACLE_HMM,0.8475
0.04,1.0,71,NO_FEEDBACK,0.7375
0.04,1.0,71,FEEDBACK_ALPHA_0_75,0.7925
0.04,1.0,71,ORACLE_HMM,0.8325
0.04,1.0,72,NO_FEEDBACK,0.805
0.04,1.0,72,FEEDBACK_ALPHA_0_75,0.8525
0.04,1.0,72,ORACLE_HMM,0.8725
0.04,1.0,73,NO_FEEDBACK,0.785
0.04,1.0,73,FEEDBACK_ALPHA_0_75,0.83
0.04,1.0,73,ORACLE_HMM,0.84
0.04,1.0,74,NO_FEEDBACK,0.785
0.04,1.0,74,FEEDBACK_ALPHA_0_75,0.8075
0.04,1.0,74,ORACLE_HMM,0.8275
0.04,1.0,75,NO_FEEDBACK,0.7675
0.04,1.0,75,FEEDBACK_ALPHA_0_75,0.7775
0.04,1.0,75,ORACLE_HMM,0.81
0.04,1.0,76,NO_FEEDBACK,0.8125
0.04,1.0,76,FEEDBACK_ALPHA_0_75,0.8425
0.04,1.0,76,ORACLE_HMM,0.875
0.04,1.0,77,NO_FEEDBACK,0.755
0.04,1.0,77,FEEDBACK_ALPHA_0_75,0.7825
0.04,1.0,77,ORACLE_HMM,0.7925
0.04,1.0,78,NO_FEEDBACK,0.7875
0.04,1.0,78,FEEDBACK_ALPHA_0_75,0.795
0.04,1.0,78,ORACLE_HMM,0.8175
0.04,1.0,79,NO_FEEDBACK,0.765
0.04,1.0,79,FEEDBACK_ALPHA_0_75,0.8175
0.04,1.0,79,ORACLE_HMM,0.8075
0.04,1.0,80,NO_FEEDBACK,0.8175
0.04,1.0,80,FEEDBACK_ALPHA_0_75,0.8425
0.04,1.0,80,ORACLE_HMM,0.87
0.04,1.0,81,NO_FEEDBACK,0.7675
0.04,1.0,81,FEEDBACK_ALPHA_0_75,0.8225
0.04,1.0,81,ORACLE_HMM,0.855
0.04,1.0,82,NO_FEEDBACK,0.795
0.04,1.0,82,FEEDBACK_ALPHA_0_75,0.845
0.04,1.0,82,ORACLE_HMM,0.895
0.04,1.0,83,NO_FEEDBACK,0.77
0.04,1.0,83,FEEDBACK_ALPHA_0_75,0.85
0.04,1.0,83,ORACLE_HMM,0.87
0.04,1.0,84,NO_FEEDBACK,0.765
0.04,1.0,84,FEEDBACK_ALPHA_0_75,0.8525
0.04,1.0,84,ORACLE_HMM,0.8675
0.04,1.0,85,NO_FEEDBACK,0.815
0.04,1.0,85,FEEDBACK_ALPHA_0_75,0.8575
0.04,1.0,85,ORACLE_HMM,0.8925
0.04,1.0,86,NO_FEEDBACK,0.78
0.04,1.0,86,FEEDBACK_ALPHA_0_75,0.8475
0.04,1.0,86,ORACLE_HMM,0.875
0.04,1.0,87,NO_FEEDBACK,0.7675
0.04,1.0,87,FEEDBACK_ALPHA_0_75,0.7875
0.04,1.0,87,ORACLE_HMM,0.7675
0.04,1.0,88,NO_FEEDBACK,0.8
0.04,1.0,88,FEEDBACK_ALPHA_0_75,0.8575
0.04,1.0,88,ORACLE_HMM,0.8875
0.04,1.0,89,NO_FEEDBACK,0.7975
0.04,1.0,89,FEEDBACK_ALPHA_0_75,0.8525
0.04,1.0,89,ORACLE_HMM,0.8875
0.04,1.0,90,NO_FEEDBACK,0.775
0.04,1.0,90,FEEDBACK_ALPHA_0_75,0.85
0.04,1.0,90,ORACLE_HMM,0.855
0.04,1.0,91,NO_FEEDBACK,0.785
0.04,1.0,91,FEEDBACK_ALPHA_0_75,0.8425
0.04,1.0,91,ORACLE_HMM,0.88
0.04,1.0,92,NO_FEEDBACK,0.7675
0.04,1.0,92,FEEDBACK_ALPHA_0_75,0.8275
0.04,1.0,92,ORACLE_HMM,0.8525
0.04,1.0,93,NO_FEEDBACK,0.7875
0.04,1.0,93,FEEDBACK_ALPHA_0_75,0.845
0.04,1.0,93,ORACLE_HMM,0.87
0.04,1.0,94,NO_FEEDBACK,0.745
0.04,1.0,94,FEEDBACK_ALPHA_0_75,0.7325
0.04,1.0,94,ORACLE_HMM,0.7675
0.04,1.0,95,NO_FEEDBACK,0.79
0.04,1.0,95,FEEDBACK_ALPHA_0_75,0.8625
0.04,1.0,95,ORACLE_HMM,0.86
0.04,1.0,96,NO_FEEDBACK,0.7875
0.04,1.0,96,FEEDBACK_ALPHA_0_75,0.85
0.04,1.0,96,ORACLE_HMM,0.865
0.04,1.0,97,NO_FEEDBACK,0.74
0.04,1.0,97,FEEDBACK_ALPHA_0_75,0.7775
0.04,1.0,97,ORACLE_HMM,0.81
0.04,1.0,98,NO_FEEDBACK,0.8475
0.04,1.0,98,FEEDBACK_ALPHA_0_75,0.9075
0.04,1.0,98,ORACLE_HMM,0.895
0.04,1.0,99,NO_FEEDBACK,0.7825
0.04,1.0,99,FEEDBACK_ALPHA_0_75,0.835
0.04,1.0,99,ORACLE_HMM,0.855
0.04,1.5,0,NO_FEEDBACK,0.715
0.04,1.5,0,FEEDBACK_ALPHA_0_75,0.7275
0.04,1.5,0,ORACLE_HMM,0.775
0.04,1.5,1,NO_FEEDBACK,0.7075
0.04,1.5,1,FEEDBACK_ALPHA_0_75,0.7525
0.04,1.5,1,ORACLE_HMM,0.82
0.04,1.5,2,NO_FEEDBACK,0.7125
0.04,1.5,2,FEEDBACK_ALPHA_0_75,0.725
0.04,1.5,2,ORACLE_HMM,0.8075
0.04,1.5,3,NO_FEEDBACK,0.7475
0.04,1.5,3,FEEDBACK_ALPHA_0_75,0.825
0.04,1.5,3,ORACLE_HMM,0.875
0.04,1.5,4,NO_FEEDBACK,0.7175
0.04,1.5,4,FEEDBACK_ALPHA_0_75,0.8
0.04,1.5,4,ORACLE_HMM,0.8975
0.04,1.5,5,NO_FEEDBACK,0.7025
0.04,1.5,5,FEEDBACK_ALPHA_0_75,0.76
0.04,1.5,5,ORACLE_HMM,0.7925
0.04,1.5,6,NO_FEEDBACK,0.6625
0.04,1.5,6,FEEDBACK_ALPHA_0_75,0.7225
0.04,1.5,6,ORACLE_HMM,0.78
0.04,1.5,7,NO_FEEDBACK,0.6775
0.04,1.5,7,FEEDBACK_ALPHA_0_75,0.6925
0.04,1.5,7,ORACLE_HMM,0.7325
0.04,1.5,8,NO_FEEDBACK,0.7575
0.04,1.5,8,FEEDBACK_ALPHA_0_75,0.78
0.04,1.5,8,ORACLE_HMM,0.8275
0.04,1.5,9,NO_FEEDBACK,0.7025
0.04,1.5,9,FEEDBACK_ALPHA_0_75,0.7375
0.04,1.5,9,ORACLE_HMM,0.83
0.04,1.5,10,NO_FEEDBACK,0.7225
0.04,1.5,10,FEEDBACK_ALPHA_0_75,0.795
0.04,1.5,10,ORACLE_HMM,0.8625
0.04,1.5,11,NO_FEEDBACK,0.705
0.04,1.5,11,FEEDBACK_ALPHA_0_75,0.7175
0.04,1.5,11,ORACLE_HMM,0.7775
0.04,1.5,12,NO_FEEDBACK,0.735
0.04,1.5,12,FEEDBACK_ALPHA_0_75,0.77
0.04,1.5,12,ORACLE_HMM,0.8525
0.04,1.5,13,NO_FEEDBACK,0.715
0.04,1.5,13,FEEDBACK_ALPHA_0_75,0.7575
0.04,1.5,13,ORACLE_HMM,0.795
0.04,1.5,14,NO_FEEDBACK,0.7225
0.04,1.5,14,FEEDBACK_ALPHA_0_75,0.7725
0.04,1.5,14,ORACLE_HMM,0.8275
0.04,1.5,15,NO_FEEDBACK,0.6625
0.04,1.5,15,FEEDBACK_ALPHA_0_75,0.6875
0.04,1.5,15,ORACLE_HMM,0.7325
0.04,1.5,16,NO_FEEDBACK,0.6925
0.04,1.5,16,FEEDBACK_ALPHA_0_75,0.7575
0.04,1.5,16,ORACLE_HMM,0.79
0.04,1.5,17,NO_FEEDBACK,0.7425
0.04,1.5,17,FEEDBACK_ALPHA_0_75,0.795
0.04,1.5,17,ORACLE_HMM,0.81
0.04,1.5,18,NO_FEEDBACK,0.7
0.04,1.5,18,FEEDBACK_ALPHA_0_75,0.7725
0.04,1.5,18,ORACLE_HMM,0.8125
0.04,1.5,19,NO_FEEDBACK,0.71
0.04,1.5,19,FEEDBACK_ALPHA_0_75,0.7675
0.04,1.5,19,ORACLE_HMM,0.825
0.04,1.5,20,NO_FEEDBACK,0.7275
0.04,1.5,20,FEEDBACK_ALPHA_0_75,0.8125
0.04,1.5,20,ORACLE_HMM,0.8225
0.04,1.5,21,NO_FEEDBACK,0.71
0.04,1.5,21,FEEDBACK_ALPHA_0_75,0.7625
0.04,1.5,21,ORACLE_HMM,0.815
0.04,1.5,22,NO_FEEDBACK,0.7425
0.04,1.5,22,FEEDBACK_ALPHA_0_75,0.7825
0.04,1.5,22,ORACLE_HMM,0.8475
0.04,1.5,23,NO_FEEDBACK,0.7775
0.04,1.5,23,FEEDBACK_ALPHA_0_75,0.83
0.04,1.5,23,ORACLE_HMM,0.84
0.04,1.5,24,NO_FEEDBACK,0.765
0.04,1.5,24,FEEDBACK_ALPHA_0_75,0.795
0.04,1.5,24,ORACLE_HMM,0.895
0.04,1.5,25,NO_FEEDBACK,0.675
0.04,1.5,25,FEEDBACK_ALPHA_0_75,0.735
0.04,1.5,25,ORACLE_HMM,0.765
0.04,1.5,26,NO_FEEDBACK,0.76
0.04,1.5,26,FEEDBACK_ALPHA_0_75,0.805
0.04,1.5,26,ORACLE_HMM,0.8325
0.04,1.5,27,NO_FEEDBACK,0.7175
0.04,1.5,27,FEEDBACK_ALPHA_0_75,0.7625
0.04,1.5,27,ORACLE_HMM,0.79
0.04,1.5,28,NO_FEEDBACK,0.7025
0.04,1.5,28,FEEDBACK_ALPHA_0_75,0.7775
0.04,1.5,28,ORACLE_HMM,0.8625
0.04,1.5,29,NO_FEEDBACK,0.7225
0.04,1.5,29,FEEDBACK_ALPHA_0_75,0.7625
0.04,1.5,29,ORACLE_HMM,0.8175
0.04,1.5,30,NO_FEEDBACK,0.705
0.04,1.5,30,FEEDBACK_ALPHA_0_75,0.695
0.04,1.5,30,ORACLE_HMM,0.7275
0.04,1.5,31,NO_FEEDBACK,0.745
0.04,1.5,31,FEEDBACK_ALPHA_0_75,0.795
0.04,1.5,31,ORACLE_HMM,0.89
0.04,1.5,32,NO_FEEDBACK,0.735
0.04,1.5,32,FEEDBACK_ALPHA_0_75,0.78
0.04,1.5,32,ORACLE_HMM,0.83
0.04,1.5,33,NO_FEEDBACK,0.705
0.04,1.5,33,FEEDBACK_ALPHA_0_75,0.74
0.04,1.5,33,ORACLE_HMM,0.78
0.04,1.5,34,NO_FEEDBACK,0.6975
0.04,1.5,34,FEEDBACK_ALPHA_0_75,0.77
0.04,1.5,34,ORACLE_HMM,0.85
0.04,1.5,35,NO_FEEDBACK,0.7075
0.04,1.5,35,FEEDBACK_ALPHA_0_75,0.74
0.04,1.5,35,ORACLE_HMM,0.835
0.04,1.5,36,NO_FEEDBACK,0.7175
0.04,1.5,36,FEEDBACK_ALPHA_0_75,0.7775
0.04,1.5,36,ORACLE_HMM,0.885
0.04,1.5,37,NO_FEEDBACK,0.7375
0.04,1.5,37,FEEDBACK_ALPHA_0_75,0.825
0.04,1.5,37,ORACLE_HMM,0.91
0.04,1.5,38,NO_FEEDBACK,0.7525
0.04,1.5,38,FEEDBACK_ALPHA_0_75,0.77
0.04,1.5,38,ORACLE_HMM,0.825
0.04,1.5,39,NO_FEEDBACK,0.7025
0.04,1.5,39,FEEDBACK_ALPHA_0_75,0.755
0.04,1.5,39,ORACLE_HMM,0.815
0.04,1.5,40,NO_FEEDBACK,0.7175
0.04,1.5,40,FEEDBACK_ALPHA_0_75,0.775
0.04,1.5,40,ORACLE_HMM,0.84
0.04,1.5,41,NO_FEEDBACK,0.695
0.04,1.5,41,FEEDBACK_ALPHA_0_75,0.7375
0.04,1.5,41,ORACLE_HMM,0.7675
0.04,1.5,42,NO_FEEDBACK,0.765
0.04,1.5,42,FEEDBACK_ALPHA_0_75,0.79
0.04,1.5,42,ORACLE_HMM,0.7925
0.04,1.5,43,NO_FEEDBACK,0.75
0.04,1.5,43,FEEDBACK_ALPHA_0_75,0.7875
0.04,1.5,43,ORACLE_HMM,0.8725
0.04,1.5,44,NO_FEEDBACK,0.7425
0.04,1.5,44,FEEDBACK_ALPHA_0_75,0.78
0.04,1.5,44,ORACLE_HMM,0.855
0.04,1.5,45,NO_FEEDBACK,0.6925
0.04,1.5,45,FEEDBACK_ALPHA_0_75,0.715
0.04,1.5,45,ORACLE_HMM,0.72
0.04,1.5,46,NO_FEEDBACK,0.6975
0.04,1.5,46,FEEDBACK_ALPHA_0_75,0.7025
0.04,1.5,46,ORACLE_HMM,0.7175
0.04,1.5,47,NO_FEEDBACK,0.695
0.04,1.5,47,FEEDBACK_ALPHA_0_75,0.73
0.04,1.5,47,ORACLE_HMM,0.835
0.04,1.5,48,NO_FEEDBACK,0.69
0.04,1.5,48,FEEDBACK_ALPHA_0_75,0.7275
0.04,1.5,48,ORACLE_HMM,0.735
0.04,1.5,49,NO_FEEDBACK,0.685
0.04,1.5,49,FEEDBACK_ALPHA_0_75,0.7175
0.04,1.5,49,ORACLE_HMM,0.8075
0.04,1.5,50,NO_FEEDBACK,0.7125
0.04,1.5,50,FEEDBACK_ALPHA_0_75,0.7125
0.04,1.5,50,ORACLE_HMM,0.73
0.04,1.5,51,NO_FEEDBACK,0.65
0.04,1.5,51,FEEDBACK_ALPHA_0_75,0.7125
0.04,1.5,51,ORACLE_HMM,0.75
0.04,1.5,52,NO_FEEDBACK,0.695
0.04,1.5,52,FEEDBACK_ALPHA_0_75,0.735
0.04,1.5,52,ORACLE_HMM,0.75
0.04,1.5,53,NO_FEEDBACK,0.6975
0.04,1.5,53,FEEDBACK_ALPHA_0_75,0.7675
0.04,1.5,53,ORACLE_HMM,0.7675
0.04,1.5,54,NO_FEEDBACK,0.725
0.04,1.5,54,FEEDBACK_ALPHA_0_75,0.765
0.04,1.5,54,ORACLE_HMM,0.7925
0.04,1.5,55,NO_FEEDBACK,0.7175
0.04,1.5,55,FEEDBACK_ALPHA_0_75,0.7625
0.04,1.5,55,ORACLE_HMM,0.82
0.04,1.5,56,NO_FEEDBACK,0.685
0.04,1.5,56,FEEDBACK_ALPHA_0_75,0.715
0.04,1.5,56,ORACLE_HMM,0.7875
0.04,1.5,57,NO_FEEDBACK,0.71
0.04,1.5,57,FEEDBACK_ALPHA_0_75,0.7475
0.04,1.5,57,ORACLE_HMM,0.825
0.04,1.5,58,NO_FEEDBACK,0.735
0.04,1.5,58,FEEDBACK_ALPHA_0_75,0.7575
0.04,1.5,58,ORACLE_HMM,0.7975
0.04,1.5,59,NO_FEEDBACK,0.6975
0.04,1.5,59,FEEDBACK_ALPHA_0_75,0.745
0.04,1.5,59,ORACLE_HMM,0.7925
0.04,1.5,60,NO_FEEDBACK,0.7375
0.04,1.5,60,FEEDBACK_ALPHA_0_75,0.7575
0.04,1.5,60,ORACLE_HMM,0.8
0.04,1.5,61,NO_FEEDBACK,0.705
0.04,1.5,61,FEEDBACK_ALPHA_0_75,0.775
0.04,1.5,61,ORACLE_HMM,0.8525
0.04,1.5,62,NO_FEEDBACK,0.705
0.04,1.5,62,FEEDBACK_ALPHA_0_75,0.765
0.04,1.5,62,ORACLE_HMM,0.7625
0.04,1.5,63,NO_FEEDBACK,0.725
0.04,1.5,63,FEEDBACK_ALPHA_0_75,0.7625
0.04,1.5,63,ORACLE_HMM,0.8275
0.04,1.5,64,NO_FEEDBACK,0.71
0.04,1.5,64,FEEDBACK_ALPHA_0_75,0.7125
0.04,1.5,64,ORACLE_HMM,0.74
0.04,1.5,65,NO_FEEDBACK,0.73
0.04,1.5,65,FEEDBACK_ALPHA_0_75,0.79
0.04,1.5,65,ORACLE_HMM,0.8375
0.04,1.5,66,NO_FEEDBACK,0.7575
0.04,1.5,66,FEEDBACK_ALPHA_0_75,0.8025
0.04,1.5,66,ORACLE_HMM,0.855
0.04,1.5,67,NO_FEEDBACK,0.7375
0.04,1.5,67,FEEDBACK_ALPHA_0_75,0.7825
0.04,1.5,67,ORACLE_HMM,0.8425
0.04,1.5,68,NO_FEEDBACK,0.7275
0.04,1.5,68,FEEDBACK_ALPHA_0_75,0.775
0.04,1.5,68,ORACLE_HMM,0.8375
0.04,1.5,69,NO_FEEDBACK,0.785
0.04,1.5,69,FEEDBACK_ALPHA_0_75,0.85
0.04,1.5,69,ORACLE_HMM,0.885
0.04,1.5,70,NO_FEEDBACK,0.7525
0.04,1.5,70,FEEDBACK_ALPHA_0_75,0.79
0.04,1.5,70,ORACLE_HMM,0.865
0.04,1.5,71,NO_FEEDBACK,0.7225
0.04,1.5,71,FEEDBACK_ALPHA_0_75,0.7875
0.04,1.5,71,ORACLE_HMM,0.865
0.04,1.5,72,NO_FEEDBACK,0.6725
0.04,1.5,72,FEEDBACK_ALPHA_0_75,0.7375
0.04,1.5,72,ORACLE_HMM,0.8025
0.04,1.5,73,NO_FEEDBACK,0.73
0.04,1.5,73,FEEDBACK_ALPHA_0_75,0.7575
0.04,1.5,73,ORACLE_HMM,0.785
0.04,1.5,74,NO_FEEDBACK,0.69
0.04,1.5,74,FEEDBACK_ALPHA_0_75,0.7425
0.04,1.5,74,ORACLE_HMM,0.805
0.04,1.5,75,NO_FEEDBACK,0.7575
0.04,1.5,75,FEEDBACK_ALPHA_0_75,0.7675
0.04,1.5,75,ORACLE_HMM,0.795
0.04,1.5,76,NO_FEEDBACK,0.76
0.04,1.5,76,FEEDBACK_ALPHA_0_75,0.8325
0.04,1.5,76,ORACLE_HMM,0.8575
0.04,1.5,77,NO_FEEDBACK,0.6825
0.04,1.5,77,FEEDBACK_ALPHA_0_75,0.75
0.04,1.5,77,ORACLE_HMM,0.7925
0.04,1.5,78,NO_FEEDBACK,0.735
0.04,1.5,78,FEEDBACK_ALPHA_0_75,0.7825
0.04,1.5,78,ORACLE_HMM,0.8975
0.04,1.5,79,NO_FEEDBACK,0.77
0.04,1.5,79,FEEDBACK_ALPHA_0_75,0.8325
0.04,1.5,79,ORACLE_HMM,0.86
0.04,1.5,80,NO_FEEDBACK,0.7325
0.04,1.5,80,FEEDBACK_ALPHA_0_75,0.79
0.04,1.5,80,ORACLE_HMM,0.7875
0.04,1.5,81,NO_FEEDBACK,0.7375
0.04,1.5,81,FEEDBACK_ALPHA_0_75,0.8125
0.04,1.5,81,ORACLE_HMM,0.9025
0.04,1.5,82,NO_FEEDBACK,0.6625
0.04,1.5,82,FEEDBACK_ALPHA_0_75,0.7325
0.04,1.5,82,ORACLE_HMM,0.83
0.04,1.5,83,NO_FEEDBACK,0.755
0.04,1.5,83,FEEDBACK_ALPHA_0_75,0.805
0.04,1.5,83,ORACLE_HMM,0.795
0.04,1.5,84,NO_FEEDBACK,0.7375
0.04,1.5,84,FEEDBACK_ALPHA_0_75,0.775
0.04,1.5,84,ORACLE_HMM,0.8075
0.04,1.5,85,NO_FEEDBACK,0.7
0.04,1.5,85,FEEDBACK_ALPHA_0_75,0.7725
0.04,1.5,85,ORACLE_HMM,0.8175
0.04,1.5,86,NO_FEEDBACK,0.715
0.04,1.5,86,FEEDBACK_ALPHA_0_75,0.78
0.04,1.5,86,ORACLE_HMM,0.8825
0.04,1.5,87,NO_FEEDBACK,0.7175
0.04,1.5,87,FEEDBACK_ALPHA_0_75,0.7925
0.04,1.5,87,ORACLE_HMM,0.905
0.04,1.5,88,NO_FEEDBACK,0.725
0.04,1.5,88,FEEDBACK_ALPHA_0_75,0.74
0.04,1.5,88,ORACLE_HMM,0.8525
0.04,1.5,89,NO_FEEDBACK,0.6675
0.04,1.5,89,FEEDBACK_ALPHA_0_75,0.735
0.04,1.5,89,ORACLE_HMM,0.78
0.04,1.5,90,NO_FEEDBACK,0.6725
0.04,1.5,90,FEEDBACK_ALPHA_0_75,0.6925
0.04,1.5,90,ORACLE_HMM,0.76
0.04,1.5,91,NO_FEEDBACK,0.745
0.04,1.5,91,FEEDBACK_ALPHA_0_75,0.8125
0.04,1.5,91,ORACLE_HMM,0.8275
0.04,1.5,92,NO_FEEDBACK,0.725
0.04,1.5,92,FEEDBACK_ALPHA_0_75,0.7475
0.04,1.5,92,ORACLE_HMM,0.7575
0.04,1.5,93,NO_FEEDBACK,0.7425
0.04,1.5,93,FEEDBACK_ALPHA_0_75,0.805
0.04,1.5,93,ORACLE_HMM,0.91
0.04,1.5,94,NO_FEEDBACK,0.745
0.04,1.5,94,FEEDBACK_ALPHA_0_75,0.7975
0.04,1.5,94,ORACLE_HMM,0.88
0.04,1.5,95,NO_FEEDBACK,0.7175
0.04,1.5,95,FEEDBACK_ALPHA_0_75,0.7675
0.04,1.5,95,ORACLE_HMM,0.77
0.04,1.5,96,NO_FEEDBACK,0.715
0.04,1.5,96,FEEDBACK_ALPHA_0_75,0.7475
0.04,1.5,96,ORACLE_HMM,0.855
0.04,1.5,97,NO_FEEDBACK,0.76
0.04,1.5,97,FEEDBACK_ALPHA_0_75,0.8275
0.04,1.5,97,ORACLE_HMM,0.875
0.04,1.5,98,NO_FEEDBACK,0.68
0.04,1.5,98,FEEDBACK_ALPHA_0_75,0.7025
0.04,1.5,98,ORACLE_HMM,0.795
0.04,1.5,99,NO_FEEDBACK,0.685
0.04,1.5,99,FEEDBACK_ALPHA_0_75,0.7325
0.04,1.5,99,ORACLE_HMM,0.81
