seed,delay,trace_minus_no_trace,trace_minus_exact_replay
0,1,0.005503256777813825,-0.022869668070387372
0,4,-0.000994168230622705,-0.023136030096442717
0,16,0.0040745646230262444,-0.02095822451899354
0,64,0.003289422651718832,-0.021337764300157658
1,1,0.004735652619013431,-0.01945127152245929
1,4,0.007319332973364179,-0.01879908996174995
1,16,0.0024161360649151975,-0.020006302620789507
1,64,0.0014089047978845803,-0.021606455050479312
2,1,0.0011789353858620566,-0.019116776903066457
2,4,0.0002482324164844174,-0.017882759957441152
2,16,0.00048438546254525594,-0.017386190293782966
2,64,-0.002091400916339581,-0.020290113827235834
3,1,0.002112812778094386,-0.00798524134264833
3,4,0.0017468515880456614,-0.008047361270921871
3,16,0.0016748611242698441,-0.009123391676035264
3,64,-0.0031753039980804143,-0.01223697006841895
4,1,0.0024534925169552024,-0.009391587609125118
4,4,0.0024997380208819364,-0.009435542428161692
4,16,0.003544983110443767,-0.00959355469602935
4,64,0.0022881212523183647,-0.00988113618302533
5,1,0.0049233824436935025,-0.008919225389348417
5,4,0.006720714071681955,-0.008845588303888707
5,16,0.007891753535634594,-0.010003365102344786
5,64,-0.0002553765354619819,-0.016280832778596432
6,1,0.0011836092714753166,-0.014586418636713172
6,4,0.005258330150593626,-0.015228809669886156
6,16,0.001758017028168024,-0.014727669141873734
6,64,0.003339594362425924,-0.018465273926434822
7,1,0.008444581427656583,-0.011157987094354116
7,4,0.004310888472576324,-0.011087467468174683
7,16,0.00417491533735348,-0.013890195651473203
7,64,0.005923196007289855,-0.013292735416057244
8,1,0.0005891500802260863,-0.02166499332536237
8,4,0.002709166460894863,-0.021975048321348833
8,16,-0.003616902360546459,-0.01993150565155488
8,64,-0.00013085043580784994,-0.019928006755913996
9,1,0.002317546893888245,-0.008756190682183529
9,4,0.0041742840241009715,-0.008165229021445564
9,16,0.0020179438270489514,-0.009257740306820528
9,64,-0.00029950878565870864,-0.011690422796275801
10,1,0.006420593025315391,-0.013380712268585615
10,4,0.004380462488321246,-0.013765617339468128
10,16,0.0014050603176586351,-0.015504470866120168
10,64,0.005301812212750945,-0.016677632936284326
11,1,0.004232084644809508,-0.017838057783363115
11,4,0.004003750908671444,-0.018459478345297597
11,16,0.0004592909677254564,-0.02029373441878346
11,64,-0.0020403320913602307,-0.022767752915687445
12,1,0.003748236804073879,-0.023295306888270084
12,4,0.003469584450153773,-0.02467892540323202
12,16,0.0013126226131816576,-0.0239731055195731
12,64,0.0011550715687406177,-0.024244109484426457
13,1,0.007538572953767697,-0.024130149907431342
13,4,0.006472017600236357,-0.023682323852568465
13,16,0.003781959664063139,-0.02553268414515769
13,64,0.003622048165055458,-0.023198515273911924
14,1,0.0018387311648076499,-0.006410957527229755
14,4,0.002545839934575689,-0.006663298037716925
14,16,0.0010990844760728757,-0.007832956749711018
14,64,0.0006245912210578464,-0.008547308411634147
15,1,0.016003833589827043,-0.021828953681574448
15,4,0.01750808178387797,-0.021851509867300667
15,16,0.012579596334072352,-0.02701807789986732
15,64,0.0008041733966626108,-0.032612706168599015
16,1,0.005029794274465482,-0.007943337215931101
16,4,0.004372622369485324,-0.00869452965487838
16,16,0.005048767930041387,-0.008387443570440745
16,64,0.0064916748678904845,-0.008642429250695027
17,1,0.002466281801239867,-0.013454630786475463
17,4,0.003583749785252721,-0.014126414808368182
17,16,0.001144030444465427,-0.014550133882450189
17,64,0.002472142750160111,-0.013857696201172442
18,1,0.0020936901902428584,-0.013948300721774665
18,4,0.002089155730101544,-0.01492482375887555
18,16,-0.002571773816877676,-0.016492976147227056
18,64,0.002648604295995116,-0.014842708677897054
19,1,0.006444167606084572,-0.012845712451037827
19,4,0.0026776820244153177,-0.014124993608151448
19,16,0.0025063167577473733,-0.015042925659012996
19,64,0.001707909901605964,-0.013662128053394174
20,1,0.002227713768944095,-0.00812752628297303
20,4,0.0028825752966824547,-0.008149064940015771
20,16,-5.076047447105658e-05,-0.010011692282763385
20,64,8.048506974378533e-05,-0.008341147435399598
21,1,0.0069577786978644585,-0.014928441720310492
21,4,0.0054465436560548475,-0.01594579448594957
21,16,0.00827342257698599,-0.01753523447147487
21,64,0.003900991525667863,-0.018955894942848328
22,1,0.001906597473338989,-0.02036317132448706
22,4,0.0009865023842373644,-0.02058924043723309
22,16,0.0032441225269774776,-0.020121844982440518
22,64,-0.0002831727156613617,-0.02486374180039963
23,1,0.005824246967697788,-0.01338431650344074
23,4,0.004082309810696405,-0.0145558368665063
23,16,0.0035378367593065785,-0.016059113790967472
23,64,0.0012694242418486157,-0.01786205702798871
24,1,0.0024482144749169987,-0.015207599947928974
24,4,-0.000829685389732493,-0.014093870895874216
24,16,0.005263127110384236,-0.01602800292035217
24,64,0.003619237110005391,-0.013522615357862477
25,1,0.004026944658565956,-0.016751482882900293
25,4,0.0020827844305241205,-0.01604925644085531
25,16,0.001764128012263333,-0.018414085592583174
25,64,9.46213623794212e-05,-0.01904474293331565
26,1,0.004868405377009943,-0.009107927755305445
26,4,0.003444351019106895,-0.008838548473071861
26,16,0.004078072384383846,-0.009405688115466937
26,64,0.001356636845188608,-0.012583868934275766
27,1,0.00035568349156611667,-0.006821571753872213
27,4,0.0009218909461223834,-0.006927876632974783
27,16,-0.0005603936383534736,-0.008128660311716662
27,64,-0.0009418640730434191,-0.007522405118987274
28,1,0.0011659958295066053,-0.007375597960260993
28,4,0.0024052191285989233,-0.007540561957075642
28,16,0.0021280011877318206,-0.007591083196041293
28,64,-0.0004084670358190934,-0.009091338734793286
29,1,0.0004244517028735295,-0.008807956003733297
29,4,-0.0006271825892075755,-0.008852883585541371
29,16,-0.000495885323478884,-0.009047502873555047
29,64,0.0009038527154712206,-0.00987832347854678
