seed,delay,arm,heldout_expected_reward,mean_train_realized_reward,n_train,n_test,reservoir_spectral_radius
0,1,EXACT_REPLAY,0.528614666042844,0.5041666666666667,6000,2000,0.8000000000000012
0,1,ELIGIBILITY_TRACE_NORM_MATCHED,0.5057449979724566,0.4895,6000,2000,0.8000000000000012
0,1,NO_TRACE,0.5002417411946428,0.4881666666666667,6000,2000,0.8000000000000012
0,4,EXACT_REPLAY,0.5287775703927923,0.504,6000,2000,0.8000000000000012
0,4,ELIGIBILITY_TRACE_NORM_MATCHED,0.5056415402963496,0.48983333333333334,6000,2000,0.8000000000000012
0,4,NO_TRACE,0.5066357085269723,0.4891666666666667,6000,2000,0.8000000000000012
0,16,EXACT_REPLAY,0.5287733183384814,0.5038333333333334,6000,2000,0.8000000000000012
0,16,ELIGIBILITY_TRACE_NORM_MATCHED,0.5078150938194879,0.4925,6000,2000,0.8000000000000012
0,16,NO_TRACE,0.5037405291964616,0.49,6000,2000,0.8000000000000012
0,64,EXACT_REPLAY,0.5288333731979794,0.5035,6000,2000,0.8000000000000012
0,64,ELIGIBILITY_TRACE_NORM_MATCHED,0.5074956088978217,0.49316666666666664,6000,2000,0.8000000000000012
0,64,NO_TRACE,0.5042061862461029,0.48966666666666664,6000,2000,0.8000000000000012
1,1,EXACT_REPLAY,0.5234866572122994,0.5226666666666666,6000,2000,0.8000000000000014
1,1,ELIGIBILITY_TRACE_NORM_MATCHED,0.5040353856898401,0.5066666666666667,6000,2000,0.8000000000000014
1,1,NO_TRACE,0.49929973307082665,0.506,6000,2000,0.8000000000000014
1,4,EXACT_REPLAY,0.5234376808794118,0.522,6000,2000,0.8000000000000014
1,4,ELIGIBILITY_TRACE_NORM_MATCHED,0.5046385909176618,0.5068333333333334,6000,2000,0.8000000000000014
1,4,NO_TRACE,0.49731925794429765,0.506,6000,2000,0.8000000000000014
1,16,EXACT_REPLAY,0.5233774909396234,0.5226666666666666,6000,2000,0.8000000000000014
1,16,ELIGIBILITY_TRACE_NORM_MATCHED,0.5033711883188339,0.5056666666666667,6000,2000,0.8000000000000014
1,16,NO_TRACE,0.5009550522539187,0.5066666666666667,6000,2000,0.8000000000000014
1,64,EXACT_REPLAY,0.5234851673329156,0.5226666666666666,6000,2000,0.8000000000000014
1,64,ELIGIBILITY_TRACE_NORM_MATCHED,0.5018787122824363,0.5073333333333333,6000,2000,0.8000000000000014
1,64,NO_TRACE,0.5004698074845517,0.5073333333333333,6000,2000,0.8000000000000014
2,1,EXACT_REPLAY,0.5191099712986313,0.5126666666666667,6000,2000,0.8000000000000029
2,1,ELIGIBILITY_TRACE_NORM_MATCHED,0.4999931943955649,0.5023333333333333,6000,2000,0.8000000000000029
2,1,NO_TRACE,0.49881425900970283,0.5013333333333333,6000,2000,0.8000000000000029
2,4,EXACT_REPLAY,0.5191095162871525,0.5131666666666667,6000,2000,0.8000000000000029
2,4,ELIGIBILITY_TRACE_NORM_MATCHED,0.5012267563297114,0.5036666666666667,6000,2000,0.8000000000000029
2,4,NO_TRACE,0.500978523913227,0.503,6000,2000,0.8000000000000029
2,16,EXACT_REPLAY,0.5192440745948483,0.5133333333333333,6000,2000,0.8000000000000029
2,16,ELIGIBILITY_TRACE_NORM_MATCHED,0.5018578843010654,0.5051666666666667,6000,2000,0.8000000000000029
2,16,NO_TRACE,0.5013734988385201,0.5033333333333333,6000,2000,0.8000000000000029
2,64,EXACT_REPLAY,0.5191248479748602,0.5126666666666667,6000,2000,0.8000000000000029
2,64,ELIGIBILITY_TRACE_NORM_MATCHED,0.4988347341476244,0.5036666666666667,6000,2000,0.8000000000000029
2,64,NO_TRACE,0.500926135063964,0.5065,6000,2000,0.8000000000000029
3,1,EXACT_REPLAY,0.5222928420222058,0.5061666666666667,6000,2000,0.8000000000000009
3,1,ELIGIBILITY_TRACE_NORM_MATCHED,0.5143076006795575,0.5016666666666667,6000,2000,0.8000000000000009
3,1,NO_TRACE,0.5121947879014631,0.5011666666666666,6000,2000,0.8000000000000009
3,4,EXACT_REPLAY,0.5222361138514492,0.5056666666666667,6000,2000,0.8000000000000009
3,4,ELIGIBILITY_TRACE_NORM_MATCHED,0.5141887525805273,0.5021666666666667,6000,2000,0.8000000000000009
3,4,NO_TRACE,0.5124419009924817,0.49966666666666665,6000,2000,0.8000000000000009
3,16,EXACT_REPLAY,0.522216698232676,0.5055,6000,2000,0.8000000000000009
3,16,ELIGIBILITY_TRACE_NORM_MATCHED,0.5130933065566408,0.5008333333333334,6000,2000,0.8000000000000009
3,16,NO_TRACE,0.5114184454323709,0.498,6000,2000,0.8000000000000009
3,64,EXACT_REPLAY,0.5223212432209953,0.505,6000,2000,0.8000000000000009
3,64,ELIGIBILITY_TRACE_NORM_MATCHED,0.5100842731525763,0.5006666666666667,6000,2000,0.8000000000000009
3,64,NO_TRACE,0.5132595771506567,0.501,6000,2000,0.8000000000000009
4,1,EXACT_REPLAY,0.5079493034398952,0.5051666666666667,6000,2000,0.8000000000000009
4,1,ELIGIBILITY_TRACE_NORM_MATCHED,0.4985577158307701,0.5,6000,2000,0.8000000000000009
4,1,NO_TRACE,0.4961042233138149,0.49883333333333335,6000,2000,0.8000000000000009
4,4,EXACT_REPLAY,0.5080363345925643,0.5056666666666667,6000,2000,0.8000000000000009
4,4,ELIGIBILITY_TRACE_NORM_MATCHED,0.49860079216440256,0.5,6000,2000,0.8000000000000009
4,4,NO_TRACE,0.4961010541435206,0.5018333333333334,6000,2000,0.8000000000000009
4,16,EXACT_REPLAY,0.5080525810471679,0.5055,6000,2000,0.8000000000000009
4,16,ELIGIBILITY_TRACE_NORM_MATCHED,0.49845902635113853,0.5006666666666667,6000,2000,0.8000000000000009
4,16,NO_TRACE,0.49491404324069477,0.501,6000,2000,0.8000000000000009
4,64,EXACT_REPLAY,0.5080176533373078,0.506,6000,2000,0.8000000000000009
4,64,ELIGIBILITY_TRACE_NORM_MATCHED,0.4981365171542824,0.5001666666666666,6000,2000,0.8000000000000009
4,64,NO_TRACE,0.49584839590196406,0.5006666666666667,6000,2000,0.8000000000000009
5,1,EXACT_REPLAY,0.512207845023989,0.5141666666666667,6000,2000,0.8000000000000008
5,1,ELIGIBILITY_TRACE_NORM_MATCHED,0.5032886196346406,0.5121666666666667,6000,2000,0.8000000000000008
5,1,NO_TRACE,0.49836523719094705,0.5128333333333334,6000,2000,0.8000000000000008
5,4,EXACT_REPLAY,0.5122883748955278,0.5146666666666667,6000,2000,0.8000000000000008
5,4,ELIGIBILITY_TRACE_NORM_MATCHED,0.5034427865916391,0.5106666666666667,6000,2000,0.8000000000000008
5,4,NO_TRACE,0.49672207251995715,0.5106666666666667,6000,2000,0.8000000000000008
5,16,EXACT_REPLAY,0.5123073795297739,0.5136666666666667,6000,2000,0.8000000000000008
5,16,ELIGIBILITY_TRACE_NORM_MATCHED,0.5023040144274291,0.5131666666666667,6000,2000,0.8000000000000008
5,16,NO_TRACE,0.4944122608917945,0.5135,6000,2000,0.8000000000000008
5,64,EXACT_REPLAY,0.5123336577137176,0.5138333333333334,6000,2000,0.8000000000000008
5,64,ELIGIBILITY_TRACE_NORM_MATCHED,0.4960528249351212,0.513,6000,2000,0.8000000000000008
5,64,NO_TRACE,0.4963082014705832,0.5105,6000,2000,0.8000000000000008
6,1,EXACT_REPLAY,0.5239269343407821,0.5038333333333334,6000,2000,0.8000000000000018
6,1,ELIGIBILITY_TRACE_NORM_MATCHED,0.5093405157040689,0.497,6000,2000,0.8000000000000018
6,1,NO_TRACE,0.5081569064325936,0.4985,6000,2000,0.8000000000000018
6,4,EXACT_REPLAY,0.5237985734981301,0.5041666666666667,6000,2000,0.8000000000000018
6,4,ELIGIBILITY_TRACE_NORM_MATCHED,0.5085697638282439,0.497,6000,2000,0.8000000000000018
6,4,NO_TRACE,0.5033114336776503,0.498,6000,2000,0.8000000000000018
6,16,EXACT_REPLAY,0.5237343198050611,0.5041666666666667,6000,2000,0.8000000000000018
6,16,ELIGIBILITY_TRACE_NORM_MATCHED,0.5090066506631874,0.49833333333333335,6000,2000,0.8000000000000018
6,16,NO_TRACE,0.5072486336350194,0.49883333333333335,6000,2000,0.8000000000000018
6,64,EXACT_REPLAY,0.523804972328709,0.5036666666666667,6000,2000,0.8000000000000018
6,64,ELIGIBILITY_TRACE_NORM_MATCHED,0.5053396984022742,0.49783333333333335,6000,2000,0.8000000000000018
6,64,NO_TRACE,0.5020001040398483,0.49616666666666664,6000,2000,0.8000000000000018
7,1,EXACT_REPLAY,0.5237834575016962,0.5135,6000,2000,0.8000000000000007
7,1,ELIGIBILITY_TRACE_NORM_MATCHED,0.5126254704073421,0.5098333333333334,6000,2000,0.8000000000000007
7,1,NO_TRACE,0.5041808889796855,0.5013333333333333,6000,2000,0.8000000000000007
7,4,EXACT_REPLAY,0.5237393712808047,0.5131666666666667,6000,2000,0.8000000000000007
7,4,ELIGIBILITY_TRACE_NORM_MATCHED,0.51265190381263,0.5095,6000,2000,0.8000000000000007
7,4,NO_TRACE,0.5083410153400537,0.5065,6000,2000,0.8000000000000007
7,16,EXACT_REPLAY,0.5237107194251012,0.513,6000,2000,0.8000000000000007
7,16,ELIGIBILITY_TRACE_NORM_MATCHED,0.509820523773628,0.5076666666666667,6000,2000,0.8000000000000007
7,16,NO_TRACE,0.5056456084362745,0.5046666666666667,6000,2000,0.8000000000000007
7,64,EXACT_REPLAY,0.5237397340332092,0.5133333333333333,6000,2000,0.8000000000000007
7,64,ELIGIBILITY_TRACE_NORM_MATCHED,0.5104469986171519,0.5071666666666667,6000,2000,0.8000000000000007
7,64,NO_TRACE,0.5045238026098621,0.5036666666666667,6000,2000,0.8000000000000007
8,1,EXACT_REPLAY,0.5213521827870519,0.5091666666666667,6000,2000,0.8000000000000012
8,1,ELIGIBILITY_TRACE_NORM_MATCHED,0.4996871894616895,0.4995,6000,2000,0.8000000000000012
8,1,NO_TRACE,0.4990980393814634,0.49866666666666665,6000,2000,0.8000000000000012
8,4,EXACT_REPLAY,0.5213225779750928,0.5091666666666667,6000,2000,0.8000000000000012
8,4,ELIGIBILITY_TRACE_NORM_MATCHED,0.499347529653744,0.49883333333333335,6000,2000,0.8000000000000012
8,4,NO_TRACE,0.49663836319284915,0.5001666666666666,6000,2000,0.8000000000000012
8,16,EXACT_REPLAY,0.5213271601082939,0.5096666666666667,6000,2000,0.8000000000000012
8,16,ELIGIBILITY_TRACE_NORM_MATCHED,0.5013956544567391,0.5005,6000,2000,0.8000000000000012
8,16,NO_TRACE,0.5050125568172855,0.501,6000,2000,0.8000000000000012
8,64,EXACT_REPLAY,0.5212829247811184,0.5096666666666667,6000,2000,0.8000000000000012
8,64,ELIGIBILITY_TRACE_NORM_MATCHED,0.5013549180252044,0.5025,6000,2000,0.8000000000000012
8,64,NO_TRACE,0.5014857684610122,0.5025,6000,2000,0.8000000000000012
9,1,EXACT_REPLAY,0.5084079200570119,0.506,6000,2000,0.8000000000000008
9,1,ELIGIBILITY_TRACE_NORM_MATCHED,0.4996517293748283,0.5006666666666667,6000,2000,0.8000000000000008
9,1,NO_TRACE,0.4973341824809401,0.4975,6000,2000,0.8000000000000008
9,4,EXACT_REPLAY,0.5083643451987017,0.5061666666666667,6000,2000,0.8000000000000008
9,4,ELIGIBILITY_TRACE_NORM_MATCHED,0.5001991161772561,0.5016666666666667,6000,2000,0.8000000000000008
9,4,NO_TRACE,0.4960248321531551,0.49883333333333335,6000,2000,0.8000000000000008
9,16,EXACT_REPLAY,0.5083827402416385,0.5061666666666667,6000,2000,0.8000000000000008
9,16,ELIGIBILITY_TRACE_NORM_MATCHED,0.499124999934818,0.5008333333333334,6000,2000,0.8000000000000008
9,16,NO_TRACE,0.49710705610776906,0.4975,6000,2000,0.8000000000000008
9,64,EXACT_REPLAY,0.5083768464557384,0.5065,6000,2000,0.8000000000000008
9,64,ELIGIBILITY_TRACE_NORM_MATCHED,0.49668642365946264,0.499,6000,2000,0.8000000000000008
9,64,NO_TRACE,0.49698593244512135,0.4995,6000,2000,0.8000000000000008
10,1,EXACT_REPLAY,0.5179420118706534,0.52,6000,2000,0.8000000000000004
10,1,ELIGIBILITY_TRACE_NORM_MATCHED,0.5045612996020677,0.514,6000,2000,0.8000000000000004
10,1,NO_TRACE,0.49814070657675236,0.5091666666666667,6000,2000,0.8000000000000004
10,4,EXACT_REPLAY,0.5179140019610795,0.5195,6000,2000,0.8000000000000004
10,4,ELIGIBILITY_TRACE_NORM_MATCHED,0.5041483846216114,0.5135,6000,2000,0.8000000000000004
10,4,NO_TRACE,0.49976792213329013,0.5091666666666667,6000,2000,0.8000000000000004
10,16,EXACT_REPLAY,0.5177641115188203,0.5195,6000,2000,0.8000000000000004
10,16,ELIGIBILITY_TRACE_NORM_MATCHED,0.5022596406527001,0.5113333333333333,6000,2000,0.8000000000000004
10,16,NO_TRACE,0.5008545803350415,0.5096666666666667,6000,2000,0.8000000000000004
10,64,EXACT_REPLAY,0.5177769108892373,0.5196666666666667,6000,2000,0.8000000000000004
10,64,ELIGIBILITY_TRACE_NORM_MATCHED,0.501099277952953,0.5095,6000,2000,0.8000000000000004
10,64,NO_TRACE,0.495797465740202,0.5073333333333333,6000,2000,0.8000000000000004
11,1,EXACT_REPLAY,0.5241214576876065,0.5191666666666667,6000,2000,0.8000000000000007
11,1,ELIGIBILITY_TRACE_NORM_MATCHED,0.5062833999042434,0.509,6000,2000,0.8000000000000007
11,1,NO_TRACE,0.5020513152594339,0.5091666666666667,6000,2000,0.8000000000000007
11,4,EXACT_REPLAY,0.5241476727221995,0.5191666666666667,6000,2000,0.8000000000000007
11,4,ELIGIBILITY_TRACE_NORM_MATCHED,0.5056881943769019,0.51,6000,2000,0.8000000000000007
11,4,NO_TRACE,0.5016844434682305,0.5088333333333334,6000,2000,0.8000000000000007
11,16,EXACT_REPLAY,0.5241469023964174,0.5193333333333333,6000,2000,0.8000000000000007
11,16,ELIGIBILITY_TRACE_NORM_MATCHED,0.5038531679776339,0.5113333333333333,6000,2000,0.8000000000000007
11,16,NO_TRACE,0.5033938770099085,0.511,6000,2000,0.8000000000000007
11,64,EXACT_REPLAY,0.5240770329508848,0.5191666666666667,6000,2000,0.8000000000000007
11,64,ELIGIBILITY_TRACE_NORM_MATCHED,0.5013092800351974,0.5068333333333334,6000,2000,0.8000000000000007
11,64,NO_TRACE,0.5033496121265576,0.51,6000,2000,0.8000000000000007
12,1,EXACT_REPLAY,0.5297851057132719,0.5101666666666667,6000,2000,0.8000000000000003
12,1,ELIGIBILITY_TRACE_NORM_MATCHED,0.5064897988250018,0.4975,6000,2000,0.8000000000000003
12,1,NO_TRACE,0.5027415620209279,0.495,6000,2000,0.8000000000000003
12,4,EXACT_REPLAY,0.529812521406424,0.5108333333333334,6000,2000,0.8000000000000003
12,4,ELIGIBILITY_TRACE_NORM_MATCHED,0.505133596003192,0.49633333333333335,6000,2000,0.8000000000000003
12,4,NO_TRACE,0.5016640115530382,0.49516666666666664,6000,2000,0.8000000000000003
12,16,EXACT_REPLAY,0.5298731477813858,0.5105,6000,2000,0.8000000000000003
12,16,ELIGIBILITY_TRACE_NORM_MATCHED,0.5059000422618127,0.498,6000,2000,0.8000000000000003
12,16,NO_TRACE,0.5045874196486311,0.49616666666666664,6000,2000,0.8000000000000003
12,64,EXACT_REPLAY,0.5295330032281373,0.51,6000,2000,0.8000000000000003
12,64,ELIGIBILITY_TRACE_NORM_MATCHED,0.5052888937437109,0.49533333333333335,6000,2000,0.8000000000000003
12,64,NO_TRACE,0.5041338221749703,0.49583333333333335,6000,2000,0.8000000000000003
13,1,EXACT_REPLAY,0.5220862032641107,0.5165,6000,2000,0.8000000000000012
13,1,ELIGIBILITY_TRACE_NORM_MATCHED,0.49795605335667936,0.5008333333333334,6000,2000,0.8000000000000012
13,1,NO_TRACE,0.49041748040291167,0.49633333333333335,6000,2000,0.8000000000000012
13,4,EXACT_REPLAY,0.5221306278532136,0.5158333333333334,6000,2000,0.8000000000000012
13,4,ELIGIBILITY_TRACE_NORM_MATCHED,0.49844830400064516,0.5023333333333333,6000,2000,0.8000000000000012
13,4,NO_TRACE,0.4919762864004088,0.4995,6000,2000,0.8000000000000012
13,16,EXACT_REPLAY,0.5220948460595715,0.5155,6000,2000,0.8000000000000012
13,16,ELIGIBILITY_TRACE_NORM_MATCHED,0.49656216191441377,0.5023333333333333,6000,2000,0.8000000000000012
13,16,NO_TRACE,0.49278020225035063,0.5006666666666667,6000,2000,0.8000000000000012
13,64,EXACT_REPLAY,0.5220382024609004,0.5158333333333334,6000,2000,0.8000000000000012
13,64,ELIGIBILITY_TRACE_NORM_MATCHED,0.49883968718698846,0.5016666666666667,6000,2000,0.8000000000000012
13,64,NO_TRACE,0.495217639021933,0.5001666666666666,6000,2000,0.8000000000000012
14,1,EXACT_REPLAY,0.5077948133353862,0.5113333333333333,6000,2000,0.8000000000000007
14,1,ELIGIBILITY_TRACE_NORM_MATCHED,0.5013838558081565,0.5086666666666667,6000,2000,0.8000000000000007
14,1,NO_TRACE,0.4995451246433488,0.5038333333333334,6000,2000,0.8000000000000007
14,4,EXACT_REPLAY,0.5076982775421148,0.5103333333333333,6000,2000,0.8000000000000007
14,4,ELIGIBILITY_TRACE_NORM_MATCHED,0.5010349795043979,0.5066666666666667,6000,2000,0.8000000000000007
14,4,NO_TRACE,0.4984891395698222,0.5041666666666667,6000,2000,0.8000000000000007
14,16,EXACT_REPLAY,0.5077215187779789,0.511,6000,2000,0.8000000000000007
14,16,ELIGIBILITY_TRACE_NORM_MATCHED,0.49988856202826787,0.5065,6000,2000,0.8000000000000007
14,16,NO_TRACE,0.498789477552195,0.5043333333333333,6000,2000,0.8000000000000007
14,64,EXACT_REPLAY,0.507782768030292,0.5101666666666667,6000,2000,0.8000000000000007
14,64,ELIGIBILITY_TRACE_NORM_MATCHED,0.49923545961865784,0.5055,6000,2000,0.8000000000000007
14,64,NO_TRACE,0.4986108683976,0.5048333333333334,6000,2000,0.8000000000000007
15,1,EXACT_REPLAY,0.5410766132012662,0.53,6000,2000,0.8000000000000006
15,1,ELIGIBILITY_TRACE_NORM_MATCHED,0.5192476595196918,0.5168333333333334,6000,2000,0.8000000000000006
15,1,NO_TRACE,0.5032438259298647,0.5103333333333333,6000,2000,0.8000000000000006
15,4,EXACT_REPLAY,0.5410559087159177,0.5301666666666667,6000,2000,0.8000000000000006
15,4,ELIGIBILITY_TRACE_NORM_MATCHED,0.519204398848617,0.5156666666666667,6000,2000,0.8000000000000006
15,4,NO_TRACE,0.501696317064739,0.5096666666666667,6000,2000,0.8000000000000006
15,16,EXACT_REPLAY,0.5411325667860514,0.5303333333333333,6000,2000,0.8000000000000006
15,16,ELIGIBILITY_TRACE_NORM_MATCHED,0.514114488886184,0.5138333333333334,6000,2000,0.8000000000000006
15,16,NO_TRACE,0.5015348925521117,0.5078333333333334,6000,2000,0.8000000000000006
15,64,EXACT_REPLAY,0.5409643544037774,0.5293333333333333,6000,2000,0.8000000000000006
15,64,ELIGIBILITY_TRACE_NORM_MATCHED,0.5083516482351784,0.5108333333333334,6000,2000,0.8000000000000006
15,64,NO_TRACE,0.5075474748385158,0.5101666666666667,6000,2000,0.8000000000000006
16,1,EXACT_REPLAY,0.5123376025488211,0.5058333333333334,6000,2000,0.8000000000000008
16,1,ELIGIBILITY_TRACE_NORM_MATCHED,0.50439426533289,0.5028333333333334,6000,2000,0.8000000000000008
16,1,NO_TRACE,0.4993644710584245,0.5,6000,2000,0.8000000000000008
16,4,EXACT_REPLAY,0.5123261963391269,0.5061666666666667,6000,2000,0.8000000000000008
16,4,ELIGIBILITY_TRACE_NORM_MATCHED,0.5036316666842485,0.5005,6000,2000,0.8000000000000008
16,4,NO_TRACE,0.4992590443147632,0.49983333333333335,6000,2000,0.8000000000000008
16,16,EXACT_REPLAY,0.512326285115868,0.5056666666666667,6000,2000,0.8000000000000008
16,16,ELIGIBILITY_TRACE_NORM_MATCHED,0.5039388415454272,0.5021666666666667,6000,2000,0.8000000000000008
16,16,NO_TRACE,0.49889007361538584,0.5008333333333334,6000,2000,0.8000000000000008
16,64,EXACT_REPLAY,0.5122057375516431,0.5055,6000,2000,0.8000000000000008
16,64,ELIGIBILITY_TRACE_NORM_MATCHED,0.5035633083009481,0.502,6000,2000,0.8000000000000008
16,64,NO_TRACE,0.4970716334330576,0.5001666666666666,6000,2000,0.8000000000000008
17,1,EXACT_REPLAY,0.5083351544417986,0.5161666666666667,6000,2000,0.8000000000000015
17,1,ELIGIBILITY_TRACE_NORM_MATCHED,0.4948805236553231,0.5126666666666667,6000,2000,0.8000000000000015
17,1,NO_TRACE,0.4924142418540832,0.5103333333333333,6000,2000,0.8000000000000015
17,4,EXACT_REPLAY,0.5082396972309259,0.5158333333333334,6000,2000,0.8000000000000015
17,4,ELIGIBILITY_TRACE_NORM_MATCHED,0.4941132824225577,0.5121666666666667,6000,2000,0.8000000000000015
17,4,NO_TRACE,0.490529532637305,0.512,6000,2000,0.8000000000000015
17,16,EXACT_REPLAY,0.5082552853697816,0.5155,6000,2000,0.8000000000000015
17,16,ELIGIBILITY_TRACE_NORM_MATCHED,0.4937051514873314,0.511,6000,2000,0.8000000000000015
17,16,NO_TRACE,0.492561121042866,0.5108333333333334,6000,2000,0.8000000000000015
17,64,EXACT_REPLAY,0.5083349831715204,0.5161666666666667,6000,2000,0.8000000000000015
17,64,ELIGIBILITY_TRACE_NORM_MATCHED,0.49447728697034793,0.5091666666666667,6000,2000,0.8000000000000015
17,64,NO_TRACE,0.4920051442201878,0.5066666666666667,6000,2000,0.8000000000000015
18,1,EXACT_REPLAY,0.5113494524802011,0.5188333333333334,6000,2000,0.8000000000000015
18,1,ELIGIBILITY_TRACE_NORM_MATCHED,0.4974011517584265,0.5081666666666667,6000,2000,0.8000000000000015
18,1,NO_TRACE,0.4953074615681836,0.5081666666666667,6000,2000,0.8000000000000015
18,4,EXACT_REPLAY,0.5112808156879287,0.5185,6000,2000,0.8000000000000015
18,4,ELIGIBILITY_TRACE_NORM_MATCHED,0.49635599192905316,0.5063333333333333,6000,2000,0.8000000000000015
18,4,NO_TRACE,0.4942668361989516,0.5048333333333334,6000,2000,0.8000000000000015
18,16,EXACT_REPLAY,0.5113992143923825,0.5183333333333333,6000,2000,0.8000000000000015
18,16,ELIGIBILITY_TRACE_NORM_MATCHED,0.4949062382451554,0.5065,6000,2000,0.8000000000000015
18,16,NO_TRACE,0.49747801206203307,0.507,6000,2000,0.8000000000000015
18,64,EXACT_REPLAY,0.5114459461474835,0.519,6000,2000,0.8000000000000015
18,64,ELIGIBILITY_TRACE_NORM_MATCHED,0.49660323746958646,0.5095,6000,2000,0.8000000000000015
18,64,NO_TRACE,0.49395463317359134,0.507,6000,2000,0.8000000000000015
19,1,EXACT_REPLAY,0.5181946152035843,0.5111666666666667,6000,2000,0.8000000000000009
19,1,ELIGIBILITY_TRACE_NORM_MATCHED,0.5053489027525465,0.505,6000,2000,0.8000000000000009
19,1,NO_TRACE,0.49890473514646194,0.5001666666666666,6000,2000,0.8000000000000009
19,4,EXACT_REPLAY,0.5182181393488247,0.5115,6000,2000,0.8000000000000009
19,4,ELIGIBILITY_TRACE_NORM_MATCHED,0.5040931457406732,0.5048333333333334,6000,2000,0.8000000000000009
19,4,NO_TRACE,0.5014154637162579,0.5028333333333334,6000,2000,0.8000000000000009
19,16,EXACT_REPLAY,0.5182419432396489,0.5115,6000,2000,0.8000000000000009
19,16,ELIGIBILITY_TRACE_NORM_MATCHED,0.5031990175806359,0.5043333333333333,6000,2000,0.8000000000000009
19,16,NO_TRACE,0.5006927008228885,0.5018333333333334,6000,2000,0.8000000000000009
19,64,EXACT_REPLAY,0.5180624706359495,0.511,6000,2000,0.8000000000000009
19,64,ELIGIBILITY_TRACE_NORM_MATCHED,0.5044003425825553,0.505,6000,2000,0.8000000000000009
19,64,NO_TRACE,0.5026924326809493,0.502,6000,2000,0.8000000000000009
20,1,EXACT_REPLAY,0.5053933523341309,0.5011666666666666,6000,2000,0.8000000000000009
20,1,ELIGIBILITY_TRACE_NORM_MATCHED,0.4972658260511578,0.497,6000,2000,0.8000000000000009
20,1,NO_TRACE,0.4950381122822137,0.49633333333333335,6000,2000,0.8000000000000009
20,4,EXACT_REPLAY,0.5053945938333806,0.5011666666666666,6000,2000,0.8000000000000009
20,4,ELIGIBILITY_TRACE_NORM_MATCHED,0.4972455288933648,0.49633333333333335,6000,2000,0.8000000000000009
20,4,NO_TRACE,0.49436295359668236,0.49533333333333335,6000,2000,0.8000000000000009
20,16,EXACT_REPLAY,0.5054014643075115,0.501,6000,2000,0.8000000000000009
20,16,ELIGIBILITY_TRACE_NORM_MATCHED,0.49538977202474815,0.49683333333333335,6000,2000,0.8000000000000009
20,16,NO_TRACE,0.4954405324992192,0.49583333333333335,6000,2000,0.8000000000000009
20,64,EXACT_REPLAY,0.5055766685103827,0.501,6000,2000,0.8000000000000009
20,64,ELIGIBILITY_TRACE_NORM_MATCHED,0.49723552107498314,0.49666666666666665,6000,2000,0.8000000000000009
20,64,NO_TRACE,0.49715503600523936,0.49533333333333335,6000,2000,0.8000000000000009
21,1,EXACT_REPLAY,0.5210937632876488,0.514,6000,2000,0.8000000000000007
21,1,ELIGIBILITY_TRACE_NORM_MATCHED,0.5061653215673383,0.49816666666666665,6000,2000,0.8000000000000007
21,1,NO_TRACE,0.49920754286947383,0.49283333333333335,6000,2000,0.8000000000000007
21,4,EXACT_REPLAY,0.5210728019283786,0.5141666666666667,6000,2000,0.8000000000000007
21,4,ELIGIBILITY_TRACE_NORM_MATCHED,0.505127007442429,0.49666666666666665,6000,2000,0.8000000000000007
21,4,NO_TRACE,0.49968046378637415,0.4925,6000,2000,0.8000000000000007
21,16,EXACT_REPLAY,0.5210398461930192,0.5145,6000,2000,0.8000000000000007
21,16,ELIGIBILITY_TRACE_NORM_MATCHED,0.5035046117215444,0.49566666666666664,6000,2000,0.8000000000000007
21,16,NO_TRACE,0.4952311891445584,0.49183333333333334,6000,2000,0.8000000000000007
21,64,EXACT_REPLAY,0.5211142167066485,0.5138333333333334,6000,2000,0.8000000000000007
21,64,ELIGIBILITY_TRACE_NORM_MATCHED,0.5021583217638002,0.499,6000,2000,0.8000000000000007
21,64,NO_TRACE,0.4982573302381323,0.49466666666666664,6000,2000,0.8000000000000007
22,1,EXACT_REPLAY,0.5250026730797572,0.5191666666666667,6000,2000,0.800000000000001
22,1,ELIGIBILITY_TRACE_NORM_MATCHED,0.5046395017552702,0.5075,6000,2000,0.800000000000001
22,1,NO_TRACE,0.5027329042819312,0.509,6000,2000,0.800000000000001
22,4,EXACT_REPLAY,0.5250008675918632,0.5188333333333334,6000,2000,0.800000000000001
22,4,ELIGIBILITY_TRACE_NORM_MATCHED,0.5044116271546301,0.5078333333333334,6000,2000,0.800000000000001
22,4,NO_TRACE,0.5034251247703927,0.5126666666666667,6000,2000,0.800000000000001
22,16,EXACT_REPLAY,0.5249312034470744,0.5188333333333334,6000,2000,0.800000000000001
22,16,ELIGIBILITY_TRACE_NORM_MATCHED,0.5048093584646339,0.5075,6000,2000,0.800000000000001
22,16,NO_TRACE,0.5015652359376565,0.5078333333333334,6000,2000,0.800000000000001
22,64,EXACT_REPLAY,0.5250107085978624,0.5186666666666667,6000,2000,0.800000000000001
22,64,ELIGIBILITY_TRACE_NORM_MATCHED,0.5001469667974627,0.5091666666666667,6000,2000,0.800000000000001
22,64,NO_TRACE,0.5004301395131241,0.508,6000,2000,0.800000000000001
23,1,EXACT_REPLAY,0.5156831189834321,0.5111666666666667,6000,2000,0.800000000000001
23,1,ELIGIBILITY_TRACE_NORM_MATCHED,0.5022988024799914,0.5033333333333333,6000,2000,0.800000000000001
23,1,NO_TRACE,0.4964745555122936,0.5031666666666667,6000,2000,0.800000000000001
23,4,EXACT_REPLAY,0.5156447626858278,0.511,6000,2000,0.800000000000001
23,4,ELIGIBILITY_TRACE_NORM_MATCHED,0.5010889258193215,0.5016666666666667,6000,2000,0.800000000000001
23,4,NO_TRACE,0.4970066160086251,0.5008333333333334,6000,2000,0.800000000000001
23,16,EXACT_REPLAY,0.5157166496832133,0.5113333333333333,6000,2000,0.800000000000001
23,16,ELIGIBILITY_TRACE_NORM_MATCHED,0.4996575358922458,0.5025,6000,2000,0.800000000000001
23,16,NO_TRACE,0.49611969913293924,0.5013333333333333,6000,2000,0.800000000000001
23,64,EXACT_REPLAY,0.5155532726681765,0.511,6000,2000,0.800000000000001
23,64,ELIGIBILITY_TRACE_NORM_MATCHED,0.4976912156401878,0.5021666666666667,6000,2000,0.800000000000001
23,64,NO_TRACE,0.4964217913983392,0.49916666666666665,6000,2000,0.800000000000001
24,1,EXACT_REPLAY,0.515845590420953,0.5036666666666667,6000,2000,0.8000000000000009
24,1,ELIGIBILITY_TRACE_NORM_MATCHED,0.500637990473024,0.4985,6000,2000,0.8000000000000009
24,1,NO_TRACE,0.49818977599810704,0.49516666666666664,6000,2000,0.8000000000000009
24,4,EXACT_REPLAY,0.5157449574533614,0.5035,6000,2000,0.8000000000000009
24,4,ELIGIBILITY_TRACE_NORM_MATCHED,0.5016510865574871,0.49783333333333335,6000,2000,0.8000000000000009
24,4,NO_TRACE,0.5024807719472196,0.49783333333333335,6000,2000,0.8000000000000009
24,16,EXACT_REPLAY,0.5157536297607258,0.5031666666666667,6000,2000,0.8000000000000009
24,16,ELIGIBILITY_TRACE_NORM_MATCHED,0.49972562684037364,0.49683333333333335,6000,2000,0.8000000000000009
24,16,NO_TRACE,0.4944624997299894,0.49483333333333335,6000,2000,0.8000000000000009
24,64,EXACT_REPLAY,0.5156986127599548,0.5035,6000,2000,0.8000000000000009
24,64,ELIGIBILITY_TRACE_NORM_MATCHED,0.5021759974020923,0.4975,6000,2000,0.8000000000000009
24,64,NO_TRACE,0.4985567602920869,0.49716666666666665,6000,2000,0.8000000000000009
25,1,EXACT_REPLAY,0.5186653242127035,0.49716666666666665,6000,2000,0.8000000000000016
25,1,ELIGIBILITY_TRACE_NORM_MATCHED,0.5019138413298032,0.4866666666666667,6000,2000,0.8000000000000016
25,1,NO_TRACE,0.49788689667123726,0.48433333333333334,6000,2000,0.8000000000000016
25,4,EXACT_REPLAY,0.5186301262998243,0.49716666666666665,6000,2000,0.8000000000000016
25,4,ELIGIBILITY_TRACE_NORM_MATCHED,0.502580869858969,0.48683333333333334,6000,2000,0.8000000000000016
25,4,NO_TRACE,0.5004980854284449,0.48883333333333334,6000,2000,0.8000000000000016
25,16,EXACT_REPLAY,0.5185043337348937,0.49716666666666665,6000,2000,0.8000000000000016
25,16,ELIGIBILITY_TRACE_NORM_MATCHED,0.5000902481423105,0.4856666666666667,6000,2000,0.8000000000000016
25,16,NO_TRACE,0.4983261201300472,0.4855,6000,2000,0.8000000000000016
25,64,EXACT_REPLAY,0.5185773683078194,0.4965,6000,2000,0.8000000000000016
25,64,ELIGIBILITY_TRACE_NORM_MATCHED,0.49953262537450377,0.4841666666666667,6000,2000,0.8000000000000016
25,64,NO_TRACE,0.49943800401212435,0.48583333333333334,6000,2000,0.8000000000000016
26,1,EXACT_REPLAY,0.5160197737674587,0.505,6000,2000,0.8000000000000005
26,1,ELIGIBILITY_TRACE_NORM_MATCHED,0.5069118460121532,0.5026666666666667,6000,2000,0.8000000000000005
26,1,NO_TRACE,0.5020434406351433,0.5006666666666667,6000,2000,0.8000000000000005
26,4,EXACT_REPLAY,0.5159991301216456,0.5046666666666667,6000,2000,0.8000000000000005
26,4,ELIGIBILITY_TRACE_NORM_MATCHED,0.5071605816485737,0.5021666666666667,6000,2000,0.8000000000000005
26,4,NO_TRACE,0.5037162306294668,0.501,6000,2000,0.8000000000000005
26,16,EXACT_REPLAY,0.515949414061709,0.505,6000,2000,0.8000000000000005
26,16,ELIGIBILITY_TRACE_NORM_MATCHED,0.5065437259462421,0.503,6000,2000,0.8000000000000005
26,16,NO_TRACE,0.5024656535618582,0.5038333333333334,6000,2000,0.8000000000000005
26,64,EXACT_REPLAY,0.515884490988467,0.5043333333333333,6000,2000,0.8000000000000005
26,64,ELIGIBILITY_TRACE_NORM_MATCHED,0.5033006220541912,0.5011666666666666,6000,2000,0.8000000000000005
26,64,NO_TRACE,0.5019439852090026,0.5025,6000,2000,0.8000000000000005
27,1,EXACT_REPLAY,0.5153359592724384,0.5105,6000,2000,0.800000000000001
27,1,ELIGIBILITY_TRACE_NORM_MATCHED,0.5085143875185661,0.5076666666666667,6000,2000,0.800000000000001
27,1,NO_TRACE,0.508158704027,0.5056666666666667,6000,2000,0.800000000000001
27,4,EXACT_REPLAY,0.5153560393801595,0.5103333333333333,6000,2000,0.800000000000001
27,4,ELIGIBILITY_TRACE_NORM_MATCHED,0.5084281627471847,0.5076666666666667,6000,2000,0.800000000000001
27,4,NO_TRACE,0.5075062718010623,0.5058333333333334,6000,2000,0.800000000000001
27,16,EXACT_REPLAY,0.5153671483912479,0.5108333333333334,6000,2000,0.800000000000001
27,16,ELIGIBILITY_TRACE_NORM_MATCHED,0.5072384880795312,0.5053333333333333,6000,2000,0.800000000000001
27,16,NO_TRACE,0.5077988817178847,0.5075,6000,2000,0.800000000000001
27,64,EXACT_REPLAY,0.5154173687746512,0.5106666666666667,6000,2000,0.800000000000001
27,64,ELIGIBILITY_TRACE_NORM_MATCHED,0.5078949636556639,0.5056666666666667,6000,2000,0.800000000000001
27,64,NO_TRACE,0.5088368277287073,0.5051666666666667,6000,2000,0.800000000000001
28,1,EXACT_REPLAY,0.5113489296593959,0.5068333333333334,6000,2000,0.8000000000000008
28,1,ELIGIBILITY_TRACE_NORM_MATCHED,0.5039733316991349,0.505,6000,2000,0.8000000000000008
28,1,NO_TRACE,0.5028073358696283,0.5061666666666667,6000,2000,0.8000000000000008
28,4,EXACT_REPLAY,0.5114436873011604,0.5073333333333333,6000,2000,0.8000000000000008
28,4,ELIGIBILITY_TRACE_NORM_MATCHED,0.5039031253440848,0.5063333333333333,6000,2000,0.8000000000000008
28,4,NO_TRACE,0.5014979062154858,0.5053333333333333,6000,2000,0.8000000000000008
28,16,EXACT_REPLAY,0.5114194299204454,0.507,6000,2000,0.8000000000000008
28,16,ELIGIBILITY_TRACE_NORM_MATCHED,0.5038283467244041,0.5058333333333334,6000,2000,0.8000000000000008
28,16,NO_TRACE,0.5017003455366723,0.5043333333333333,6000,2000,0.8000000000000008
28,64,EXACT_REPLAY,0.5113178483910129,0.507,6000,2000,0.8000000000000008
28,64,ELIGIBILITY_TRACE_NORM_MATCHED,0.5022265096562196,0.5061666666666667,6000,2000,0.8000000000000008
28,64,NO_TRACE,0.5026349766920387,0.5065,6000,2000,0.8000000000000008
29,1,EXACT_REPLAY,0.5154514381906199,0.49733333333333335,6000,2000,0.8000000000000008
29,1,ELIGIBILITY_TRACE_NORM_MATCHED,0.5066434821868866,0.49316666666666664,6000,2000,0.8000000000000008
29,1,NO_TRACE,0.5062190304840131,0.49483333333333335,6000,2000,0.8000000000000008
29,4,EXACT_REPLAY,0.5154524866242811,0.49733333333333335,6000,2000,0.8000000000000008
29,4,ELIGIBILITY_TRACE_NORM_MATCHED,0.5065996030387397,0.49333333333333335,6000,2000,0.8000000000000008
29,4,NO_TRACE,0.5072267856279473,0.4945,6000,2000,0.8000000000000008
29,16,EXACT_REPLAY,0.5154884520482208,0.49733333333333335,6000,2000,0.8000000000000008
29,16,ELIGIBILITY_TRACE_NORM_MATCHED,0.5064409491746658,0.494,6000,2000,0.8000000000000008
29,16,NO_TRACE,0.5069368344981446,0.49583333333333335,6000,2000,0.8000000000000008
29,64,EXACT_REPLAY,0.5155186555380997,0.49733333333333335,6000,2000,0.8000000000000008
29,64,ELIGIBILITY_TRACE_NORM_MATCHED,0.5056403320595529,0.49433333333333335,6000,2000,0.8000000000000008
29,64,NO_TRACE,0.5047364793440817,0.49433333333333335,6000,2000,0.8000000000000008
