train_seed,policy,n_parameters,initial_train_mse,final_train_mse
42000,MODE_GAIN_FILTER,4,0.06938577654574837,0.055532184673517546
42000,CONSTANT_GAIN_FILTER,3,0.06996574346361681,0.06374350325707143
42000,GENERIC_RNN_1D,4,0.07082237351793765,0.06527779617989567
42000,BILINEAR_RNN_1D,5,0.06837300954435914,0.059511871240453686
42000,GRU_1D,17,0.09775927688917743,0.0584147589266074
42001,MODE_GAIN_FILTER,4,0.0710047426416731,0.0564396591310383
42001,CONSTANT_GAIN_FILTER,3,0.07159548283621156,0.0653122394890466
42001,GENERIC_RNN_1D,4,0.07216196672278662,0.06651804759772299
42001,BILINEAR_RNN_1D,5,0.06980126465328292,0.06121679774466252
42001,GRU_1D,17,0.07535654277445,0.05690216511211939
42002,MODE_GAIN_FILTER,4,0.07023656706771601,0.05579823309452305
42002,CONSTANT_GAIN_FILTER,3,0.07080028082194931,0.06411635912873963
42002,GENERIC_RNN_1D,4,0.07125602584771361,0.06543373899319022
42002,BILINEAR_RNN_1D,5,0.06896777928026851,0.06039040486115206
42002,GRU_1D,17,0.24137748325192274,0.10069622526019935
42003,MODE_GAIN_FILTER,4,0.0713423462271586,0.05597146713268887
42003,CONSTANT_GAIN_FILTER,3,0.07192894071990863,0.06525845644511541
42003,GENERIC_RNN_1D,4,0.07256755365300673,0.06683719206944314
42003,BILINEAR_RNN_1D,5,0.0700228166056832,0.06103879475477716
42003,GRU_1D,17,1.3383123405871387,0.06100047211864462
42004,MODE_GAIN_FILTER,4,0.07180252118272173,0.05585891530757967
42004,CONSTANT_GAIN_FILTER,3,0.07240328109246165,0.06574816567397758
42004,GENERIC_RNN_1D,4,0.07334157206657518,0.06740535784584482
42004,BILINEAR_RNN_1D,5,0.07070445199181422,0.06106826407197029
42004,GRU_1D,17,0.4925831719470916,0.06848296369952399
42005,MODE_GAIN_FILTER,4,0.07170889740624556,0.055724571829637526
42005,CONSTANT_GAIN_FILTER,3,0.07227862846852305,0.06518280474597196
42005,GENERIC_RNN_1D,4,0.07300383142621145,0.06690823683897812
42005,BILINEAR_RNN_1D,5,0.07055511594621464,0.0611933643251598
42005,GRU_1D,17,0.4602816994965712,0.062064154381198756
42006,MODE_GAIN_FILTER,4,0.07299813473237231,0.0583858369454883
42006,CONSTANT_GAIN_FILTER,3,0.07359176585061926,0.06696651412542433
42006,GENERIC_RNN_1D,4,0.07422358425222944,0.06836630531517247
42006,BILINEAR_RNN_1D,5,0.07161489083581288,0.06250560360270954
42006,GRU_1D,17,0.839132660554141,0.06463198520389517
42007,MODE_GAIN_FILTER,4,0.07058424810368397,0.05542815922538411
42007,CONSTANT_GAIN_FILTER,3,0.07116467629483852,0.0646234672311678
42007,GENERIC_RNN_1D,4,0.07178539030048972,0.06608230724761335
42007,BILINEAR_RNN_1D,5,0.06939436641985416,0.06048327406508365
42007,GRU_1D,17,0.37981755495300396,0.05768649327513438
42008,MODE_GAIN_FILTER,4,0.07007027334575545,0.055766244790810104
42008,CONSTANT_GAIN_FILTER,3,0.07065456043462774,0.06422334645552828
42008,GENERIC_RNN_1D,4,0.07128152746991359,0.06591147246392538
42008,BILINEAR_RNN_1D,5,0.06886274269214399,0.06061684889842991
42008,GRU_1D,17,0.10273620035443061,0.05694403520706973
42009,MODE_GAIN_FILTER,4,0.06900090562218132,0.05454596433484652
42009,CONSTANT_GAIN_FILTER,3,0.06952465938121075,0.06313373271029553
42009,GENERIC_RNN_1D,4,0.07062001544038363,0.06487671903726203
42009,BILINEAR_RNN_1D,5,0.06821270230123692,0.059310602320460926
42009,GRU_1D,17,0.9592382831179661,0.0953619460058329
42010,MODE_GAIN_FILTER,4,0.07380126317467997,0.058832558111647004
42010,CONSTANT_GAIN_FILTER,3,0.07436991601238845,0.06828846207579772
42010,GENERIC_RNN_1D,4,0.07519693428309285,0.06999381505554508
42010,BILINEAR_RNN_1D,5,0.07279068365737693,0.06472606072352298
42010,GRU_1D,17,0.47564392534614675,0.06097188475073847
42011,MODE_GAIN_FILTER,4,0.07440766329878609,0.05891697649156138
42011,CONSTANT_GAIN_FILTER,3,0.07498400164600413,0.0683693397783757
42011,GENERIC_RNN_1D,4,0.07570826972326528,0.07011321118146782
42011,BILINEAR_RNN_1D,5,0.07324647976716395,0.06435222200320288
42011,GRU_1D,17,0.16756489194538976,0.06068380888405243
42012,MODE_GAIN_FILTER,4,0.07312869145773561,0.05753972550206228
42012,CONSTANT_GAIN_FILTER,3,0.07374000689398966,0.06715683116561905
42012,GENERIC_RNN_1D,4,0.0740972038215092,0.06858485027285248
42012,BILINEAR_RNN_1D,5,0.07139645020053553,0.06250383279209096
42012,GRU_1D,17,0.6113103058809115,0.06772783419640241
42013,MODE_GAIN_FILTER,4,0.07628782135788255,0.05950390709785778
42013,CONSTANT_GAIN_FILTER,3,0.07689679994302796,0.06990078346688935
42013,GENERIC_RNN_1D,4,0.07743924805495445,0.07141118439205554
42013,BILINEAR_RNN_1D,5,0.07480306852076213,0.06523792654427675
42013,GRU_1D,17,0.46231204248679447,0.06650024733209262
42014,MODE_GAIN_FILTER,4,0.0703119406950469,0.055206845519359636
42014,CONSTANT_GAIN_FILTER,3,0.0708930641786011,0.06452092187719427
42014,GENERIC_RNN_1D,4,0.07190128933659969,0.06636217117760058
42014,BILINEAR_RNN_1D,5,0.06934534477767489,0.06040491430276683
42014,GRU_1D,17,0.11114351361442591,0.05687871211613963
42015,MODE_GAIN_FILTER,4,0.07147888668831286,0.05546355936084176
42015,CONSTANT_GAIN_FILTER,3,0.07208110632289425,0.0657155921017097
42015,GENERIC_RNN_1D,4,0.07308317724805417,0.06771303764788347
42015,BILINEAR_RNN_1D,5,0.07058610448675934,0.062353884205309365
42015,GRU_1D,17,0.37522367367429454,0.05988007522103709
42016,MODE_GAIN_FILTER,4,0.06605679143439565,0.05197233446117374
42016,CONSTANT_GAIN_FILTER,3,0.06662089107262431,0.060303437390894166
42016,GENERIC_RNN_1D,4,0.06735342808614687,0.061594599935086515
42016,BILINEAR_RNN_1D,5,0.06490562793167255,0.05580066462186123
42016,GRU_1D,17,0.3916392608492676,0.06543900854393371
42017,MODE_GAIN_FILTER,4,0.0742198319683776,0.05842297210774432
42017,CONSTANT_GAIN_FILTER,3,0.07484356559007053,0.06845426988006573
42017,GENERIC_RNN_1D,4,0.07586530873094703,0.07040035790444647
42017,BILINEAR_RNN_1D,5,0.0731009704383157,0.06392465829330277
42017,GRU_1D,17,0.3498114077779975,0.06183549317398892
42018,MODE_GAIN_FILTER,4,0.07306564885944293,0.05667077615980505
42018,CONSTANT_GAIN_FILTER,3,0.07365099994175563,0.0667402239045791
42018,GENERIC_RNN_1D,4,0.07427778426602946,0.06844474240992773
42018,BILINEAR_RNN_1D,5,0.07149187068353872,0.06222626895858443
42018,GRU_1D,17,1.0786282406707874,0.06294794299673698
42019,MODE_GAIN_FILTER,4,0.06839235730342381,0.05398131582811109
42019,CONSTANT_GAIN_FILTER,3,0.06894264901925354,0.06283151229651274
42019,GENERIC_RNN_1D,4,0.06952288180392209,0.06391530941910083
42019,BILINEAR_RNN_1D,5,0.06723389495673157,0.058341274528625434
42019,GRU_1D,17,0.8599083950414119,0.05819688793528005
