group,direction_bin,direction_left_rad,direction_right_rad,event_count,duration_mean_s,duration_median_s,duration_q25_s,duration_q75_s,fraction_duration_ge_30s
WT,0,-3.141592653589793,-2.6179938779914944,162,26.87962962962963,21.25,11.5,34.875,0.35802469135802467
WT,1,-2.6179938779914944,-2.0943951023931957,104,30.66826923076923,21.75,13.625,36.25,0.34615384615384615
WT,2,-2.0943951023931957,-1.5707963267948966,81,24.944444444444443,14.0,8.0,33.0,0.2839506172839506
WT,3,-1.5707963267948966,-1.0471975511965979,62,17.483870967741936,13.0,6.5,21.875,0.14516129032258066
WT,4,-1.0471975511965979,-0.5235987755982991,49,20.3265306122449,12.0,6.5,27.5,0.22448979591836735
WT,5,-0.5235987755982991,0.0,46,19.358695652173914,12.5,8.0,23.375,0.15217391304347827
WT,6,0.0,0.5235987755982987,47,16.223404255319153,13.5,7.250000000000055,21.25,0.10638297872340426
WT,7,0.5235987755982987,1.0471975511965974,46,18.32608695652174,11.0,6.0,20.125,0.21739130434782608
WT,8,1.0471975511965974,1.5707963267948966,49,18.03061224489796,13.0,8.5,22.0,0.14285714285714285
WT,9,1.5707963267948966,2.094395102393195,63,23.38095238095238,18.5,9.0,29.5,0.2222222222222222
WT,10,2.094395102393195,2.617993877991494,138,28.666666666666668,21.5,11.5,38.0,0.34782608695652173
WT,11,2.617993877991494,3.141592653589793,161,26.29192546583851,21.5,11.5,33.0,0.30434782608695654
RIM_ABLATED,0,-3.141592653589793,-2.6179938779914944,509,17.26424361493124,11.5,7.5,21.5,0.14341846758349705
RIM_ABLATED,1,-2.6179938779914944,-2.0943951023931957,419,19.167064439140812,14.0,7.5,23.5,0.16467780429594273
RIM_ABLATED,2,-2.0943951023931957,-1.5707963267948966,362,18.776243093922652,12.5,7.5,21.0,0.15469613259668508
RIM_ABLATED,3,-1.5707963267948966,-1.0471975511965979,260,14.986538461538462,11.0,7.0,17.0,0.07692307692307693
RIM_ABLATED,4,-1.0471975511965979,-0.5235987755982991,233,14.00214592274678,10.5,7.0,18.0,0.060085836909871244
RIM_ABLATED,5,-0.5235987755982991,0.0,253,15.65810276679842,11.0,7.0,17.0,0.11067193675889328
RIM_ABLATED,6,0.0,0.5235987755982987,240,13.96875,9.75,6.5,15.125,0.0625
RIM_ABLATED,7,0.5235987755982987,1.0471975511965974,224,14.225446428571429,9.5,6.5,15.125,0.0625
RIM_ABLATED,8,1.0471975511965974,1.5707963267948966,240,15.825,10.5,7.0,16.5,0.11666666666666667
RIM_ABLATED,9,1.5707963267948966,2.094395102393195,290,17.25344827586207,11.5,7.125,18.875,0.13448275862068965
RIM_ABLATED,10,2.094395102393195,2.617993877991494,393,15.756997455470739,11.5,7.5,19.0,0.10941475826972011
RIM_ABLATED,11,2.617993877991494,3.141592653589793,487,17.998973305954827,13.5,8.25,23.0,0.13963039014373715
