task_seed,ELIGIBILITY_TRACE,NO_TRACE,BPTT,trace_minus_no_trace,trace_minus_bptt
1000,0.584,0.54,1.0,0.04399999999999993,-0.41600000000000004
1001,0.896,0.436,1.0,0.46,-0.10399999999999998
1002,0.53,0.622,1.0,-0.09199999999999997,-0.47
1003,0.918,0.506,1.0,0.41200000000000003,-0.08199999999999996
1004,0.592,0.622,1.0,-0.030000000000000027,-0.40800000000000003
1005,0.922,0.524,1.0,0.398,-0.07799999999999996
1006,0.864,0.51,1.0,0.354,-0.136
1007,0.94,0.508,1.0,0.43199999999999994,-0.06000000000000005
1008,0.928,0.542,1.0,0.386,-0.07199999999999995
1009,0.55,0.468,1.0,0.08200000000000002,-0.44999999999999996
1010,0.68,0.474,1.0,0.20600000000000007,-0.31999999999999995
1011,0.508,0.496,0.998,0.01200000000000001,-0.49
1012,0.954,0.74,0.996,0.21399999999999997,-0.04200000000000004
1013,0.674,0.858,1.0,-0.18399999999999994,-0.32599999999999996
1014,0.624,0.472,1.0,0.15200000000000002,-0.376
1015,0.868,0.586,1.0,0.28200000000000003,-0.132
1016,0.518,0.612,1.0,-0.09399999999999997,-0.482
1017,0.964,0.726,1.0,0.238,-0.03600000000000003
1018,0.508,0.514,1.0,-0.006000000000000005,-0.492
1019,0.774,0.472,1.0,0.30200000000000005,-0.22599999999999998
1020,0.758,0.486,1.0,0.272,-0.242
1021,0.72,0.526,1.0,0.19399999999999995,-0.28
1022,0.736,0.518,1.0,0.21799999999999997,-0.264
1023,0.526,0.526,1.0,0.0,-0.474
1024,0.892,0.818,1.0,0.07400000000000007,-0.10799999999999998
1025,0.534,0.518,1.0,0.016000000000000014,-0.46599999999999997
1026,0.954,0.494,0.998,0.45999999999999996,-0.04400000000000004
1027,0.632,0.47,1.0,0.16200000000000003,-0.368
1028,0.96,0.482,1.0,0.478,-0.040000000000000036
1029,0.534,0.52,1.0,0.014000000000000012,-0.46599999999999997
