task_seed,delay,arm,train_episodes,test_episodes,accuracy,cross_entropy
1000,4,ELIGIBILITY_TRACE,3000,500,0.584,0.6826333146394231
1000,4,NO_TRACE,3000,500,0.54,0.6912229247918229
1000,4,BPTT,3000,500,1.0,0.0017970690816889803
1001,4,ELIGIBILITY_TRACE,3000,500,0.896,0.2353028542498194
1001,4,NO_TRACE,3000,500,0.436,0.6873022139644298
1001,4,BPTT,3000,500,1.0,0.0025338992285586716
1002,4,ELIGIBILITY_TRACE,3000,500,0.53,0.7194098859224658
1002,4,NO_TRACE,3000,500,0.622,0.6857880693562527
1002,4,BPTT,3000,500,1.0,0.006350316424468725
1003,4,ELIGIBILITY_TRACE,3000,500,0.918,0.25487627009830227
1003,4,NO_TRACE,3000,500,0.506,0.6975083597000489
1003,4,BPTT,3000,500,1.0,0.0015196915427490901
1004,4,ELIGIBILITY_TRACE,3000,500,0.592,0.6593383369263355
1004,4,NO_TRACE,3000,500,0.622,0.6486234853248811
1004,4,BPTT,3000,500,1.0,0.005890935320824691
1005,4,ELIGIBILITY_TRACE,3000,500,0.922,0.21755701743117248
1005,4,NO_TRACE,3000,500,0.524,0.6967273362782261
1005,4,BPTT,3000,500,1.0,0.0030385659736376852
1006,4,ELIGIBILITY_TRACE,3000,500,0.864,0.3232773719676691
1006,4,NO_TRACE,3000,500,0.51,0.698108144436917
1006,4,BPTT,3000,500,1.0,0.00428268342244274
1007,4,ELIGIBILITY_TRACE,3000,500,0.94,0.14719624930122324
1007,4,NO_TRACE,3000,500,0.508,0.6941460269121583
1007,4,BPTT,3000,500,1.0,0.0014275402673763979
1008,4,ELIGIBILITY_TRACE,3000,500,0.928,0.20998645486498554
1008,4,NO_TRACE,3000,500,0.542,0.6960960058505293
1008,4,BPTT,3000,500,1.0,0.0038485860319755548
1009,4,ELIGIBILITY_TRACE,3000,500,0.55,0.6894843810273589
1009,4,NO_TRACE,3000,500,0.468,0.7027704532477751
1009,4,BPTT,3000,500,1.0,0.0027069943950488035
1010,4,ELIGIBILITY_TRACE,3000,500,0.68,0.6098371530432989
1010,4,NO_TRACE,3000,500,0.474,0.7190653336394857
1010,4,BPTT,3000,500,1.0,0.004337383981359839
1011,4,ELIGIBILITY_TRACE,3000,500,0.508,0.7009300214903736
1011,4,NO_TRACE,3000,500,0.496,0.7561388464051402
1011,4,BPTT,3000,500,0.998,0.007960470074525654
1012,4,ELIGIBILITY_TRACE,3000,500,0.954,0.19371488277965235
1012,4,NO_TRACE,3000,500,0.74,0.4864688494449262
1012,4,BPTT,3000,500,0.996,0.013326784101469076
1013,4,ELIGIBILITY_TRACE,3000,500,0.674,0.6292611461882582
1013,4,NO_TRACE,3000,500,0.858,0.2999810148698436
1013,4,BPTT,3000,500,1.0,0.008592952363594761
1014,4,ELIGIBILITY_TRACE,3000,500,0.624,0.6410821749067391
1014,4,NO_TRACE,3000,500,0.472,0.689818880257206
1014,4,BPTT,3000,500,1.0,0.0031769600891476766
1015,4,ELIGIBILITY_TRACE,3000,500,0.868,0.31883146319805844
1015,4,NO_TRACE,3000,500,0.586,0.6900615885665298
1015,4,BPTT,3000,500,1.0,0.0017979961031140304
1016,4,ELIGIBILITY_TRACE,3000,500,0.518,0.692162363856346
1016,4,NO_TRACE,3000,500,0.612,0.6600182034182523
1016,4,BPTT,3000,500,1.0,0.002035668861590831
1017,4,ELIGIBILITY_TRACE,3000,500,0.964,0.13460930929693726
1017,4,NO_TRACE,3000,500,0.726,0.6635630072579746
1017,4,BPTT,3000,500,1.0,0.002325081276971408
1018,4,ELIGIBILITY_TRACE,3000,500,0.508,0.697728678424128
1018,4,NO_TRACE,3000,500,0.514,0.81564564405287
1018,4,BPTT,3000,500,1.0,0.004504468977783201
1019,4,ELIGIBILITY_TRACE,3000,500,0.774,0.5121068101123795
1019,4,NO_TRACE,3000,500,0.472,0.7035628433965905
1019,4,BPTT,3000,500,1.0,0.0023962203629644078
1020,4,ELIGIBILITY_TRACE,3000,500,0.758,0.4751437365583591
1020,4,NO_TRACE,3000,500,0.486,0.7074673475202654
1020,4,BPTT,3000,500,1.0,0.009892258934299052
1021,4,ELIGIBILITY_TRACE,3000,500,0.72,0.5171785872683664
1021,4,NO_TRACE,3000,500,0.526,1.256026199085338
1021,4,BPTT,3000,500,1.0,0.00341309873148353
1022,4,ELIGIBILITY_TRACE,3000,500,0.736,0.553599276149745
1022,4,NO_TRACE,3000,500,0.518,0.7025392113861385
1022,4,BPTT,3000,500,1.0,0.003466163690470119
1023,4,ELIGIBILITY_TRACE,3000,500,0.526,0.7099204203862989
1023,4,NO_TRACE,3000,500,0.526,0.6968817635850985
1023,4,BPTT,3000,500,1.0,0.00422228084465312
1024,4,ELIGIBILITY_TRACE,3000,500,0.892,0.33952826576044903
1024,4,NO_TRACE,3000,500,0.818,0.5112408128739021
1024,4,BPTT,3000,500,1.0,0.004641367568810333
1025,4,ELIGIBILITY_TRACE,3000,500,0.534,0.702667991899656
1025,4,NO_TRACE,3000,500,0.518,0.6930509224150868
1025,4,BPTT,3000,500,1.0,0.0038202185238955665
1026,4,ELIGIBILITY_TRACE,3000,500,0.954,0.12498087098910787
1026,4,NO_TRACE,3000,500,0.494,0.7580918511508339
1026,4,BPTT,3000,500,0.998,0.009524099423528916
1027,4,ELIGIBILITY_TRACE,3000,500,0.632,0.645343550054636
1027,4,NO_TRACE,3000,500,0.47,0.711408826454611
1027,4,BPTT,3000,500,1.0,0.0023316905982673363
1028,4,ELIGIBILITY_TRACE,3000,500,0.96,0.11777163092656516
1028,4,NO_TRACE,3000,500,0.482,0.7913711058387556
1028,4,BPTT,3000,500,1.0,0.0029859722769598057
1029,4,ELIGIBILITY_TRACE,3000,500,0.534,0.6861246700670682
1029,4,NO_TRACE,3000,500,0.52,0.6963566686159447
1029,4,BPTT,3000,500,1.0,0.00431181567713424
