train_seed,policy,n_parameters,parameters_json
42000,MODE_GAIN_FILTER,4,"[6.4047627449035645, -2.8690342903137207, 1.7980895042419434, 0.0023459349758923054]"
42000,CONSTANT_GAIN_FILTER,3,"[6.945841312408447, -2.042167901992798, 0.001790989888831973]"
42000,GENERIC_RNN_1D,4,"[0.1203213706612587, -6.676834891550243e-05, 1.075034737586975, -0.0008160912548191845]"
42000,BILINEAR_RNN_1D,5,"[0.07743703573942184, 0.0005000107921659946, 0.07581982761621475, 1.0603379011154175, 0.00032983312848955393]"
42000,GRU_1D,17,"[[[0.735410749912262, 0.32386744022369385], [1.0326063632965088, -1.7321759462356567], [1.4081734418869019, 0.06203557923436165]], [[-0.5180092453956604], [-0.2638443410396576], [0.10353853553533554]], [-1.0240473747253418, 1.0600322484970093, -0.3525393605232239], [-1.1182457208633423, 1.8444137573242188, 0.2004833072423935], [[1.087340235710144]], [0.28359267115592957]]"
42001,MODE_GAIN_FILTER,4,"[6.390958786010742, -2.8713433742523193, 1.7812105417251587, 0.0009236268233507872]"
42001,CONSTANT_GAIN_FILTER,3,"[6.944009780883789, -2.039149045944214, -0.0005115161184221506]"
42001,GENERIC_RNN_1D,4,"[0.11928236484527588, 0.00133187894243747, 1.0762604475021362, 0.0014728925889357924]"
42001,BILINEAR_RNN_1D,5,"[0.07168488949537277, 0.0018094858387485147, 0.07962211221456528, 1.059776782989502, 0.0008199575822800398]"
42001,GRU_1D,17,"[[[-1.33899986743927, -0.12890225648880005], [0.6095964908599854, -1.9528590440750122], [-1.0133415460586548, 0.2717285752296448]], [[1.85968816280365], [1.0704987049102783], [0.39923208951950073]], [0.6083678007125854, 0.8914870619773865, -1.4472872018814087], [-0.7224096059799194, 0.8020828366279602, 2.4434902667999268], [[-0.5741316676139832]], [0.015108016319572926]]"
42002,MODE_GAIN_FILTER,4,"[6.339832305908203, -2.8618381023406982, 1.7502180337905884, 0.0023960645776242018]"
42002,CONSTANT_GAIN_FILTER,3,"[6.89727258682251, -2.0103514194488525, 0.007003979757428169]"
42002,GENERIC_RNN_1D,4,"[0.12249543517827988, 0.004164001904428005, 1.0705777406692505, 0.0007196817314252257]"
42002,BILINEAR_RNN_1D,5,"[0.07713685929775238, 0.00011412734602345154, 0.07395963370800018, 1.0592784881591797, 0.0005180249572731555]"
42002,GRU_1D,17,"[[[1.3784785270690918, -0.7005905508995056], [-3.7974390983581543, 0.36096522212028503], [0.0034243713598698378, -1.0358623266220093]], [[-0.08382653445005417], [-1.6242566108703613], [1.229490041732788]], [-0.39663517475128174, 1.843697190284729, -0.655116617679596], [0.6183056235313416, 0.9309957027435303, -0.42254117131233215], [[-1.1952641010284424]], [-0.5479483008384705]]"
42003,MODE_GAIN_FILTER,4,"[6.3866658210754395, -2.862922430038452, 1.7874324321746826, 0.004466511309146881]"
42003,CONSTANT_GAIN_FILTER,3,"[6.885575771331787, -1.9946558475494385, -0.0032093364279717207]"
42003,GENERIC_RNN_1D,4,"[0.12734673917293549, -0.000362032646080479, 1.073459506034851, 0.00031794043025001884]"
42003,BILINEAR_RNN_1D,5,"[0.07842838764190674, 0.00019498197070788592, 0.07512912899255753, 1.0609790086746216, 0.0011462836991995573]"
42003,GRU_1D,17,"[[[1.6134132146835327, -0.763063371181488], [-0.5933738350868225, -1.2571643590927124], [-1.577418327331543, -0.04536942020058632]], [[-1.310862421989441], [0.6962074041366577], [0.49375566840171814]], [-0.12230265140533447, 0.6894521713256836, -0.13561466336250305], [0.4515012502670288, 1.710343360900879, -0.45232975482940674], [[-0.9144054651260376]], [-0.2654867470264435]]"
42004,MODE_GAIN_FILTER,4,"[6.343305587768555, -2.8387744426727295, 1.7583540678024292, 0.00023543406859971583]"
42004,CONSTANT_GAIN_FILTER,3,"[6.903797149658203, -2.0048422813415527, -0.009263651445508003]"
42004,GENERIC_RNN_1D,4,"[0.12303480505943298, -0.0013066001702100039, 1.0730544328689575, -8.549002086510882e-05]"
42004,BILINEAR_RNN_1D,5,"[0.08327369391918182, -0.000956517702434212, 0.06914350390434265, 1.0591672658920288, 2.688678250706289e-05]"
42004,GRU_1D,17,"[[[0.39961665868759155, -0.47434285283088684], [0.3164668381214142, -1.6826196908950806], [1.7694588899612427, -0.3231029808521271]], [[-0.6601927876472473], [-0.4420565366744995], [0.7946282029151917]], [0.4354819059371948, 1.1134899854660034, 0.5333402752876282], [0.8189189434051514, 1.117478609085083, -0.17467720806598663], [[0.6915042996406555]], [-0.019184134900569916]]"
42005,MODE_GAIN_FILTER,4,"[6.353288650512695, -2.852578639984131, 1.7742855548858643, -0.00013093533925712109]"
42005,CONSTANT_GAIN_FILTER,3,"[6.909238815307617, -2.025150775909424, 0.0027371933683753014]"
42005,GENERIC_RNN_1D,4,"[0.12122336775064468, -0.0059248958714306355, 1.0766944885253906, 3.4643744584172964e-06]"
42005,BILINEAR_RNN_1D,5,"[0.08027078211307526, -0.00321376440115273, 0.07280760258436203, 1.061303973197937, -0.0010502948425710201]"
42005,GRU_1D,17,"[[[-1.5953807830810547, -0.5576322674751282], [1.1085604429244995, -1.340966820716858], [-0.8642234206199646, 0.09207744896411896]], [[2.0883538722991943], [0.5562506318092346], [1.3991975784301758]], [0.4873134195804596, 0.9690021276473999, 0.1948692351579666], [0.44683441519737244, 0.38325753808021545, -0.2800929546356201], [[-0.8893972635269165]], [0.28719770908355713]]"
42006,MODE_GAIN_FILTER,4,"[6.394868850708008, -2.873852491378784, 1.7570284605026245, 0.0008484914433211088]"
42006,CONSTANT_GAIN_FILTER,3,"[6.932921886444092, -2.0243098735809326, 0.006084382999688387]"
42006,GENERIC_RNN_1D,4,"[0.12068536877632141, -0.0013183933915570378, 1.0776960849761963, 0.001283178455196321]"
42006,BILINEAR_RNN_1D,5,"[0.07921908050775528, -0.00027629060787148774, 0.07253313809633255, 1.0607128143310547, 0.00030319500365294516]"
42006,GRU_1D,17,"[[[-2.3960344791412354, 0.3530343174934387], [0.4240477383136749, -1.5563573837280273], [-0.2963867485523224, -0.28414538502693176]], [[0.5608937740325928], [-0.13419878482818604], [1.7638611793518066]], [-0.4887664020061493, 0.9941738843917847, 0.019101254642009735], [-0.25719860196113586, 1.0280052423477173, 1.1208655834197998], [[-0.9319587349891663]], [0.35448670387268066]]"
42007,MODE_GAIN_FILTER,4,"[6.302424430847168, -2.807264566421509, 1.776475429534912, -0.0014668229268863797]"
42007,CONSTANT_GAIN_FILTER,3,"[6.901914596557617, -2.010977268218994, -0.0005021834513172507]"
42007,GENERIC_RNN_1D,4,"[0.12255614995956421, 0.0059236460365355015, 1.076171636581421, 0.0001064996249624528]"
42007,BILINEAR_RNN_1D,5,"[0.07909934967756271, 0.0020995577797293663, 0.0770241990685463, 1.061476707458496, 0.00013921022764407098]"
42007,GRU_1D,17,"[[[-0.41933006048202515, -0.7745659351348877], [0.4477907419204712, -1.6584298610687256], [-1.079417109489441, 0.21331578493118286]], [[0.2829670011997223], [0.09254177659749985], [0.9598392248153687]], [0.5773387551307678, 1.4421747922897339, -0.484051913022995], [-0.30228233337402344, 0.6962993741035461, 0.9494456648826599], [[-0.8486121892929077]], [0.10327748954296112]]"
42008,MODE_GAIN_FILTER,4,"[6.356212615966797, -2.8445091247558594, 1.7730236053466797, -0.0037614568136632442]"
42008,CONSTANT_GAIN_FILTER,3,"[6.90709924697876, -2.007371664047241, -0.020344138145446777]"
42008,GENERIC_RNN_1D,4,"[0.1208568885922432, -0.003994626458734274, 1.0793100595474243, -0.0007276855176314712]"
42008,BILINEAR_RNN_1D,5,"[0.08019271492958069, -0.0008477828232571483, 0.07383596152067184, 1.06071937084198, -0.0005845368723385036]"
42008,GRU_1D,17,"[[[0.46954217553138733, -0.4537915587425232], [0.31112855672836304, -1.4646989107131958], [-1.5636541843414307, 0.09456898272037506]], [[-0.7447398900985718], [0.2245979607105255], [0.1333426833152771]], [-1.5013469457626343, 1.373238205909729, 0.020236264914274216], [-0.45179662108421326, 1.2904245853424072, -0.47318923473358154], [[-0.9532670378684998]], [0.05630325525999069]]"
42009,MODE_GAIN_FILTER,4,"[6.31483268737793, -2.8165829181671143, 1.7762863636016846, -0.0020573693327605724]"
42009,CONSTANT_GAIN_FILTER,3,"[6.871734142303467, -1.9843546152114868, -0.011308101005852222]"
42009,GENERIC_RNN_1D,4,"[0.12669363617897034, 0.0017762701027095318, 1.0737193822860718, -0.0011331840651109815]"
42009,BILINEAR_RNN_1D,5,"[0.08100429177284241, 0.0008636508719064295, 0.07514120638370514, 1.0600391626358032, 3.2308147638104856e-05]"
42009,GRU_1D,17,"[[[-1.5738568305969238, 1.014135479927063], [-1.705254316329956, -0.08224938809871674], [-1.9965606927871704, -0.9607724547386169]], [[0.9700202345848083], [-1.326845407485962], [0.8075664639472961]], [0.9724314212799072, 1.6698077917099, -0.19777755439281464], [-0.24913951754570007, 1.0688976049423218, 1.53385591506958], [[-0.8131172060966492]], [0.07680056989192963]]"
42010,MODE_GAIN_FILTER,4,"[6.349244594573975, -2.847578287124634, 1.7429826259613037, -0.0016483193030580878]"
42010,CONSTANT_GAIN_FILTER,3,"[6.918666839599609, -2.020811080932617, 0.0007490047137252986]"
42010,GENERIC_RNN_1D,4,"[0.12023113667964935, -0.0020702662877738476, 1.079079270362854, -0.0009699975489638746]"
42010,BILINEAR_RNN_1D,5,"[0.07772308588027954, -0.002388547407463193, 0.07451927661895752, 1.0589888095855713, 0.0004110636073164642]"
42010,GRU_1D,17,"[[[0.6964245438575745, 0.0327446348965168], [0.7969728708267212, -1.3359485864639282], [0.6879729628562927, -0.13728825747966766]], [[0.5230977535247803], [-0.9107462167739868], [0.6339721083641052]], [0.37324678897857666, 1.2765685319900513, -0.3491986095905304], [-0.0318792350590229, 0.8361479043960571, 0.5891684889793396], [[1.1340676546096802]], [0.1793079972267151]]"
42011,MODE_GAIN_FILTER,4,"[6.418938636779785, -2.87615966796875, 1.8131330013275146, -0.004727210849523544]"
42011,CONSTANT_GAIN_FILTER,3,"[6.9228668212890625, -2.0091116428375244, -0.017640260979533195]"
42011,GENERIC_RNN_1D,4,"[0.12575726211071014, 0.004256545566022396, 1.0711382627487183, -1.651696948101744e-05]"
42011,BILINEAR_RNN_1D,5,"[0.07350476831197739, 0.0008583301096223295, 0.08129429817199707, 1.0605695247650146, -0.00015044392785057425]"
42011,GRU_1D,17,"[[[0.6223757266998291, -0.6106826066970825], [-0.2842082977294922, -1.0295493602752686], [-1.2874349355697632, -0.0908195823431015]], [[-0.6632372736930847], [0.2853901982307434], [1.9988371133804321]], [0.3404219150543213, 0.3186250627040863, 0.30967774987220764], [0.6455565094947815, 0.41924652457237244, -0.3986717164516449], [[-0.5733520984649658]], [-0.0361488051712513]]"
42012,MODE_GAIN_FILTER,4,"[6.322897911071777, -2.8341259956359863, 1.7863404750823975, -0.0026679420843720436]"
42012,CONSTANT_GAIN_FILTER,3,"[6.899834156036377, -1.998800277709961, -0.007840530946850777]"
42012,GENERIC_RNN_1D,4,"[0.12271812558174133, 0.00169661664403975, 1.0738308429718018, -3.854988335660892e-06]"
42012,BILINEAR_RNN_1D,5,"[0.07945931702852249, 0.0022334426175802946, 0.07419173419475555, 1.0609536170959473, -0.0007488101255148649]"
42012,GRU_1D,17,"[[[-1.4793590307235718, 0.30551841855049133], [-1.405784249305725, -2.1604764461517334], [1.720349907875061, -0.5284716486930847]], [[-0.2496025562286377], [-0.048949744552373886], [0.3354397118091583]], [-0.11524996906518936, 1.6568206548690796, 1.022068738937378], [0.7360222935676575, 1.615083932876587, -0.40636610984802246], [[0.8542995452880859]], [-0.2174130529165268]]"
42013,MODE_GAIN_FILTER,4,"[6.361577033996582, -2.8533926010131836, 1.7639920711517334, 0.0010789450025185943]"
42013,CONSTANT_GAIN_FILTER,3,"[6.9266533851623535, -2.022226095199585, 0.001582748838700354]"
42013,GENERIC_RNN_1D,4,"[0.12464145570993423, -0.0022635695058852434, 1.0709172487258911, 0.0001016763417283073]"
42013,BILINEAR_RNN_1D,5,"[0.07325045764446259, -0.0006680801161564887, 0.07819703221321106, 1.059464931488037, 0.00031149137066677213]"
42013,GRU_1D,17,"[[[0.8518270254135132, -0.6499384045600891], [0.053882844746112823, -2.5640885829925537], [-0.8031337261199951, 0.4266580045223236]], [[-1.378156065940857], [-0.7759204506874084], [0.7697843313217163]], [-0.2896442413330078, 0.629230797290802, -0.20752973854541779], [0.5140507817268372, 0.8412882089614868, -1.0844837427139282], [[-0.8152096271514893]], [-0.2596479058265686]]"
42014,MODE_GAIN_FILTER,4,"[6.406145095825195, -2.87935733795166, 1.8131340742111206, -0.0028734488878399134]"
42014,CONSTANT_GAIN_FILTER,3,"[6.907205581665039, -2.0127921104431152, -0.0021574986167252064]"
42014,GENERIC_RNN_1D,4,"[0.1269081085920334, 0.00023373837757389992, 1.0711071491241455, 0.000896965095307678]"
42014,BILINEAR_RNN_1D,5,"[0.07519306987524033, 0.0002966960018966347, 0.07848184555768967, 1.0609835386276245, 0.00014656780695077032]"
42014,GRU_1D,17,"[[[-1.4166542291641235, 0.10692568123340607], [-0.015985390171408653, -1.8301321268081665], [0.786611020565033, 0.24041429162025452]], [[-2.0132617950439453], [1.5383038520812988], [0.599922239780426]], [-0.15737998485565186, 0.17908219993114471, 0.6215778589248657], [-0.010838460177183151, 1.149161696434021, -1.7909623384475708], [[0.6194514036178589]], [0.051972247660160065]]"
42015,MODE_GAIN_FILTER,4,"[6.391983509063721, -2.8735511302948, 1.7616597414016724, -0.0004963091923855245]"
42015,CONSTANT_GAIN_FILTER,3,"[6.9482340812683105, -2.0465312004089355, -0.0028787790797650814]"
42015,GENERIC_RNN_1D,4,"[0.12069327384233475, -0.0010332214878872037, 1.0757070779800415, -0.00010991504677804187]"
42015,BILINEAR_RNN_1D,5,"[0.07693959772586823, 0.00045001221587881446, 0.0752129927277565, 1.0592070817947388, -0.00010234884393867105]"
42015,GRU_1D,17,"[[[1.8811860084533691, -1.3993885517120361], [-0.906256377696991, -1.2700096368789673], [-1.0509428977966309, -0.33392763137817383]], [[-0.7650631666183472], [0.38086092472076416], [1.0921272039413452]], [0.4678337275981903, 0.5578796863555908, 0.458269864320755], [0.49949508905410767, 1.4581528902053833, -0.8198596835136414], [[-0.8175731301307678]], [-0.21155734360218048]]"
42016,MODE_GAIN_FILTER,4,"[6.373935699462891, -2.851534605026245, 1.7631531953811646, 0.002739932853728533]"
42016,CONSTANT_GAIN_FILTER,3,"[6.942289352416992, -2.023765802383423, -0.0016871963161975145]"
42016,GENERIC_RNN_1D,4,"[0.11876082420349121, -0.0006272159516811371, 1.0764669179916382, 0.0003895920526701957]"
42016,BILINEAR_RNN_1D,5,"[0.07945595681667328, 0.0008514815708622336, 0.0708136260509491, 1.0590100288391113, 0.0005089634796604514]"
42016,GRU_1D,17,"[[[-0.3988082706928253, 0.6833450198173523], [-2.8123722076416016, -0.36947566270828247], [0.6386759281158447, 0.6701414585113525]], [[1.718092918395996], [1.6786435842514038], [1.2882201671600342]], [1.0879915952682495, 1.5781888961791992, 0.6855166554450989], [0.02033059671521187, 1.4915771484375, -0.6754230856895447], [[1.2623906135559082]], [-0.5460343360900879]]"
42017,MODE_GAIN_FILTER,4,"[6.410434722900391, -2.872281551361084, 1.8318829536437988, 0.0022074831649661064]"
42017,CONSTANT_GAIN_FILTER,3,"[6.906544208526611, -2.0091261863708496, 0.0014505651779472828]"
42017,GENERIC_RNN_1D,4,"[0.1219245120882988, -0.0011398984352126718, 1.0762449502944946, 0.000990785309113562]"
42017,BILINEAR_RNN_1D,5,"[0.07614808529615402, 0.0011410836596041918, 0.07763824611902237, 1.0619648694992065, 0.0005388587014749646]"
42017,GRU_1D,17,"[[[-1.1508766412734985, 0.6389581561088562], [-3.255844831466675, -0.7197247743606567], [0.7342377305030823, 0.7870781421661377]], [[-0.5470949411392212], [1.0717799663543701], [0.4954649806022644]], [0.5262389779090881, 1.5134146213531494, -0.05117911845445633], [-0.07453366369009018, 1.936259388923645, -0.5266793966293335], [[0.9130433797836304]], [-0.21699000895023346]]"
42018,MODE_GAIN_FILTER,4,"[6.346032619476318, -2.8453385829925537, 1.7676708698272705, 0.0011936533264815807]"
42018,CONSTANT_GAIN_FILTER,3,"[6.895805835723877, -2.0031299591064453, 0.005274421535432339]"
42018,GENERIC_RNN_1D,4,"[0.12304428219795227, 8.451133908238262e-05, 1.075020432472229, 0.002359159989282489]"
42018,BILINEAR_RNN_1D,5,"[0.07377485185861588, 0.00035316217690706253, 0.07973233610391617, 1.0592288970947266, 0.0008958441321738064]"
42018,GRU_1D,17,"[[[-2.0010366439819336, -0.6550669074058533], [0.27733513712882996, -1.6229822635650635], [-1.1572734117507935, -0.09550566971302032]], [[1.1085290908813477], [-0.2568034827709198], [0.3486517667770386]], [-0.13153356313705444, 1.0679250955581665, 0.06750001013278961], [0.19871971011161804, 1.4759372472763062, 0.8963617086410522], [[-0.878057062625885]], [0.2316877543926239]]"
42019,MODE_GAIN_FILTER,4,"[6.359862327575684, -2.8474910259246826, 1.7583972215652466, 0.004212312866002321]"
42019,CONSTANT_GAIN_FILTER,3,"[6.928564548492432, -2.0166807174682617, 0.010053398087620735]"
42019,GENERIC_RNN_1D,4,"[0.12101089954376221, -0.0025651277974247932, 1.0750659704208374, -0.0008143187733367085]"
42019,BILINEAR_RNN_1D,5,"[0.07307257503271103, -0.0017835220787674189, 0.07771506905555725, 1.0597574710845947, -2.494981345080305e-05]"
42019,GRU_1D,17,"[[[-2.4437289237976074, 1.8410184383392334], [0.10899792611598969, -1.1617859601974487], [-0.7535627484321594, -0.177615225315094]], [[0.03595986217260361], [-0.9870363473892212], [0.045969102531671524]], [-0.3468591868877411, 1.0656931400299072, -0.5245082974433899], [-1.168169379234314, 1.1429451704025269, 0.6227812170982361], [[-1.3693516254425049]], [-0.32309362292289734]]"
