train_seed,policy,n_trainable_parameters,raw_parameters
42000,MODE_GAIN_FILTER,4,"[3.3723981380462646, -1.2525404691696167, -0.7004965543746948, 0.011168018914759159]"
42000,GENERIC_RNN_1D,4,"[0.27330273389816284, 0.005222253501415253, 0.9309155941009521, 0.0032325773499906063]"
42000,CONSTANT_GAIN_FILTER,3,"[3.418868064880371, -1.5113468170166016, 0.004930825904011726]"
42001,MODE_GAIN_FILTER,4,"[3.438242197036743, -1.2400645017623901, -0.7412295937538147, -0.010734532959759235]"
42001,GENERIC_RNN_1D,4,"[0.2687591314315796, -0.001919020083732903, 0.9194045066833496, -0.0011118934489786625]"
42001,CONSTANT_GAIN_FILTER,3,"[3.330775022506714, -1.5164889097213745, -0.008590801618993282]"
42002,MODE_GAIN_FILTER,4,"[3.4547951221466064, -1.238828182220459, -0.7281486392021179, 0.0028533474542200565]"
42002,GENERIC_RNN_1D,4,"[0.28614020347595215, 0.0033172457478940487, 0.9285924434661865, 0.0012162744533270597]"
42002,CONSTANT_GAIN_FILTER,3,"[3.536346197128296, -1.4932072162628174, -0.002642575418576598]"
42003,MODE_GAIN_FILTER,4,"[3.599147081375122, -1.2319471836090088, -0.6853833198547363, -0.0062120831571519375]"
42003,GENERIC_RNN_1D,4,"[0.2762148082256317, 0.0003140809712931514, 0.9407486915588379, 3.9878388633951545e-05]"
42003,CONSTANT_GAIN_FILTER,3,"[3.4950408935546875, -1.5332363843917847, -0.0013184852432459593]"
42004,MODE_GAIN_FILTER,4,"[3.6140735149383545, -1.1925873756408691, -0.7357039451599121, 0.0019327483605593443]"
42004,GENERIC_RNN_1D,4,"[0.28317511081695557, 0.0032140836119651794, 0.9258091449737549, 0.001286076265387237]"
42004,CONSTANT_GAIN_FILTER,3,"[3.548778533935547, -1.5157822370529175, 0.008790628984570503]"
42005,MODE_GAIN_FILTER,4,"[3.3090193271636963, -1.2663074731826782, -0.7250043153762817, -0.01500258781015873]"
42005,GENERIC_RNN_1D,4,"[0.2661798298358917, -0.005415740422904491, 0.9271256923675537, -0.005948612000793219]"
42005,CONSTANT_GAIN_FILTER,3,"[3.351022243499756, -1.5422003269195557, -0.009770073927938938]"
42006,MODE_GAIN_FILTER,4,"[3.3605427742004395, -1.2435264587402344, -0.7571857571601868, 0.003330760635435581]"
42006,GENERIC_RNN_1D,4,"[0.26912978291511536, 0.00037040311144664884, 0.9235580563545227, 0.002213765401393175]"
42006,CONSTANT_GAIN_FILTER,3,"[3.3682031631469727, -1.5275626182556152, 0.003409888129681349]"
42007,MODE_GAIN_FILTER,4,"[3.5185420513153076, -1.2604470252990723, -0.7068961262702942, 0.013522978872060776]"
42007,GENERIC_RNN_1D,4,"[0.28380751609802246, 0.006682090926915407, 0.9251872301101685, 0.0055719041265547276]"
42007,CONSTANT_GAIN_FILTER,3,"[3.521714925765991, -1.5127874612808228, 0.0073251500725746155]"
42008,MODE_GAIN_FILTER,4,"[3.4007153511047363, -1.2052761316299438, -0.7473265528678894, 0.0022077851463109255]"
42008,GENERIC_RNN_1D,4,"[0.27717381715774536, 0.0026342577766627073, 0.9260548949241638, 0.0022759255953133106]"
42008,CONSTANT_GAIN_FILTER,3,"[3.4106290340423584, -1.5108269453048706, 0.004260530695319176]"
42009,MODE_GAIN_FILTER,4,"[3.574380874633789, -1.2145335674285889, -0.7436633706092834, 0.0028065345250070095]"
42009,GENERIC_RNN_1D,4,"[0.2898234724998474, 0.00023878483625594527, 0.9170100092887878, 0.0011563437292352319]"
42009,CONSTANT_GAIN_FILTER,3,"[3.466700315475464, -1.4971091747283936, 0.00347449304535985]"
42010,MODE_GAIN_FILTER,4,"[3.3642168045043945, -1.2214878797531128, -0.7290799021720886, -0.00335839856415987]"
42010,GENERIC_RNN_1D,4,"[0.2819831073284149, -0.0014549214392900467, 0.9213119745254517, -0.0013797901337966323]"
42010,CONSTANT_GAIN_FILTER,3,"[3.373666524887085, -1.501428246498108, -0.007746107876300812]"
42011,MODE_GAIN_FILTER,4,"[3.63288950920105, -1.2435606718063354, -0.7465649843215942, -0.00874484796077013]"
42011,GENERIC_RNN_1D,4,"[0.28601986169815063, -0.003477623453363776, 0.9253128170967102, -0.0021626197267323732]"
42011,CONSTANT_GAIN_FILTER,3,"[3.548466444015503, -1.495759129524231, -0.002815901068970561]"
42012,MODE_GAIN_FILTER,4,"[3.457951068878174, -1.215456485748291, -0.6830359697341919, -0.005471802316606045]"
42012,GENERIC_RNN_1D,4,"[0.2895382046699524, -0.0063309576362371445, 0.9198746681213379, -0.0042141759768128395]"
42012,CONSTANT_GAIN_FILTER,3,"[3.43689227104187, -1.4782739877700806, -0.007616459857672453]"
42013,MODE_GAIN_FILTER,4,"[3.505963087081909, -1.2435462474822998, -0.717447817325592, -0.0005916785448789597]"
42013,GENERIC_RNN_1D,4,"[0.27949386835098267, 0.0010488294064998627, 0.9225927591323853, 0.00025118052144534886]"
42013,CONSTANT_GAIN_FILTER,3,"[3.443565607070923, -1.5040618181228638, -0.00045009085442870855]"
42014,MODE_GAIN_FILTER,4,"[3.5433311462402344, -1.2591838836669922, -0.7385745048522949, -0.0025169323198497295]"
42014,GENERIC_RNN_1D,4,"[0.27864202857017517, -0.004776391200721264, 0.9363594651222229, -0.00036185351200401783]"
42014,CONSTANT_GAIN_FILTER,3,"[3.515721321105957, -1.5261834859848022, -0.0001941932423505932]"
42015,MODE_GAIN_FILTER,4,"[3.5002987384796143, -1.2263540029525757, -0.7472464442253113, 0.007630669046193361]"
42015,GENERIC_RNN_1D,4,"[0.28505387902259827, 0.0016396366991102695, 0.9202371835708618, 0.0034611462615430355]"
42015,CONSTANT_GAIN_FILTER,3,"[3.512507200241089, -1.5087990760803223, 0.004526975564658642]"
42016,MODE_GAIN_FILTER,4,"[3.568096160888672, -1.2290176153182983, -0.7140901684761047, 0.004380338359624147]"
42016,GENERIC_RNN_1D,4,"[0.2908121347427368, 0.0021510818041861057, 0.9325478672981262, 0.006452346686273813]"
42016,CONSTANT_GAIN_FILTER,3,"[3.5767710208892822, -1.4947772026062012, 0.007181729190051556]"
42017,MODE_GAIN_FILTER,4,"[3.524671792984009, -1.2336242198944092, -0.7185782790184021, 0.0007281081052497029]"
42017,GENERIC_RNN_1D,4,"[0.2765273451805115, 0.0007276628166437149, 0.919383704662323, 0.0009623659425415099]"
42017,CONSTANT_GAIN_FILTER,3,"[3.4938838481903076, -1.4985401630401611, 0.001656808308325708]"
42018,MODE_GAIN_FILTER,4,"[3.366575002670288, -1.2332618236541748, -0.7401151061058044, -0.009882263839244843]"
42018,GENERIC_RNN_1D,4,"[0.2773524224758148, -0.0047678337432444096, 0.9223698973655701, -0.0017659292789176106]"
42018,CONSTANT_GAIN_FILTER,3,"[3.34942889213562, -1.5294902324676514, -0.006122846156358719]"
42019,MODE_GAIN_FILTER,4,"[3.503525495529175, -1.230482578277588, -0.7359260320663452, 0.006582961417734623]"
42019,GENERIC_RNN_1D,4,"[0.28066486120224, 0.00338958203792572, 0.9273339509963989, 0.0006035543628968298]"
42019,CONSTANT_GAIN_FILTER,3,"[3.504645347595215, -1.4979898929595947, 0.004363479092717171]"
