train_seed,measure,value
42000,MODE_GAIN_FILTER_initial_train_mse,0.2916648656129837
42000,MODE_GAIN_FILTER_final_train_mse,0.1476402074098587
42000,GENERIC_RNN_1D_initial_train_mse,0.28761776089668273
42000,GENERIC_RNN_1D_final_train_mse,0.24883053302764893
42000,CONSTANT_GAIN_FILTER_initial_train_mse,0.30910698175430296
42000,CONSTANT_GAIN_FILTER_final_train_mse,0.17169783115386963
42001,MODE_GAIN_FILTER_initial_train_mse,0.3057093024253845
42001,MODE_GAIN_FILTER_final_train_mse,0.15372776240110397
42001,GENERIC_RNN_1D_initial_train_mse,0.3001352816820145
42001,GENERIC_RNN_1D_final_train_mse,0.26096355020999906
42001,CONSTANT_GAIN_FILTER_initial_train_mse,0.32429745197296145
42001,CONSTANT_GAIN_FILTER_final_train_mse,0.18005142211914063
42002,MODE_GAIN_FILTER_initial_train_mse,0.2976300776004791
42002,MODE_GAIN_FILTER_final_train_mse,0.1523919716477394
42002,GENERIC_RNN_1D_initial_train_mse,0.31349036991596224
42002,GENERIC_RNN_1D_final_train_mse,0.277029749751091
42002,CONSTANT_GAIN_FILTER_initial_train_mse,0.3154429614543915
42002,CONSTANT_GAIN_FILTER_final_train_mse,0.17982471585273743
42003,MODE_GAIN_FILTER_initial_train_mse,0.3089570015668869
42003,MODE_GAIN_FILTER_final_train_mse,0.1579921141266823
42003,GENERIC_RNN_1D_initial_train_mse,0.31426800787448883
42003,GENERIC_RNN_1D_final_train_mse,0.2725285321474075
42003,CONSTANT_GAIN_FILTER_initial_train_mse,0.327528578042984
42003,CONSTANT_GAIN_FILTER_final_train_mse,0.17891133725643157
42004,MODE_GAIN_FILTER_initial_train_mse,0.3047850698232651
42004,MODE_GAIN_FILTER_final_train_mse,0.1553550973534584
42004,GENERIC_RNN_1D_initial_train_mse,0.32747445106506345
42004,GENERIC_RNN_1D_final_train_mse,0.28795456886291504
42004,CONSTANT_GAIN_FILTER_initial_train_mse,0.32369243502616885
42004,CONSTANT_GAIN_FILTER_final_train_mse,0.17994162291288376
42005,MODE_GAIN_FILTER_initial_train_mse,0.30194913148880004
42005,MODE_GAIN_FILTER_final_train_mse,0.1493574395775795
42005,GENERIC_RNN_1D_initial_train_mse,0.2933182388544083
42005,GENERIC_RNN_1D_final_train_mse,0.25136855244636536
42005,CONSTANT_GAIN_FILTER_initial_train_mse,0.32010108828544614
42005,CONSTANT_GAIN_FILTER_final_train_mse,0.17391616255044937
42006,MODE_GAIN_FILTER_initial_train_mse,0.2997936964035034
42006,MODE_GAIN_FILTER_final_train_mse,0.14719321727752685
42006,GENERIC_RNN_1D_initial_train_mse,0.2905730068683624
42006,GENERIC_RNN_1D_final_train_mse,0.2508811682462692
42006,CONSTANT_GAIN_FILTER_initial_train_mse,0.3182442247867584
42006,CONSTANT_GAIN_FILTER_final_train_mse,0.17378290742635727
42007,MODE_GAIN_FILTER_initial_train_mse,0.3010632634162903
42007,MODE_GAIN_FILTER_final_train_mse,0.15258503705263138
42007,GENERIC_RNN_1D_initial_train_mse,0.3072043389081955
42007,GENERIC_RNN_1D_final_train_mse,0.2701293647289276
42007,CONSTANT_GAIN_FILTER_initial_train_mse,0.3189840972423553
42007,CONSTANT_GAIN_FILTER_final_train_mse,0.17838861048221588
42008,MODE_GAIN_FILTER_initial_train_mse,0.3027671813964844
42008,MODE_GAIN_FILTER_final_train_mse,0.15379754602909088
42008,GENERIC_RNN_1D_initial_train_mse,0.3086732178926468
42008,GENERIC_RNN_1D_final_train_mse,0.2685008764266968
42008,CONSTANT_GAIN_FILTER_initial_train_mse,0.32133686542510986
42008,CONSTANT_GAIN_FILTER_final_train_mse,0.18055022954940797
42009,MODE_GAIN_FILTER_initial_train_mse,0.30381550788879397
42009,MODE_GAIN_FILTER_final_train_mse,0.15500794649124144
42009,GENERIC_RNN_1D_initial_train_mse,0.3239631712436676
42009,GENERIC_RNN_1D_final_train_mse,0.28901700377464296
42009,CONSTANT_GAIN_FILTER_initial_train_mse,0.32218444645404815
42009,CONSTANT_GAIN_FILTER_final_train_mse,0.18270949125289918
42010,MODE_GAIN_FILTER_initial_train_mse,0.29761973321437835
42010,MODE_GAIN_FILTER_final_train_mse,0.15396348387002945
42010,GENERIC_RNN_1D_initial_train_mse,0.2922654926776886
42010,GENERIC_RNN_1D_final_train_mse,0.2551761955022812
42010,CONSTANT_GAIN_FILTER_initial_train_mse,0.3154448509216309
42010,CONSTANT_GAIN_FILTER_final_train_mse,0.17918979823589326
42011,MODE_GAIN_FILTER_initial_train_mse,0.29638059437274933
42011,MODE_GAIN_FILTER_final_train_mse,0.1512763872742653
42011,GENERIC_RNN_1D_initial_train_mse,0.30940103232860566
42011,GENERIC_RNN_1D_final_train_mse,0.27313060462474825
42011,CONSTANT_GAIN_FILTER_initial_train_mse,0.3139616549015045
42011,CONSTANT_GAIN_FILTER_final_train_mse,0.17958875000476837
42012,MODE_GAIN_FILTER_initial_train_mse,0.2944836258888245
42012,MODE_GAIN_FILTER_final_train_mse,0.15593124479055404
42012,GENERIC_RNN_1D_initial_train_mse,0.31193535923957827
42012,GENERIC_RNN_1D_final_train_mse,0.27798451781272887
42012,CONSTANT_GAIN_FILTER_initial_train_mse,0.3117945730686188
42012,CONSTANT_GAIN_FILTER_final_train_mse,0.180267858505249
42013,MODE_GAIN_FILTER_initial_train_mse,0.2949101388454437
42013,MODE_GAIN_FILTER_final_train_mse,0.14927563965320587
42013,GENERIC_RNN_1D_initial_train_mse,0.29954812228679656
42013,GENERIC_RNN_1D_final_train_mse,0.26196210384368895
42013,CONSTANT_GAIN_FILTER_initial_train_mse,0.31253501772880554
42013,CONSTANT_GAIN_FILTER_final_train_mse,0.17538510113954545
42014,MODE_GAIN_FILTER_initial_train_mse,0.3079747349023819
42014,MODE_GAIN_FILTER_final_train_mse,0.15587445497512817
42014,GENERIC_RNN_1D_initial_train_mse,0.32420521378517153
42014,GENERIC_RNN_1D_final_train_mse,0.2845413088798523
42014,CONSTANT_GAIN_FILTER_initial_train_mse,0.3261888355016708
42014,CONSTANT_GAIN_FILTER_final_train_mse,0.18299386501312256
42015,MODE_GAIN_FILTER_initial_train_mse,0.2942728728055954
42015,MODE_GAIN_FILTER_final_train_mse,0.1480373412370682
42015,GENERIC_RNN_1D_initial_train_mse,0.30621854662895204
42015,GENERIC_RNN_1D_final_train_mse,0.2697054833173752
42015,CONSTANT_GAIN_FILTER_initial_train_mse,0.31234121322631836
42015,CONSTANT_GAIN_FILTER_final_train_mse,0.17454104274511337
42016,MODE_GAIN_FILTER_initial_train_mse,0.29370821118354795
42016,MODE_GAIN_FILTER_final_train_mse,0.1517991915345192
42016,GENERIC_RNN_1D_initial_train_mse,0.30954674780368807
42016,GENERIC_RNN_1D_final_train_mse,0.2730200856924057
42016,CONSTANT_GAIN_FILTER_initial_train_mse,0.3112678676843643
42016,CONSTANT_GAIN_FILTER_final_train_mse,0.17713737040758132
42017,MODE_GAIN_FILTER_initial_train_mse,0.2989663451910019
42017,MODE_GAIN_FILTER_final_train_mse,0.15420001447200776
42017,GENERIC_RNN_1D_initial_train_mse,0.3045495331287384
42017,GENERIC_RNN_1D_final_train_mse,0.26502646803855895
42017,CONSTANT_GAIN_FILTER_initial_train_mse,0.31686402261257174
42017,CONSTANT_GAIN_FILTER_final_train_mse,0.17976536452770234
42018,MODE_GAIN_FILTER_initial_train_mse,0.3043572396039963
42018,MODE_GAIN_FILTER_final_train_mse,0.15303634852170944
42018,GENERIC_RNN_1D_initial_train_mse,0.2990391910076141
42018,GENERIC_RNN_1D_final_train_mse,0.2626738607883453
42018,CONSTANT_GAIN_FILTER_initial_train_mse,0.3229100674390793
42018,CONSTANT_GAIN_FILTER_final_train_mse,0.17757657021284104
42019,MODE_GAIN_FILTER_initial_train_mse,0.2989986419677734
42019,MODE_GAIN_FILTER_final_train_mse,0.15383391082286835
42019,GENERIC_RNN_1D_initial_train_mse,0.31100247502326966
42019,GENERIC_RNN_1D_final_train_mse,0.27345146536827086
42019,CONSTANT_GAIN_FILTER_initial_train_mse,0.31677097380161284
42019,CONSTANT_GAIN_FILTER_final_train_mse,0.18095169216394424
