seed_block,noise_scale,feedback,warm_direction_index,mean_forward_run_s,mean_final_warm_displacement,n_agents,n_forward_runs
20261001,0.5,-1.0,-0.10712415693353564,0.538562091503268,21.096427272693084,50,51
20261001,0.5,0.0,-0.10856579165212062,0.5856209150326798,27.659262003060658,50,51
20261001,0.5,1.0,0.8504836606687195,19.325786163522015,53.34249746553156,50,53
20261001,1.0,-1.0,0.04832040324414384,0.5585585585585586,1.266549189331459,50,407
20261001,1.0,0.0,0.16829691968030772,0.9137336093857833,17.596678085276803,50,483
20261001,1.0,1.0,0.5782187140836687,4.379166666666666,33.074306732942425,50,480
20261001,2.0,-1.0,0.06734174353503224,0.8820267305006981,4.3252730553404515,50,1671
20261001,2.0,0.0,0.14476787797163404,1.3196007984031937,9.644982870091768,50,1670
20261001,2.0,1.0,0.22168207983374982,2.5651821862348174,21.068823403588194,50,1482
20261002,0.5,-1.0,0.0526076128794347,0.5359999999999999,-8.490844947234207,50,50
20261002,0.5,0.0,0.1863469601373411,0.6771241830065359,-1.6149781242707872,50,51
20261002,0.5,1.0,0.9104723902134112,36.19753086419753,57.396348056322786,50,54
20261002,1.0,-1.0,0.02568161499617924,0.565,3.6051718196965394,50,480
20261002,1.0,0.0,0.13005665046940212,0.8967272727272727,5.6008656433619395,50,550
20261002,1.0,1.0,0.5596885531139327,4.6806472491909386,40.95651277733629,50,515
20261002,2.0,-1.0,0.07416510058242903,0.9125262956588257,4.774426655751272,50,1743
20261002,2.0,0.0,0.13519009211491176,1.4061325420375865,11.948890701716739,50,1685
20261002,2.0,1.0,0.2747525052737575,2.840305767894371,27.655045044320914,50,1439
20261003,0.5,-1.0,0.15828891533601053,0.5413333333333332,-23.434761995756876,50,50
20261003,0.5,0.0,0.2169493441002964,0.6266666666666667,-25.1663216580211,50,50
20261003,0.5,1.0,0.9333815259695882,53.239506172839505,77.9423376958385,50,54
20261003,1.0,-1.0,0.05468914574731862,0.5418039215686274,-6.917494427135767,50,425
20261003,1.0,0.0,0.1380415467943761,0.827037773359841,-1.4813734956740223,50,503
20261003,1.0,1.0,0.5944588622068173,4.608951235804943,36.30636749868038,50,499
20261003,2.0,-1.0,0.06093042414608083,0.881394437916177,9.093475859805046,50,1702
20261003,2.0,0.0,0.1064789158312472,1.3461662631154157,14.104741432980807,50,1652
20261003,2.0,1.0,0.25086827505113396,2.6728446288612266,25.646993081944462,50,1446
20261004,0.5,-1.0,0.055289637347405454,0.5359999999999999,-6.847055622548663,50,50
20261004,0.5,0.0,0.1376267949535401,0.6405228758169934,-6.743464873854672,50,51
20261004,0.5,1.0,0.8549159064102642,31.56543209876543,44.97826187928943,50,54
20261004,1.0,-1.0,0.05862338637001194,0.5473504273504273,-0.12018579871620397,50,390
20261004,1.0,0.0,0.16748497560488698,0.9048048048048047,9.869434271530222,50,444
20261004,1.0,1.0,0.5375505600405527,3.929411764705882,40.67658899728695,50,476
20261004,2.0,-1.0,0.07362614601813351,0.8708308546500099,2.333074256716736,50,1681
20261004,2.0,0.0,0.11086478236215705,1.274741564267603,8.393932154331662,50,1709
20261004,2.0,1.0,0.24828702248344048,2.60855614973262,25.87180553450872,50,1496
20261005,0.5,-1.0,0.118326643810939,0.5256410256410257,-21.48996070766036,50,52
20261005,0.5,0.0,0.16492463339501848,0.6076923076923076,-25.35736294832384,50,52
20261005,0.5,1.0,0.8657030062018167,37.10643274853801,63.354203435668296,50,57
20261005,1.0,-1.0,0.0258586518218567,0.5770879526977087,-6.284265705324288,50,451
20261005,1.0,0.0,0.10014798239215154,0.8873294346978557,-9.59182530262075,50,513
20261005,1.0,1.0,0.5662238663769373,4.652161785216179,28.40871757049121,50,478
20261005,2.0,-1.0,0.05062736312650018,0.9231831100284206,2.6757849984604936,50,1642
20261005,2.0,0.0,0.1436602096921251,1.3837378640776699,5.671175589716773,50,1648
20261005,2.0,1.0,0.2557118398211686,2.7216341689879293,21.909805838403603,50,1436
20261006,0.5,-1.0,0.12550205797860617,0.5307692307692308,-23.49419525693116,50,52
20261006,0.5,0.0,0.12484196362130556,0.5836477987421383,-23.483929716663283,50,53
20261006,0.5,1.0,0.8573470682041031,50.57530864197531,77.49117050051525,50,54
20261006,1.0,-1.0,0.06348155060201127,0.5790660225442834,11.592243113682319,50,414
20261006,1.0,0.0,0.11885132538618272,0.8842535787321064,11.180562505137088,50,489
20261006,1.0,1.0,0.4698700415403306,3.6922069417157823,33.55182289173353,50,509
20261006,2.0,-1.0,0.043639841388439356,0.879336885731202,6.777332842326886,50,1689
20261006,2.0,0.0,0.09759420509934028,1.329510155316607,10.664014649699922,50,1674
20261006,2.0,1.0,0.23542820285445676,2.673393227366966,21.72540575346376,50,1447
20261007,0.5,-1.0,0.04897173930494625,0.5281045751633987,-5.809486739450169,50,51
20261007,0.5,0.0,0.13828203898302452,0.6358974358974359,-8.8828332190921,50,52
20261007,0.5,1.0,0.8757838009375842,54.78666666666666,73.90931191933677,50,50
20261007,1.0,-1.0,0.02784209365585908,0.5769352290679305,-2.171363530668526,50,422
20261007,1.0,0.0,0.1538114656679551,0.9800974251913709,10.213133440749436,50,479
20261007,1.0,1.0,0.6014217566591004,5.394708994708995,36.03329511829564,50,441
20261007,2.0,-1.0,0.09630114484723173,0.9130902570233114,3.600616383092065,50,1673
20261007,2.0,0.0,0.1579058720262964,1.3812715823684745,8.274055639336888,50,1641
20261007,2.0,1.0,0.31327450060997436,2.8969784868262023,25.946445262616866,50,1379
20261008,0.5,-1.0,0.0022029991059091107,0.5282051282051282,-3.756560056628901,50,52
20261008,0.5,0.0,0.027612381630204356,0.5836477987421383,-3.7232714271476293,50,53
20261008,0.5,1.0,0.9160860936476982,40.18364779874214,76.50434284004149,50,53
20261008,1.0,-1.0,0.07895900052956561,0.5702127659574467,8.425819548117454,50,423
20261008,1.0,0.0,0.17811208260162092,0.9075975359342916,5.636268441766705,50,487
20261008,1.0,1.0,0.5668819098936897,4.278319783197832,37.03231717541009,50,492
20261008,2.0,-1.0,0.06632769497502063,0.8828062104657849,4.4318338190675455,50,1739
20261008,2.0,0.0,0.13420148590555847,1.3035850495804728,8.9049904359374,50,1748
20261008,2.0,1.0,0.2722169258117489,2.665774207942883,27.88453814887177,50,1494
20261009,0.5,-1.0,0.12354309612498784,0.523076923076923,-16.196160368172443,50,52
20261009,0.5,0.0,0.142272684166254,0.5851851851851853,-16.15418123764171,50,54
20261009,0.5,1.0,0.8297862156787427,29.57471264367816,51.34396085853973,50,58
20261009,1.0,-1.0,0.052502496791658554,0.5694041867954912,3.933570003512679,50,414
20261009,1.0,0.0,0.15494397656394224,0.8787878787878788,4.146751266846598,50,484
20261009,1.0,1.0,0.5576920788166616,4.691562932226833,33.3913092023501,50,482
20261009,2.0,-1.0,0.05096875423243797,0.8747613592974417,6.1975351153119815,50,1746
20261009,2.0,0.0,0.14116252820598965,1.327154843630816,6.525348379390548,50,1748
20261009,2.0,1.0,0.24972160366830984,2.7059507829977627,22.20128871643671,50,1490
20261010,0.5,-1.0,-0.13435658373749754,0.5333333333333333,27.500212511962168,50,52
20261010,0.5,0.0,-0.054697556114641895,0.6113207547169811,26.719329993297116,50,53
20261010,0.5,1.0,0.9106077972618803,42.61575757575758,101.29313095829755,50,55
20261010,1.0,-1.0,0.08915528626078761,0.5802588996763753,-8.181999764026202,50,412
20261010,1.0,0.0,0.17864933237277508,0.9381052631578947,3.642154961678331,50,475
20261010,1.0,1.0,0.5689506343586093,4.597077244258872,32.514692222990405,50,479
20261010,2.0,-1.0,0.07839767817158255,0.8987301587301587,7.370417571450382,50,1680
20261010,2.0,0.0,0.13300609058737362,1.3612569610182976,9.217360408285588,50,1676
20261010,2.0,1.0,0.2410759802756785,2.64774897680764,18.85647362110135,50,1466
20261011,0.5,-1.0,-0.12918007650139446,0.538562091503268,26.692719263895086,50,51
20261011,0.5,0.0,-0.08907936343695678,0.6025641025641025,34.007707317905094,50,52
20261011,0.5,1.0,0.8541225797031429,31.980246913580245,79.0007392433262,50,54
20261011,1.0,-1.0,0.02995194917663927,0.5933014354066986,9.51427248887959,50,418
20261011,1.0,0.0,0.12334147452506998,0.9022132796780684,14.3961439969856,50,497
20261011,1.0,1.0,0.4899583264316499,3.9769072164948454,31.065238118948358,50,485
20261011,2.0,-1.0,0.08402709446807718,0.9069908814589666,-1.7197187645709946,50,1645
20261011,2.0,0.0,0.14096757139814678,1.3759867741268859,1.9911997814378244,50,1613
20261011,2.0,1.0,0.24426002804681596,2.6283181712153016,20.03710031622576,50,1429
20261012,0.5,-1.0,0.00978772725901478,0.5359477124183006,-3.6357929231900643,50,51
20261012,0.5,0.0,0.05577418290641029,0.6076923076923076,-3.0810623169461246,50,52
20261012,0.5,1.0,0.8631867175948716,32.26918238993711,73.18059978865706,50,53
20261012,1.0,-1.0,0.023068502397556073,0.5511993382961125,12.102300588298045,50,403
20261012,1.0,0.0,0.15648067210204816,0.8473648186173853,15.370880661731267,50,487
20261012,1.0,1.0,0.5506690792876281,4.009320388349514,35.64112975262996,50,515
20261012,2.0,-1.0,0.08323721603658356,0.8825396825396825,1.678476288535082,50,1680
20261012,2.0,0.0,0.15496574772629354,1.3298140371925615,5.613823848701133,50,1667
20261012,2.0,1.0,0.2738340545010889,2.745373623799485,23.523031782227708,50,1423
20261013,0.5,-1.0,0.05588638618727879,0.523076923076923,-12.82697837572245,50,52
20261013,0.5,0.0,0.11751925151128424,0.6153846153846153,-4.9035776374320195,50,52
20261013,0.5,1.0,0.8335991572955209,49.86918238993711,83.3872583478278,50,53
20261013,1.0,-1.0,0.07185127573891496,0.5583138173302108,-9.514206243686225,50,427
20261013,1.0,0.0,0.155177863647213,0.8724814063556456,3.510691972110442,50,493
20261013,1.0,1.0,0.6144971061425536,4.542454728370221,30.71045960909366,50,497
20261013,2.0,-1.0,0.048823197224788284,0.8786244626807347,8.34059032648259,50,1706
20261013,2.0,0.0,0.10454726418449634,1.3011222681630241,13.42028419158794,50,1693
20261013,2.0,1.0,0.21888605200348418,2.6045836169729975,24.214932925078283,50,1469
20261014,0.5,-1.0,0.022299682679908586,0.5333333333333333,-4.3476953937118195,50,51
20261014,0.5,0.0,0.05373064728185104,0.5856209150326798,-4.3382748366982105,50,51
20261014,0.5,1.0,0.8291083117513676,26.032704402515723,42.96700913735217,50,53
20261014,1.0,-1.0,0.027667532830110326,0.5461059190031152,6.542361309092488,50,428
20261014,1.0,0.0,0.10475389547904981,0.8238286479250334,7.096373677337058,50,498
20261014,1.0,1.0,0.5042450667927245,3.9303208906352323,37.68910446955927,50,509
20261014,2.0,-1.0,0.08068533898548837,0.9021828908554572,5.779114143986424,50,1695
20261014,2.0,0.0,0.15192637246036783,1.3640356083086054,10.978558943019529,50,1685
20261014,2.0,1.0,0.2635908232637578,2.6617419060647514,23.577369067715413,50,1462
20261015,0.5,-1.0,0.140445679704633,0.5281045751633987,-28.657040559035718,50,51
20261015,0.5,0.0,0.16750870955677485,0.5856209150326798,-18.299486314703522,50,51
20261015,0.5,1.0,0.8097199192849417,46.621383647798744,68.95873896926452,50,53
20261015,1.0,-1.0,0.046692421971298484,0.5602391629297458,10.01888364996176,50,446
20261015,1.0,0.0,0.17462557406660698,0.9198443579766538,23.105378166665343,50,514
20261015,1.0,1.0,0.5745496729275502,4.462716049382716,43.159356913161226,50,540
20261015,2.0,-1.0,0.05174442015967046,0.8862880091795754,8.615381171964536,50,1743
20261015,2.0,0.0,0.1317769875390872,1.3651017214397496,15.476262455519352,50,1704
20261015,2.0,1.0,0.26289090465530285,2.7290395480225986,25.0699059933586,50,1475
20261016,0.5,-1.0,0.053123619063553604,0.5307692307692308,-9.470104315228097,50,52
20261016,0.5,0.0,0.07530855207354838,0.5846153846153846,-14.738175713548289,50,52
20261016,0.5,1.0,0.8965820774522422,34.92857142857143,67.05077021739643,50,56
20261016,1.0,-1.0,0.043613362568802105,0.5446054750402576,-4.789664760465893,50,414
20261016,1.0,0.0,0.18518861896005595,0.9441048034934497,4.943071957718289,50,458
20261016,1.0,1.0,0.6166918063768083,4.836494252873563,41.368151153269274,50,464
20261016,2.0,-1.0,0.06776966924881142,0.8803337306317044,9.137560867637351,50,1678
20261016,2.0,0.0,0.13156991498402168,1.3215079365079363,11.207815859575907,50,1680
20261016,2.0,1.0,0.24331215656432403,2.6129366689204416,22.330028605576054,50,1479
20261017,0.5,-1.0,0.07775559008012829,0.5333333333333333,-15.43707648390817,50,50
20261017,0.5,0.0,0.0968709374384985,0.5973333333333334,-16.371933412501846,50,50
20261017,0.5,1.0,0.8645492005438535,28.39738562091503,37.354205841880436,50,51
20261017,1.0,-1.0,0.020846061696897795,0.5488607594936709,-8.570322450802655,50,395
20261017,1.0,0.0,0.13350811818916583,0.8910425844346549,0.11434199467949555,50,454
20261017,1.0,1.0,0.5933776908036873,5.024778761061947,29.998219948033693,50,452
20261017,2.0,-1.0,0.04712466791016606,0.8776310524209684,6.058362192112618,50,1666
20261017,2.0,0.0,0.0994759704654256,1.3171571571571572,14.232387908368343,50,1665
20261017,2.0,1.0,0.23270303425477007,2.6572744014732965,21.29029110766706,50,1448
20261018,0.5,-1.0,-0.06976269672024016,0.5359477124183006,15.880698177818624,50,51
20261018,0.5,0.0,0.0057629672602191465,0.6128205128205128,15.94611127214737,50,52
20261018,0.5,1.0,0.8346396311331954,34.2320987654321,89.96303218251265,50,54
20261018,1.0,-1.0,0.009068534777508097,0.558047292143402,7.055434334534051,50,437
20261018,1.0,0.0,0.12112573728940684,0.9524966261808367,11.635164386336987,50,494
20261018,1.0,1.0,0.6066042539534223,5.045762711864407,42.89313022733254,50,472
20261018,2.0,-1.0,0.06130293794608477,0.8955688622754491,-1.61534569931669,50,1670
20261018,2.0,0.0,0.10876243408093765,1.3525444512568976,6.163554860085023,50,1631
20261018,2.0,1.0,0.2358342387444818,2.619244935543278,22.987556779863354,50,1448
20261019,0.5,-1.0,-0.05181270236621751,0.5259259259259259,3.7480986449539855,50,54
20261019,0.5,0.0,0.031430556924817596,0.6370370370370371,5.855322967628798,50,54
20261019,0.5,1.0,0.8814472269963879,34.160493827160494,79.25786348734117,50,54
20261019,1.0,-1.0,-0.003766568055169636,0.5752380952380952,13.571633731108927,50,420
20261019,1.0,0.0,0.10630764170672746,0.9199727334696659,21.83163152045792,50,489
20261019,1.0,1.0,0.5250413572967926,4.227696590118302,39.519107690761686,50,479
20261019,2.0,-1.0,0.07519212868734326,0.8895475202529145,5.637915273365966,50,1687
20261019,2.0,0.0,0.13300352818453093,1.3352426412092282,9.960047187024372,50,1676
20261019,2.0,1.0,0.2721905260399862,2.7065759637188207,30.765427358419732,50,1470
20261020,0.5,-1.0,-0.017554546890957683,0.5359999999999999,3.0924192604064955,50,50
20261020,0.5,0.0,0.009468728408805293,0.6133333333333333,1.7562347093093322,50,50
20261020,0.5,1.0,0.8757029228446106,37.25866666666666,73.07333610837159,50,50
20261020,1.0,-1.0,0.048406645370211165,0.5593725490196079,0.335551955571553,50,425
20261020,1.0,0.0,0.140246774423262,0.9229720518064076,6.574342923239465,50,489
20261020,1.0,1.0,0.5256667697557975,4.251282051282051,32.27189021938442,50,494
20261020,2.0,-1.0,0.04092473183859951,0.8857977790765634,6.972017851092599,50,1711
20261020,2.0,0.0,0.12332219386051675,1.3472601384767557,11.75893880471794,50,1685
20261020,2.0,1.0,0.24909702592100041,2.654875283446712,19.604149300296637,50,1470
20261021,0.5,-1.0,0.16222295307567786,0.5359999999999999,-28.863484038703735,50,50
20261021,0.5,0.0,0.20144820241425584,0.6091503267973856,-26.378617461096475,50,51
20261021,0.5,1.0,0.8215965609543242,39.11604938271605,49.53972278531644,50,54
20261021,1.0,-1.0,0.05444994960157439,0.5726453726453726,1.7562533846971933,50,407
20261021,1.0,0.0,0.19507077870042752,0.9488304093567251,0.24659609061294013,50,456
20261021,1.0,1.0,0.5461725211824718,4.402620087336245,27.898387505135666,50,458
20261021,2.0,-1.0,0.08166055077995697,0.8816745655608215,2.3668020332785913,50,1688
20261021,2.0,0.0,0.14947229871045717,1.347510951812027,10.687085009186987,50,1674
20261021,2.0,1.0,0.26543098198718246,2.6821216278006403,26.47254970472698,50,1458
20261022,0.5,-1.0,0.0023175297929049245,0.5333333333333333,-0.4461507521006391,50,50
20261022,0.5,0.0,0.0175635637308191,0.584,-0.3152099257306284,50,50
20261022,0.5,1.0,0.8955178232450232,41.790849673202615,71.89648083075382,50,51
20261022,1.0,-1.0,0.10663926433915318,0.5745958429561201,-2.1861957878302696,50,433
20261022,1.0,0.0,0.17578729902319404,0.944107744107744,-0.017025578652853143,50,495
20261022,1.0,1.0,0.5798828933749588,4.446133333333333,41.70378608809045,50,500
20261022,2.0,-1.0,0.07513331876202972,0.9145808502185141,2.6182423342172974,50,1678
20261022,2.0,0.0,0.13086717625360705,1.3858121725110841,7.441854384529655,50,1654
20261022,2.0,1.0,0.25465624530893227,2.7448559670781894,30.301088413593043,50,1458
20261023,0.5,-1.0,0.20984922238492115,0.5333333333333333,-37.164180428166645,50,51
20261023,0.5,0.0,0.2537784599216433,0.6230769230769231,-37.098664707634185,50,52
20261023,0.5,1.0,0.8644073892315517,45.64938271604938,52.16785772536417,50,54
20261023,1.0,-1.0,0.05750683079758891,0.5729166666666666,10.308378753097548,50,448
20261023,1.0,0.0,0.17618134228083512,0.9429141716566867,2.544395021556333,50,501
20261023,1.0,1.0,0.5644122198233585,4.576964769647697,36.366698547297126,50,492
20261023,2.0,-1.0,0.07935626812103165,0.9101901901901902,7.333139760129513,50,1665
20261023,2.0,0.0,0.1422350021079334,1.335474915724767,11.47963649175508,50,1681
20261023,2.0,1.0,0.24928305778949755,2.659486480345376,27.451926142370443,50,1467
20261024,0.5,-1.0,0.0502186694420292,0.544,-6.626499709518811,50,50
20261024,0.5,0.0,0.06915997162893119,0.6065359477124183,-6.56396875214561,50,51
20261024,0.5,1.0,0.7743653492939816,26.269182389937107,52.42168374420124,50,53
20261024,1.0,-1.0,0.04937417477006214,0.5418238993710692,-3.451675164665336,50,424
20261024,1.0,0.0,0.13178667424841814,0.8382113821138211,7.600127779116716,50,492
20261024,1.0,1.0,0.5966648513094065,4.327247579529737,25.085978552474288,50,482
20261024,2.0,-1.0,0.07042257832768357,0.8902298850574712,5.466445807364485,50,1624
20261024,2.0,0.0,0.13768729748525194,1.3318600368324125,12.647718518830295,50,1629
20261024,2.0,1.0,0.2584103581384611,2.6929023190442725,23.506851562941634,50,1423
20261025,0.5,-1.0,-0.07477341503803375,0.5333333333333333,16.513878107105924,50,52
20261025,0.5,0.0,-0.047844455940515625,0.5948717948717949,16.498885638020838,50,52
20261025,0.5,1.0,0.8829427172052247,33.434567901234566,85.05572060289484,50,54
20261025,1.0,-1.0,0.033249012260872686,0.5834561834561834,-3.8659496375428692,50,407
20261025,1.0,0.0,0.14802331286832446,0.9079889807162534,10.402953704154898,50,484
20261025,1.0,1.0,0.5476006232478143,4.17094682230869,39.206613365521235,50,514
20261025,2.0,-1.0,0.04664405653421075,0.902338485929449,7.404068032033296,50,1682
20261025,2.0,0.0,0.10181721943754193,1.3455847255369928,6.874471737930052,50,1676
20261025,2.0,1.0,0.2022189115455992,2.6131340579710147,22.617125734236662,50,1472
20261026,0.5,-1.0,0.05282159501952974,0.5232704402515723,-5.330446684412217,50,53
20261026,0.5,0.0,0.08554080879057895,0.582716049382716,-0.9517554392404679,50,54
20261026,0.5,1.0,0.8676274922195297,46.17037037037037,82.44323874773372,50,54
20261026,1.0,-1.0,0.05880350189160864,0.5358912869704237,-3.102867797800851,50,417
20261026,1.0,0.0,0.13528580311058608,0.8518364518364518,-0.4487748209792113,50,481
20261026,1.0,1.0,0.5545689201714962,4.25939393939394,46.17967904968461,50,495
20261026,2.0,-1.0,0.05530788437433313,0.8904789833822092,5.449375507135821,50,1705
20261026,2.0,0.0,0.11541059176042666,1.346175188267935,10.830239068342662,50,1682
20261026,2.0,1.0,0.2444947835421894,2.6906593406593404,26.939380861485862,50,1456
20261027,0.5,-1.0,-0.11768594811185416,0.5256410256410257,22.643017871997525,50,52
20261027,0.5,0.0,-0.1150264615639448,0.578616352201258,22.547591349377452,50,53
20261027,0.5,1.0,0.7949737528584767,20.032748538011695,54.65172176640188,50,57
20261027,1.0,-1.0,-0.005986382688168724,0.5633027522935781,-4.196931590305963,50,436
20261027,1.0,0.0,0.13132273191741048,0.9252197430696416,-6.30541676417501,50,493
20261027,1.0,1.0,0.4658804565806834,3.7796875,18.07104270304689,50,512
20261027,2.0,-1.0,0.04779309724335893,0.8750049397352302,-2.1907132119588946,50,1687
20261027,2.0,0.0,0.10737502880518426,1.3447803305118904,8.117912335133445,50,1654
20261027,2.0,1.0,0.20532520953294828,2.5879294336118845,21.500352914130914,50,1436
20261028,0.5,-1.0,0.023009097836169275,0.5333333333333333,-3.319056059564168,50,51
20261028,0.5,0.0,0.15419412940970575,0.6948717948717948,-2.6813271741105127,50,52
20261028,0.5,1.0,0.8965302113611491,52.812345679012346,106.3081365753623,50,54
20261028,1.0,-1.0,0.010957643279106762,0.5727344365642237,7.798171097300914,50,423
20261028,1.0,0.0,0.12358611602416664,0.9293785310734464,11.798858997696168,50,472
20261028,1.0,1.0,0.5484506267456162,4.576763485477178,37.731999188117435,50,482
20261028,2.0,-1.0,0.0843201722237259,0.918590130916415,4.583243733426562,50,1655
20261028,2.0,0.0,0.14520640872436552,1.3849857201142393,6.802693064935422,50,1634
20261028,2.0,1.0,0.2764779075197183,2.69277970011534,25.88420451261503,50,1445
20261029,0.5,-1.0,0.09555737328639137,0.5333333333333333,-16.74776158899476,50,52
20261029,0.5,0.0,0.13087047684260197,0.6051282051282051,-16.707387032206686,50,52
20261029,0.5,1.0,0.8962078039226483,49.654761904761905,91.88791036141401,50,56
20261029,1.0,-1.0,0.05326709628721279,0.5448165869218501,-9.171117651447553,50,418
20261029,1.0,0.0,0.1810164048146801,0.9355509355509355,-0.5398153111516418,50,481
20261029,1.0,1.0,0.5913162332905819,4.656192498230714,28.88135354841597,50,471
20261029,2.0,-1.0,0.08373581762820712,0.9159663865546218,0.7620058535691712,50,1666
20261029,2.0,0.0,0.15992631969826157,1.375798250966036,8.566403348449661,50,1639
20261029,2.0,1.0,0.2881503874619006,2.785277777777778,26.49941190369503,50,1440
20261030,0.5,-1.0,-0.06844411799487125,0.5333333333333333,12.420238801776598,50,51
20261030,0.5,0.0,-0.03372711729221714,0.5923076923076923,12.449214575849016,50,52
20261030,0.5,1.0,0.8489848010481386,27.78333333333333,67.45252081052922,50,56
20261030,1.0,-1.0,0.07091237571232566,0.5565891472868217,-4.1939912439721,50,430
20261030,1.0,0.0,0.18104980065026238,0.9221757322175732,-3.701731090661555,50,478
20261030,1.0,1.0,0.6418877475098997,5.766218236173393,31.300287426216677,50,446
20261030,2.0,-1.0,0.07904567328336126,0.8791372549019608,4.784801858155978,50,1700
20261030,2.0,0.0,0.15194982443148403,1.343017206882753,10.857024538079859,50,1666
20261030,2.0,1.0,0.25964686861914177,2.7088630667578033,28.877387414646556,50,1463
20261031,0.5,-1.0,0.11885627635244363,0.538562091503268,-24.662456618165997,50,51
20261031,0.5,0.0,0.16506950900929418,0.6248366013071895,-24.616522902697294,50,51
20261031,0.5,1.0,0.8577955825298862,35.305128205128206,37.26242245892139,50,52
20261031,1.0,-1.0,0.06157970945161853,0.5695282289249807,10.870168337305275,50,431
20261031,1.0,0.0,0.18243716152841122,0.9455532926001357,6.0630345394375285,50,491
20261031,1.0,1.0,0.642380117101164,5.175857338820302,32.82500983045426,50,486
20261031,2.0,-1.0,0.0757023573759908,0.9087054026503568,5.423645704236832,50,1635
20261031,2.0,0.0,0.1501890822696076,1.3629720351092058,11.343748678231455,50,1633
20261031,2.0,1.0,0.33148490534345587,2.931484184914842,27.851063585905774,50,1370
20261032,0.5,-1.0,0.09193103737032048,0.5333333333333333,-15.659235013411408,50,51
20261032,0.5,0.0,0.10766642712751633,0.5717948717948718,-15.65303443932838,50,52
20261032,0.5,1.0,0.8067568208192449,26.11111111111111,39.22237678404606,50,54
20261032,1.0,-1.0,0.049552301470583864,0.561993769470405,-3.3893514419442634,50,428
20261032,1.0,0.0,0.11088242969221632,0.8603174603174604,2.1110493746647,50,504
20261032,1.0,1.0,0.5747384172079043,4.305729166666667,34.92466011051893,50,512
20261032,2.0,-1.0,0.06208063405414527,0.8883468834688347,3.5719814042861646,50,1722
20261032,2.0,0.0,0.12351711527485607,1.312838496006234,3.983030805869985,50,1711
20261032,2.0,1.0,0.22252516093158048,2.6776632302405496,22.091727110929313,50,1455
20261033,0.5,-1.0,-0.05597427311291493,0.5256410256410257,9.977808120740338,50,52
20261033,0.5,0.0,-0.041621625127692116,0.6051282051282051,10.321657154382715,50,52
20261033,0.5,1.0,0.8247117270099876,41.99523809523809,99.48433370343965,50,56
20261033,1.0,-1.0,0.025631905045089966,0.5775757575757576,0.12631985373118568,50,440
20261033,1.0,0.0,0.12198180059564255,0.9239812959251837,-0.007938211599054341,50,499
20261033,1.0,1.0,0.601110227161035,4.94116002795248,28.891807026596094,50,477
20261033,2.0,-1.0,0.05362643762731453,0.8956156156156155,7.593527609271895,50,1665
20261033,2.0,0.0,0.12306277393302816,1.3487609912070344,11.899089575596099,50,1668
20261033,2.0,1.0,0.22792418489263847,2.716959887403237,25.803592336566062,50,1421
20261034,0.5,-1.0,0.08033896022934246,0.5333333333333333,-15.392430675678495,50,50
20261034,0.5,0.0,0.11947884559074765,0.6133333333333333,-15.365327618517409,50,50
20261034,0.5,1.0,0.8625795166497474,36.912,51.204874011756274,50,50
20261034,1.0,-1.0,0.03509903504015383,0.5676720804331014,9.507390244392425,50,431
20261034,1.0,0.0,0.11581756281945425,0.8743125419181758,8.47964552608096,50,497
20261034,1.0,1.0,0.552566837343811,4.367479674796748,38.406736869184435,50,492
20261034,2.0,-1.0,0.07513654299402522,0.9007125890736343,8.367099999042432,50,1684
20261034,2.0,0.0,0.12620383302495888,1.3189527159046504,13.995240579216848,50,1706
20261034,2.0,1.0,0.26414435758811716,2.756701509872242,27.124961537235023,50,1435
20261035,0.5,-1.0,-0.10039729487656868,0.5386666666666666,22.283642599026837,50,50
20261035,0.5,0.0,-0.08248385754599097,0.5923076923076923,22.305150100589895,50,52
20261035,0.5,1.0,0.8661823231754525,40.70440251572327,101.8087568817185,50,53
20261035,1.0,-1.0,0.030822788538721856,0.5467603434816549,10.122040200409593,50,427
20261035,1.0,0.0,0.16347772498799312,0.9567493112947658,16.47611614192635,50,484
20261035,1.0,1.0,0.5677728847674042,4.299532398129592,28.429407896154288,50,499
20261035,2.0,-1.0,0.06234547632147025,0.8997431337680301,5.363469561702653,50,1687
20261035,2.0,0.0,0.14448040010144114,1.36644776119403,9.806466233984448,50,1675
20261035,2.0,1.0,0.2647370797739225,2.7343974092065695,23.09173963030102,50,1441
20261036,0.5,-1.0,-0.08899644036767759,0.5333333333333333,19.43089314292507,50,50
20261036,0.5,0.0,-0.03971582779740006,0.5794871794871794,21.307690355255232,50,52
20261036,0.5,1.0,0.8259867055937777,23.553086419753086,56.559194566131644,50,54
20261036,1.0,-1.0,0.03315115985074701,0.57815362931642,2.728181818876371,50,473
20261036,1.0,0.0,0.12105896541299015,0.9109079829372334,12.627794435927388,50,547
20261036,1.0,1.0,0.5624809635942556,4.827973856209151,43.43706240718891,50,510
20261036,2.0,-1.0,0.046058456385688354,0.9198146002317497,8.620911436175929,50,1726
20261036,2.0,0.0,0.12366310780989379,1.3964664310954062,9.005935789086609,50,1698
20261036,2.0,1.0,0.2568758912760885,2.862067363530778,26.589247895392827,50,1435
20261037,0.5,-1.0,0.07839262430527047,0.5256410256410257,-15.519985361969498,50,52
20261037,0.5,0.0,0.06913755227078991,0.5937106918238994,-11.687364675309516,50,53
20261037,0.5,1.0,0.8408854388023635,32.774712643678164,66.10277652677806,50,58
20261037,1.0,-1.0,0.08245760988325086,0.5608763693270736,1.3700650852766814,50,426
20261037,1.0,0.0,0.14799110132354348,0.884896872920825,3.2199615614144217,50,501
20261037,1.0,1.0,0.5393518106532273,4.260168940870695,26.32173124738289,50,513
20261037,2.0,-1.0,0.08127590407620058,0.9003903200624512,0.6219281264733355,50,1708
20261037,2.0,0.0,0.15754602126939557,1.4058094657729026,3.7620470269380775,50,1641
20261037,2.0,1.0,0.3089296177338446,2.808488316642823,22.921430789260285,50,1398
20261038,0.5,-1.0,0.0824319876492935,0.5358974358974359,-12.767279551728077,50,52
20261038,0.5,0.0,0.0965846311643678,0.5974358974358974,-12.61922530728679,50,52
20261038,0.5,1.0,0.7973361600123069,42.953086419753085,81.76780990731069,50,54
20261038,1.0,-1.0,0.08747455869729345,0.5624454148471616,-11.275699048410381,50,458
20261038,1.0,0.0,0.18538238859476788,0.9128010139416983,-2.3911930015456893,50,526
20261038,1.0,1.0,0.5824648898084285,4.821614583333333,32.01913065646283,50,512
20261038,2.0,-1.0,0.05915135958664056,0.8924506387921022,0.23138785920860008,50,1722
20261038,2.0,0.0,0.10892584015997217,1.3657210401891253,7.144949671508169,50,1692
20261038,2.0,1.0,0.234571712868718,2.780191544031768,22.484961806219722,50,1427
20261039,0.5,-1.0,0.025148548644504304,0.5359477124183006,-3.295383253751682,50,51
20261039,0.5,0.0,0.07125581819835418,0.5761006289308176,-2.7694752464913477,50,53
20261039,0.5,1.0,0.8782540756811009,49.348717948717955,90.00989897650663,50,52
20261039,1.0,-1.0,0.06329586860203806,0.5761354888375673,-9.372735498929025,50,433
20261039,1.0,0.0,0.1366142896386427,0.8774951076320939,4.953108402049674,50,511
20261039,1.0,1.0,0.6221147387674012,5.241388888888889,37.63555391287987,50,480
20261039,2.0,-1.0,0.07206672627521243,0.9212121212121213,5.279134879832285,50,1672
20261039,2.0,0.0,0.14105936383244516,1.406565961732125,13.400644503019418,50,1655
20261039,2.0,1.0,0.26998967647706207,2.8151898734177214,21.55380363565934,50,1422
20261040,0.5,-1.0,0.025707023986188727,0.530718954248366,-1.4716218514697832,50,51
20261040,0.5,0.0,0.07194057988035443,0.6379084967320261,3.6281907647823117,50,51
20261040,0.5,1.0,0.8990594372278471,45.08427672955975,78.35985084512212,50,53
20261040,1.0,-1.0,0.03947553606564877,0.5616161616161616,15.21449354600109,50,462
20261040,1.0,0.0,0.1631783297155703,0.935614702154626,4.765682362005684,50,526
20261040,1.0,1.0,0.5408121350014713,4.215366001209921,30.91430775459293,50,551
20261040,2.0,-1.0,0.050561723652681266,0.9393131313131313,3.4350271468988303,50,1650
20261040,2.0,0.0,0.08955188252960065,1.357475345167653,10.022460563479084,50,1690
20261040,2.0,1.0,0.2271901815771911,2.6552225249772934,24.773457569523767,50,1468
20261041,0.5,-1.0,0.024717070356710086,0.5359999999999999,-6.33837572011492,50,50
20261041,0.5,0.0,0.036205806849701684,0.6,-6.335681670046257,50,50
20261041,0.5,1.0,0.8782012496100813,46.264,78.59481351597212,50,50
20261041,1.0,-1.0,0.06801623346415839,0.5521707137601177,-8.965755890204541,50,453
20261041,1.0,0.0,0.17993952679420278,0.934375,-3.7417403753646257,50,512
20261041,1.0,1.0,0.601542258038619,4.769986719787516,34.76548018163587,50,502
20261041,2.0,-1.0,0.048871832289242995,0.8952603861907548,7.704159535233157,50,1709
20261041,2.0,0.0,0.14077016990800095,1.3516834022445363,12.202542604257603,50,1693
20261041,2.0,1.0,0.24842709541738434,2.6951290684624016,25.734731591597548,50,1485
20261042,0.5,-1.0,0.1438819172078528,0.5205128205128204,-24.934593323234594,50,52
20261042,0.5,0.0,0.19245756798090885,0.582051282051282,-24.825627718162327,50,52
20261042,0.5,1.0,0.9014236537615326,37.89876543209877,54.85951538508873,50,54
20261042,1.0,-1.0,0.056483345965318364,0.5767790262172284,-3.082328179978682,50,445
20261042,1.0,0.0,0.15700369492394228,0.9413816230717639,5.658149567744133,50,497
20261042,1.0,1.0,0.6251847985727621,4.958333333333333,29.257479910331003,50,480
20261042,2.0,-1.0,0.08881625952524626,0.8885435345686391,2.462473094248145,50,1673
20261042,2.0,0.0,0.16450640225822824,1.3787234042553191,11.582754395943512,50,1645
20261042,2.0,1.0,0.2669942756067634,2.8199077445982037,22.291043443027693,50,1373
20261043,0.5,-1.0,-0.09869023692719966,0.5333333333333333,19.59330170461333,50,50
20261043,0.5,0.0,-0.07377109018363497,0.6053333333333333,19.608067968213167,50,50
20261043,0.5,1.0,0.8135538430541469,27.981333333333335,70.13774954450263,50,50
20261043,1.0,-1.0,0.04481372545256744,0.5654501216545013,12.699239326976695,50,411
20261043,1.0,0.0,0.14193004678273674,0.9240701754385965,12.155085119267964,50,475
20261043,1.0,1.0,0.5267533214597382,4.186116838487973,37.491255035590505,50,485
20261043,2.0,-1.0,0.06471078543497333,0.9025955446556305,2.5740225604276095,50,1631
20261043,2.0,0.0,0.13136361840031743,1.3213654618473896,12.423733825779374,50,1660
20261043,2.0,1.0,0.2762275173532634,2.6668484435355597,24.36110218643397,50,1467
20261044,0.5,-1.0,0.1305507892457621,0.5205128205128204,-30.051211576410154,50,52
20261044,0.5,0.0,0.21284722263212846,0.6256410256410256,-27.001833542059327,50,52
20261044,0.5,1.0,0.8784256634151479,60.359748427672955,84.48324885486744,50,53
20261044,1.0,-1.0,0.07321924042346523,0.5577464788732395,0.9627614891470634,50,426
20261044,1.0,0.0,0.15741933923942894,0.8908093278463648,2.5695111041534893,50,486
20261044,1.0,1.0,0.582992805304695,4.488356620093147,29.49617053992805,50,501
20261044,2.0,-1.0,0.05419979181070485,0.8840648477659153,2.5372883180317993,50,1686
20261044,2.0,0.0,0.1025781135460609,1.3206500198176774,8.726437407078132,50,1682
20261044,2.0,1.0,0.20908179643143587,2.6959235965525274,24.418657194735705,50,1431
20261045,0.5,-1.0,-0.07095011661205378,0.5359999999999999,15.116671369135085,50,50
20261045,0.5,0.0,0.044226939248026634,0.6666666666666666,15.529569908240804,50,50
20261045,0.5,1.0,0.8257702034504774,26.17516339869281,79.10030719976335,50,51
20261045,1.0,-1.0,0.024642331416906447,0.5342902711323764,3.622818861541477,50,418
20261045,1.0,0.0,0.113218694621727,0.8803880803880804,9.58471923787698,50,481
20261045,1.0,1.0,0.5667862114934639,4.462111801242235,31.42206174906219,50,483
20261045,2.0,-1.0,0.03464358904294159,0.9132838283828383,-0.810832922791497,50,1616
20261045,2.0,0.0,0.09877463625499083,1.3591397849462366,5.394358991139402,50,1612
20261045,2.0,1.0,0.18233444362516632,2.46871932173137,19.932100905700214,50,1494
20261046,0.5,-1.0,0.03137126325036932,0.5307692307692308,-6.303262667180237,50,52
20261046,0.5,0.0,0.10185553027245614,0.6153846153846153,-7.636107167327038,50,52
20261046,0.5,1.0,0.8330376341078044,23.523809523809522,50.87303895060452,50,56
20261046,1.0,-1.0,0.04567683965666775,0.568689138576779,17.148112644140866,50,445
20261046,1.0,0.0,0.1324772343076469,0.9111989459815547,19.655250341399608,50,506
20261046,1.0,1.0,0.5295626087298927,4.053333333333333,37.73023271074351,50,510
20261046,2.0,-1.0,0.05762332762470376,0.903202846975089,7.675891497835868,50,1686
20261046,2.0,0.0,0.12267937116326293,1.3455974842767295,7.916430184986816,50,1696
20261046,2.0,1.0,0.2276980937902238,2.6703854875283444,25.863359184393765,50,1470
20261047,0.5,-1.0,-0.12778185823847044,0.5333333333333333,31.505349093259177,50,51
20261047,0.5,0.0,-0.110447334433423,0.5923076923076923,34.66567482821411,50,52
20261047,0.5,1.0,0.8871469394194882,20.809876543209878,78.57376831201675,50,54
20261047,1.0,-1.0,-0.002729799145068539,0.543739837398374,12.82091611943347,50,410
20261047,1.0,0.0,0.0904347645058248,0.8407017543859648,19.475145730891686,50,475
20261047,1.0,1.0,0.5884172789133927,4.729411764705882,33.004403926747315,50,476
20261047,2.0,-1.0,0.05506232252610484,0.8824934223841328,7.981831790861113,50,1647
20261047,2.0,0.0,0.12267098974564629,1.3247259439707673,12.666030048855031,50,1642
20261047,2.0,1.0,0.2320101940483525,2.5228792912513844,24.136545693438325,50,1505
20261048,0.5,-1.0,-0.08284162101720989,0.530718954248366,15.461420045626037,50,51
20261048,0.5,0.0,-0.02615473185932817,0.5830065359477123,16.392351874484017,50,51
20261048,0.5,1.0,0.7921639489073116,25.869047619047617,69.00298459351274,50,56
20261048,1.0,-1.0,0.09065228280341135,0.5633187772925764,5.095181908544941,50,458
20261048,1.0,0.0,0.19437238671468948,0.9274920634920635,14.987746617188815,50,525
20261048,1.0,1.0,0.5330742255913605,4.056114214773433,29.39909098397108,50,537
20261048,2.0,-1.0,0.07182699369066363,0.9008015640273704,4.099647454803238,50,1705
20261048,2.0,0.0,0.13202038648730302,1.3607632677400119,10.089293031246852,50,1677
20261048,2.0,1.0,0.22702419977478666,2.7316912972085383,24.114263303877134,50,1421
20261049,0.5,-1.0,0.13763150385234973,0.5157232704402516,-27.566817727884295,50,53
20261049,0.5,0.0,0.18968481001701995,0.6238993710691824,-32.05494963970112,50,53
20261049,0.5,1.0,0.920344843880789,55.92242424242424,77.72818507204607,50,55
20261049,1.0,-1.0,0.04713495677996853,0.5548387096774193,9.38611611451942,50,434
20261049,1.0,0.0,0.2009794024486538,0.9268817204301074,10.304967552423081,50,496
20261049,1.0,1.0,0.5924303980192511,4.264516129032258,33.39294625451184,50,496
20261049,2.0,-1.0,0.0428945799431739,0.8873536299765807,5.677625084236042,50,1708
20261049,2.0,0.0,0.11693883406662843,1.3314597970335675,10.732203586937773,50,1708
20261049,2.0,1.0,0.2686903472200797,2.7046448087431694,29.68279705087613,50,1464
20261050,0.5,-1.0,-0.00167234577238822,0.5359477124183006,-4.116499634900193,50,51
20261050,0.5,0.0,0.06809846611127787,0.6205128205128205,-1.1088882179001636,50,52
20261050,0.5,1.0,0.8507621826044945,36.75308641975309,59.114670963309045,50,54
20261050,1.0,-1.0,0.03772245280202366,0.5377976190476191,0.39406645222224,50,448
20261050,1.0,0.0,0.13444980874024332,0.8901808785529716,-1.388650937354442,50,516
20261050,1.0,1.0,0.5972363619281621,4.605940594059406,37.176116809384446,50,505
20261050,2.0,-1.0,0.06802901549053478,0.9059190031152649,5.306969096305591,50,1712
20261050,2.0,0.0,0.13477287913806157,1.385897435897436,8.701158790074837,50,1664
20261050,2.0,1.0,0.25291308833707454,2.7907238229093467,23.902549022862456,50,1423
20261051,0.5,-1.0,0.008513506651283894,0.5333333333333333,-1.9332837905685045,50,51
20261051,0.5,0.0,0.024101914164009103,0.5986928104575163,5.413384408273421,50,51
20261051,0.5,1.0,0.9032197871877908,47.47692307692308,87.72957543089795,50,52
20261051,1.0,-1.0,0.05522317815821287,0.5617224880382775,6.096404501455984,50,418
20261051,1.0,0.0,0.1584271551263652,0.9165333333333333,8.08590933941897,50,500
20261051,1.0,1.0,0.5588304890931454,4.637634408602151,22.770103717820948,50,496
20261051,2.0,-1.0,0.058715970854889304,0.8961888179531825,6.436091929965058,50,1723
20261051,2.0,0.0,0.1025841405905388,1.3483983692486894,9.745240914576776,50,1717
20261051,2.0,1.0,0.21736726132807555,2.7293095564700502,20.389854875686805,50,1458
20261052,0.5,-1.0,0.14257579938684964,0.5307692307692308,-32.39141686921296,50,52
20261052,0.5,0.0,0.18716778412688187,0.6461538461538461,-32.30739068530153,50,52
20261052,0.5,1.0,0.8700735428763486,54.36190476190476,72.49267092134798,50,56
20261052,1.0,-1.0,0.054439475781497014,0.5635709143268539,0.08650742545115449,50,463
20261052,1.0,0.0,0.14171765723701837,0.9459357277882797,11.896898399291409,50,529
20261052,1.0,1.0,0.5790646981348673,4.566985340981517,35.24660689688492,50,523
20261052,2.0,-1.0,0.09176024923193425,0.9313896987366376,1.7483312311844919,50,1715
20261052,2.0,0.0,0.1757529419599875,1.425379909216499,9.980674064135686,50,1689
20261052,2.0,1.0,0.288056524535941,2.8521254355400694,28.191743020680768,50,1435
20261053,0.5,-1.0,-0.08589206086098507,0.530718954248366,15.367032709181972,50,51
20261053,0.5,0.0,-0.0411481762495552,0.5948717948717949,15.387699560061765,50,52
20261053,0.5,1.0,0.8137201713555839,30.351515151515148,69.50906428673682,50,55
20261053,1.0,-1.0,0.07838998893749528,0.5531446540880504,-5.571918375838703,50,424
20261053,1.0,0.0,0.22185796524595466,0.9244444444444445,-0.6062902419511056,50,480
20261053,1.0,1.0,0.5995409303564789,4.686519114688129,34.544082961170965,50,497
20261053,2.0,-1.0,0.057726873492224315,0.9048321048321049,9.130416819992659,50,1628
20261053,2.0,0.0,0.149701652608653,1.3625694873378629,7.485417928387118,50,1619
20261053,2.0,1.0,0.27665973129240606,2.7268939393939395,25.362780496998415,50,1408
20261054,0.5,-1.0,0.10802541150069908,0.5205128205128204,-19.252413261616404,50,52
20261054,0.5,0.0,0.17451049431611737,0.6384615384615384,-6.165322455678038,50,52
20261054,0.5,1.0,0.8647949340618324,47.61509433962264,82.70922773303748,50,53
20261054,1.0,-1.0,0.011571160411790467,0.5576893052302888,5.141500463187715,50,427
20261054,1.0,0.0,0.15933040052562525,0.9165980795610426,10.767203723694363,50,486
20261054,1.0,1.0,0.5331031113837122,4.160493827160494,28.264945760925414,50,486
20261054,2.0,-1.0,0.10152682666517489,0.9047044632086851,0.355595603558862,50,1658
20261054,2.0,0.0,0.15802405432070818,1.3616112789526686,6.26476289151307,50,1655
20261054,2.0,1.0,0.29797223761165537,2.7514895613417782,21.299944741315993,50,1421
20261055,0.5,-1.0,0.044472565990169875,0.5386666666666666,-8.926868835064461,50,50
20261055,0.5,0.0,0.09260936849951815,0.6186666666666666,-8.010029345482518,50,50
20261055,0.5,1.0,0.8898864807247766,54.70326797385621,86.85726800805607,50,51
20261055,1.0,-1.0,0.06721934269566963,0.555011135857461,3.119915836361534,50,449
20261055,1.0,0.0,0.12841808283907435,0.9006747638326585,8.505771313192815,50,494
20261055,1.0,1.0,0.5413049374860369,4.334901960784314,41.535887127326966,50,510
20261055,2.0,-1.0,0.04585709933069632,0.8759922928709055,8.479460196022064,50,1730
20261055,2.0,0.0,0.12294400157411643,1.3639136462665875,15.854311683764315,50,1683
20261055,2.0,1.0,0.2857586670542236,2.826968411126827,28.327178971224047,50,1414
20261056,0.5,-1.0,0.20018357041851345,0.538562091503268,-34.536096621971126,50,51
20261056,0.5,0.0,0.24209595243867452,0.645751633986928,-34.565991100457325,50,51
20261056,0.5,1.0,0.9112871943367272,34.24654088050315,36.42900330695846,50,53
20261056,1.0,-1.0,0.05163262514395733,0.5794871794871794,8.99637187526422,50,442
20261056,1.0,0.0,0.18768932279517253,0.9778661365142478,8.3809842591809,50,503
20261056,1.0,1.0,0.570856799598491,4.776271186440678,23.2590037112705,50,472
20261056,2.0,-1.0,0.053948006586961667,0.8928250244379277,8.027523094670968,50,1705
20261056,2.0,0.0,0.09845922906858576,1.364481525625745,9.567803268535755,50,1678
20261056,2.0,1.0,0.23507385968336802,2.7327868852459014,20.741945434512857,50,1464
20261057,0.5,-1.0,0.0903278072886164,0.5386666666666666,-17.10974508022274,50,50
20261057,0.5,0.0,0.18127206347361755,0.6666666666666666,-9.160320715202335,50,51
20261057,0.5,1.0,0.8395754285193598,46.63333333333333,70.30692672027021,50,52
20261057,1.0,-1.0,0.11029771466846959,0.553191489361702,-3.6040589813300103,50,423
20261057,1.0,0.0,0.19411026694918362,0.895676429567643,-2.0164777725002883,50,478
20261057,1.0,1.0,0.6453499617228624,5.077568134171908,29.023544918091183,50,477
20261057,2.0,-1.0,0.07468133199752498,0.8851453604141777,4.1587805502790545,50,1674
20261057,2.0,0.0,0.13738624116680448,1.3094927965265444,10.440266058121365,50,1689
20261057,2.0,1.0,0.2681529805280418,2.6980338983050847,25.072847058247774,50,1475
20261058,0.5,-1.0,-0.03304023658786905,0.530718954248366,7.8038555115580674,50,51
20261058,0.5,0.0,-0.01185914058138226,0.5856209150326798,7.803263796068243,50,51
20261058,0.5,1.0,0.8495610148816327,50.130718954248366,87.93707292215113,50,51
20261058,1.0,-1.0,0.01512485684286774,0.5613420860685632,6.156483704476734,50,457
20261058,1.0,0.0,0.13510311281506532,0.921875,8.702919999163324,50,512
20261058,1.0,1.0,0.5374448697080636,4.491083676268861,49.26046154200351,50,486
20261058,2.0,-1.0,0.031196773447122912,0.8879984285994893,9.485550056703207,50,1697
20261058,2.0,0.0,0.08220713991940107,1.3179276637341153,15.011461812077032,50,1705
20261058,2.0,1.0,0.23446955710891906,2.656959706959707,26.018446007460692,50,1456
20261059,0.5,-1.0,-0.011935901383134438,0.5359999999999999,2.9324261981278266,50,50
20261059,0.5,0.0,0.01816114319429794,0.5973333333333334,3.605435195703734,50,50
20261059,0.5,1.0,0.7978974951382735,30.60848484848485,57.733437664003866,50,55
20261059,1.0,-1.0,0.05961755062430744,0.5629310344827586,8.054908837287126,50,464
20261059,1.0,0.0,0.14096113917077685,0.8898876404494381,7.256064747698474,50,534
20261059,1.0,1.0,0.5503228739220921,4.219321817018554,34.874605254049136,50,521
20261059,2.0,-1.0,0.06610520624221512,0.9082226073560562,11.361300992152234,50,1731
20261059,2.0,0.0,0.1263114406117217,1.3302415458937198,14.370540171585395,50,1725
20261059,2.0,1.0,0.23611011050046066,2.5561805101373447,25.314402488540463,50,1529
20261060,0.5,-1.0,-0.04507511862181398,0.5281045751633987,8.656580794759456,50,51
20261060,0.5,0.0,0.017968191627197098,0.617948717948718,8.722780088316359,50,52
20261060,0.5,1.0,0.8425507879070884,33.95802469135803,77.61043063641127,50,54
20261060,1.0,-1.0,0.03745235097329453,0.5579439252336448,19.245171924213807,50,428
20261060,1.0,0.0,0.16056039364046767,0.9285237140948563,24.162808222490472,50,499
20261060,1.0,1.0,0.5632327200685406,4.456082474226804,46.630079388558926,50,485
20261060,2.0,-1.0,0.04863918823020168,0.8973147587320816,4.601613070287602,50,1651
20261060,2.0,0.0,0.14021210023880545,1.389139515455305,7.177710112262482,50,1596
20261060,2.0,1.0,0.21390223162287225,2.6931232091690545,18.184563198823845,50,1396
20261061,0.5,-1.0,0.05990918303594713,0.5359999999999999,-6.960739701519686,50,50
20261061,0.5,0.0,0.08257627597280134,0.5934640522875817,2.4374579902387854,50,51
20261061,0.5,1.0,0.8959666245713221,34.341818181818184,70.59470717433395,50,55
20261061,1.0,-1.0,0.06133469586011501,0.5866666666666667,2.5561872392204834,50,450
20261061,1.0,0.0,0.1989970955068843,0.9918762088974855,8.84525125706584,50,517
20261061,1.0,1.0,0.5815092102708939,5.041699867197876,41.15205160123841,50,502
20261061,2.0,-1.0,0.06282495650607225,0.914296636085627,10.10801042062795,50,1744
20261061,2.0,0.0,0.13522788337758732,1.4086887835703004,12.631173963310884,50,1688
20261061,2.0,1.0,0.28766161669970114,2.8931671283471836,25.086653487564746,50,1444
20261062,0.5,-1.0,0.02261881783077083,0.5256410256410257,-8.43077086358274,50,52
20261062,0.5,0.0,0.09203997477174851,0.6074074074074074,-4.231574336737049,50,54
20261062,0.5,1.0,0.8674511674207883,43.95636363636364,75.11871847603892,50,55
20261062,1.0,-1.0,0.05035172346399296,0.5586854460093897,-0.6117738142432914,50,426
20261062,1.0,0.0,0.11830321330152728,0.857606490872211,10.804789526115673,50,493
20261062,1.0,1.0,0.568903310055827,4.709366391184573,37.38480348271832,50,484
20261062,2.0,-1.0,0.0409664766918845,0.8687524140594824,8.543279317702957,50,1726
20261062,2.0,0.0,0.14281757510981594,1.3589865399841647,16.356599847173158,50,1684
20261062,2.0,1.0,0.2766157327762337,2.7032480995162405,28.215879830705365,50,1447
20261063,0.5,-1.0,-0.06036177136447394,0.5281045751633987,12.304342581503183,50,51
20261063,0.5,0.0,0.019733286069504977,0.641025641025641,17.703431296656632,50,52
20261063,0.5,1.0,0.9048842602861951,48.266666666666666,102.73799802039613,50,52
20261063,1.0,-1.0,0.04612767001484598,0.566158315177923,-4.718964730687692,50,459
20261063,1.0,0.0,0.15065883118990162,0.9511627906976744,14.58632671249371,50,516
20261063,1.0,1.0,0.5548839459752527,4.7533204384268215,34.459679459446164,50,517
20261063,2.0,-1.0,0.06513989830601971,0.9293900184842883,2.1185717325533737,50,1623
20261063,2.0,0.0,0.12639464308304055,1.396994029236154,8.371836772797005,50,1619
20261063,2.0,1.0,0.2521557315765462,2.6823691460055095,26.372428407434302,50,1452
20261064,0.5,-1.0,-0.025402364949267047,0.5359477124183006,7.144169439906625,50,51
20261064,0.5,0.0,-0.012985389473501951,0.5710691823899371,13.29031581106311,50,53
20261064,0.5,1.0,0.9018758354733426,26.49056603773585,65.69667481133786,50,53
20261064,1.0,-1.0,0.04524691989875988,0.5624129930394431,-5.527411279821328,50,431
20261064,1.0,0.0,0.10788709937267062,0.8955509924709104,-0.9962083429685036,50,487
20261064,1.0,1.0,0.543446192989624,4.114406779661016,25.322173489875986,50,472
20261064,2.0,-1.0,0.05291272169277582,0.8835492736552807,5.245064932055507,50,1698
20261064,2.0,0.0,0.11802814061441966,1.3306508875739644,8.80279975811785,50,1690
20261064,2.0,1.0,0.23724902135921228,2.711715386358486,21.72290839625823,50,1471
20261065,0.5,-1.0,-0.16699538965058772,0.530718954248366,26.62020120821366,50,51
20261065,0.5,0.0,-0.09187242998300357,0.6592592592592593,28.021670896793854,50,54
20261065,0.5,1.0,0.8988341047264676,41.10643274853801,107.83470132678174,50,57
20261065,1.0,-1.0,0.007904342845781582,0.5298412698412699,-3.8364568934589607,50,420
20261065,1.0,0.0,0.13575198459782276,0.8554428668018931,10.66428339051754,50,493
20261065,1.0,1.0,0.5481513723174101,4.340896358543417,34.000973769194495,50,476
20261065,2.0,-1.0,0.07587960332947445,0.8784630163304515,2.7148112041532584,50,1735
20261065,2.0,0.0,0.13240634177955518,1.3135688091102105,7.053926972885924,50,1727
20261065,2.0,1.0,0.2726699488829881,2.65091649694501,20.066231449479577,50,1473
20261066,0.5,-1.0,-0.07306178779314708,0.5256410256410257,15.270418028521004,50,52
20261066,0.5,0.0,-0.047472994608625765,0.6,15.983882377690742,50,52
20261066,0.5,1.0,0.8564657604018328,29.40880503144654,80.92892533478634,50,53
20261066,1.0,-1.0,0.001939157900123331,0.5597101449275362,17.728973451167292,50,460
20261066,1.0,0.0,0.06452251050857662,0.861440407903123,20.203790133966198,50,523
20261066,1.0,1.0,0.5287133040697207,4.161669829222011,49.456736982884166,50,527
20261066,2.0,-1.0,0.06036198004045005,0.8913409961685823,6.583783311751273,50,1740
20261066,2.0,0.0,0.15680346458135513,1.3951529598728645,14.341609189311281,50,1678
20261066,2.0,1.0,0.2733443469638577,2.7837150127226464,23.00625028652903,50,1441
20261067,0.5,-1.0,0.050112186206919825,0.5308176100628931,-2.8124644031750154,50,53
20261067,0.5,0.0,0.10910928019191149,0.6444444444444444,-2.920517947236109,50,54
20261067,0.5,1.0,0.8236413866890666,36.740476190476194,55.99645499821108,50,56
20261067,1.0,-1.0,0.09459739901950225,0.5903830480847596,1.2807825705252656,50,409
20261067,1.0,0.0,0.19700191613918017,0.9624649859943978,10.698916618188742,50,476
20261067,1.0,1.0,0.6180822757084594,5.361823361823362,41.89512856825418,50,468
20261067,2.0,-1.0,0.08141629853495826,0.897973778307509,6.909747847891023,50,1678
20261067,2.0,0.0,0.14466140733913216,1.364990914597214,11.197703823589825,50,1651
20261067,2.0,1.0,0.24453261313924474,2.6115882753919566,26.87595398949619,50,1467
20261068,0.5,-1.0,-0.10186224193384542,0.5281045751633987,16.17539518806862,50,51
20261068,0.5,0.0,-0.07939612751264245,0.5615384615384615,17.926349580811532,50,52
20261068,0.5,1.0,0.8200840975920176,21.849056603773587,58.78449184739057,50,53
20261068,1.0,-1.0,0.04264807288457988,0.5644133644133643,-5.8363965316377895,50,429
20261068,1.0,0.0,0.11014584959581185,0.8762677484787018,3.3642846641579003,50,493
20261068,1.0,1.0,0.5781018471500879,4.829752066115702,40.32587664332595,50,484
20261068,2.0,-1.0,0.05915944732086728,0.8949326999208234,6.446503913656131,50,1684
20261068,2.0,0.0,0.14869860115785852,1.3512185297079558,13.946859641403984,50,1655
20261068,2.0,1.0,0.2540856631326823,2.696388888888889,25.93058526051037,50,1440
20261069,0.5,-1.0,-0.03535947662449564,0.5413333333333332,6.192103100453087,50,50
20261069,0.5,0.0,0.013606308836110125,0.6186666666666666,6.733855889242609,50,50
20261069,0.5,1.0,0.8763912305247422,38.11503267973856,78.77136887965315,50,51
20261069,1.0,-1.0,0.026657237913410736,0.5583935742971887,4.378501739852972,50,415
20261069,1.0,0.0,0.17576610229798403,0.9116736990154712,2.8427782617782267,50,474
20261069,1.0,1.0,0.5732049122850219,4.673122807017545,32.72968799593752,50,475
20261069,2.0,-1.0,0.057932323020001716,0.8880503144654087,5.705786304185402,50,1696
20261069,2.0,0.0,0.11764125226941738,1.3421095008051531,12.048703310033702,50,1656
20261069,2.0,1.0,0.25913942227103226,2.667775467775468,24.324318220049605,50,1443
20261070,0.5,-1.0,-0.10326906663922582,0.5254901960784314,17.510423180328882,50,51
20261070,0.5,0.0,-0.07788986644756515,0.5530864197530864,17.085222158827754,50,54
20261070,0.5,1.0,0.8850843456304962,23.5719298245614,70.99058165042999,50,57
20261070,1.0,-1.0,0.0166050173690889,0.5580594679186228,0.9058440234011613,50,426
20261070,1.0,0.0,0.11296377771577575,0.892904953145917,13.175303124408567,50,498
20261070,1.0,1.0,0.5307761595657114,4.346012269938651,36.07871354161693,50,489
20261070,2.0,-1.0,0.03029978236065393,0.8880220646178093,3.3430126605816093,50,1692
20261070,2.0,0.0,0.09175083122277906,1.3530744336569578,9.346733818431284,50,1648
20261070,2.0,1.0,0.22327716928171645,2.7704130643611915,27.05843709478878,50,1388
20261071,0.5,-1.0,0.014905279725225467,0.530718954248366,-3.4543229280457366,50,51
20261071,0.5,0.0,0.04305052411431665,0.5986928104575163,-1.4264408094390786,50,51
20261071,0.5,1.0,0.9045826318102442,45.11025641025641,79.38176798055024,50,52
20261071,1.0,-1.0,0.02453168031162083,0.5407948094079481,-13.19218005870527,50,411
20261071,1.0,0.0,0.13390264292104662,0.8655367231638418,-1.1434213866252905,50,472
20261071,1.0,1.0,0.525781653708591,4.371649122807018,28.081452681997952,50,475
20261071,2.0,-1.0,0.08045503044646501,0.8867138364779874,5.894990799838705,50,1696
20261071,2.0,0.0,0.12604207126273556,1.337563650607129,12.371761055103045,50,1702
20261071,2.0,1.0,0.2514652472422657,2.715117891816921,29.34933835020568,50,1442
20261072,0.5,-1.0,-0.17596102857383852,0.5256410256410257,40.044617558306456,50,52
20261072,0.5,0.0,-0.13617678321225468,0.5871794871794872,40.05771632984865,50,52
20261072,0.5,1.0,0.8544183061478048,24.516363636363636,92.79537508368081,50,55
20261072,1.0,-1.0,0.022749601840565955,0.5355502771179731,3.579403816308236,50,421
20261072,1.0,0.0,0.1254203000473813,0.8457751164337991,8.282569015464377,50,501
20261072,1.0,1.0,0.5583263406074697,4.49643605870021,18.994282437968145,50,477
20261072,2.0,-1.0,0.07184105159751249,0.8860965677719603,7.454567438890344,50,1719
20261072,2.0,0.0,0.11740285587989326,1.3500394011032308,9.019005704084774,50,1692
20261072,2.0,1.0,0.21568089037504862,2.6556466302367943,23.29489899810333,50,1464
20261073,0.5,-1.0,-0.014301951869303196,0.5132075471698113,8.307987797056782,50,53
20261073,0.5,0.0,-0.022258248699082748,0.543030303030303,8.30272557392829,50,55
20261073,0.5,1.0,0.838122761515196,29.762424242424242,57.07738705468363,50,55
20261073,1.0,-1.0,0.047838813590762516,0.5731726907630522,4.923048594482023,50,415
20261073,1.0,0.0,0.1603978801657595,0.9355789473684211,8.490877142177656,50,475
20261073,1.0,1.0,0.5594792791890676,4.199608610567514,44.033512178710296,50,511
20261073,2.0,-1.0,0.05298455380629717,0.8755348113574485,5.624347495267577,50,1714
20261073,2.0,0.0,0.11018131621139515,1.328260007927071,10.156503293896,50,1682
20261073,2.0,1.0,0.24410548249157069,2.6726945569050833,24.46173839188559,50,1482
20261074,0.5,-1.0,-0.04216483869711076,0.5333333333333333,2.906464371296263,50,51
20261074,0.5,0.0,-0.04960861791649004,0.6012578616352201,2.9010876808440673,50,53
20261074,0.5,1.0,0.8010479958583419,31.348148148148148,62.818182446123345,50,54
20261074,1.0,-1.0,0.041545439408700355,0.57169373549884,13.095728225519556,50,431
20261074,1.0,0.0,0.13111360924432744,0.8646864686468647,17.808705871157766,50,505
20261074,1.0,1.0,0.551936480893318,4.295800524934383,39.93041974885419,50,508
20261074,2.0,-1.0,0.05622155784205945,0.89852648347272,2.2667939142165814,50,1674
20261074,2.0,0.0,0.1529186748058841,1.3455332546241638,10.469924969953412,50,1694
20261074,2.0,1.0,0.28820737331552115,2.8337975858867224,28.140858882464872,50,1436
20261075,0.5,-1.0,-0.04288001292396134,0.5282051282051282,5.346329897342446,50,52
20261075,0.5,0.0,-0.0014725183319782733,0.5937106918238994,12.908957218125224,50,53
20261075,0.5,1.0,0.76156615360061,25.264197530864198,56.170755018442854,50,54
20261075,1.0,-1.0,0.04916499280957179,0.5691629955947136,10.043104158831317,50,454
20261075,1.0,0.0,0.18621843983810352,0.9513372472276581,7.30418973108555,50,511
20261075,1.0,1.0,0.6199877887662395,4.8882666666666665,33.990278951659754,50,500
20261075,2.0,-1.0,0.07926368771109342,0.9015503875968992,13.686725320483625,50,1720
20261075,2.0,0.0,0.1500009260529725,1.3654984423676013,9.774904542873724,50,1712
20261075,2.0,1.0,0.24696246287174575,2.722648401826484,26.551144806999012,50,1460
20261076,0.5,-1.0,0.07513515453130759,0.5333333333333333,-16.969028978098233,50,51
20261076,0.5,0.0,0.1537459242661653,0.6562091503267974,-16.846671999096785,50,51
20261076,0.5,1.0,0.8959285017108509,41.39151515151515,87.58680339547932,50,55
20261076,1.0,-1.0,0.07951851026590016,0.5931972789115646,-0.2946486302252028,50,441
20261076,1.0,0.0,0.16634511289619305,0.9228607918263091,7.999499932623621,50,522
20261076,1.0,1.0,0.5861093953284916,4.778976486860304,37.74396655741078,50,482
20261076,2.0,-1.0,0.09167069525644415,0.9126614987080103,1.7394808768498466,50,1677
20261076,2.0,0.0,0.14215438379179643,1.384460547504026,10.17741880426461,50,1656
20261076,2.0,1.0,0.26553640659829975,2.7317027719543443,25.32303195138124,50,1431
20261077,0.5,-1.0,0.035630991084004325,0.5358974358974359,5.214289999653816,50,52
20261077,0.5,0.0,0.13651897375548325,0.7044025157232704,13.130053088656563,50,53
20261077,0.5,1.0,0.8512635541442789,47.71069182389937,86.60967433900271,50,53
20261077,1.0,-1.0,-0.0180576736194236,0.5724741447891807,3.334838428816027,50,419
20261077,1.0,0.0,0.11249363735087511,0.9294845360824743,15.015189204035288,50,485
20261077,1.0,1.0,0.5428805987116534,4.116266666666666,43.7247898947209,50,500
20261077,2.0,-1.0,0.05232304328787548,0.9060551196942265,4.41414628022089,50,1657
20261077,2.0,0.0,0.14633172633174774,1.357487922705314,11.60135817707385,50,1656
20261077,2.0,1.0,0.2651291227520354,2.715321637426901,23.932876220198963,50,1425
20261078,0.5,-1.0,-0.16298353118870818,0.5182389937106918,32.774695841691596,50,53
20261078,0.5,0.0,-0.12859819075534665,0.5836477987421383,32.74930951481795,50,53
20261078,0.5,1.0,0.8613646491749882,33.06909090909091,98.15158033032684,50,55
20261078,1.0,-1.0,0.02789065522958208,0.5679343773303506,8.012872957077805,50,447
20261078,1.0,0.0,0.13502799802427842,0.8990920881971466,17.810919870430986,50,514
20261078,1.0,1.0,0.5136496657060005,4.423664122137405,27.12555967918839,50,524
20261078,2.0,-1.0,0.0530212921169776,0.921123913482919,8.26578883864196,50,1649
20261078,2.0,0.0,0.14184654193479407,1.378235412881082,12.12971350753169,50,1651
20261078,2.0,1.0,0.23692807408873312,2.646785225718194,21.07753419232456,50,1462
20261079,0.5,-1.0,-0.10288499162982005,0.5333333333333333,21.32892062000541,50,50
20261079,0.5,0.0,-0.07039078565380298,0.6,26.10955632627426,50,50
20261079,0.5,1.0,0.8403102670729315,26.90344827586207,85.54542487907027,50,58
20261079,1.0,-1.0,0.03678108310579125,0.5576954732510288,-3.564904768380752,50,405
20261079,1.0,0.0,0.12288336150860495,0.8980972515856237,6.805310943142822,50,473
20261079,1.0,1.0,0.5797634098879019,4.547037830121342,33.70676758333184,50,467
20261079,2.0,-1.0,0.06392263648196726,0.8912322274881517,6.337721357974269,50,1688
20261079,2.0,0.0,0.13796649668734845,1.323474178403756,10.228571694899053,50,1704
20261079,2.0,1.0,0.22949922665381348,2.5910056497175145,24.13154951548812,50,1475
20261080,0.5,-1.0,0.10597939190993758,0.5359999999999999,-17.21549929462956,50,50
20261080,0.5,0.0,0.13720262534970498,0.5673202614379085,-16.21496716386201,50,51
20261080,0.5,1.0,0.9062701888387581,54.25128205128205,81.98817968023583,50,52
20261080,1.0,-1.0,0.033656528898712915,0.5663522012578617,-14.817097841978018,50,424
20261080,1.0,0.0,0.18180674660954235,0.9443548387096774,-7.7960795182821405,50,496
20261080,1.0,1.0,0.5791599496251525,4.759645535105658,19.48034624887582,50,489
20261080,2.0,-1.0,0.07810009556747623,0.9081166272655634,1.642768057355054,50,1692
20261080,2.0,0.0,0.1598453131711033,1.3843090402230187,8.317522456157622,50,1674
20261080,2.0,1.0,0.24458071633412146,2.752968352968353,27.038132474406797,50,1443
20261081,0.5,-1.0,0.14779907363738626,0.5281045751633987,-30.21093140936128,50,51
20261081,0.5,0.0,0.2072068524654316,0.5915151515151515,-31.373956765125357,50,55
20261081,0.5,1.0,0.8953855615171206,51.49575757575757,68.00255327485546,50,55
20261081,1.0,-1.0,0.05979771828528199,0.5592417061611374,-7.949453618086356,50,422
20261081,1.0,0.0,0.18220916205495885,0.9165991902834009,-7.244753103158736,50,494
20261081,1.0,1.0,0.627863483119307,5.162611683848797,31.785992626945944,50,485
20261081,2.0,-1.0,0.0835468707270758,0.9014073180538801,4.605550853508617,50,1658
20261081,2.0,0.0,0.1388111221111922,1.333092514549468,7.862800184991137,50,1661
20261081,2.0,1.0,0.26976314577986266,2.7040036604895903,25.939196515551135,50,1457
20261082,0.5,-1.0,0.03344302874020911,0.5256410256410257,-2.2921011758844405,50,52
20261082,0.5,0.0,0.17928159549857597,0.6814814814814815,-5.303590049693707,50,54
20261082,0.5,1.0,0.8526301163749676,53.01383647798742,85.09905035736094,50,53
20261082,1.0,-1.0,0.03116611564169454,0.5707390648567119,-6.472260439947807,50,442
20261082,1.0,0.0,0.19894903448996495,0.9931488801054018,6.973253358465149,50,506
20261082,1.0,1.0,0.5571110693160628,4.351676154332701,32.001613437692576,50,527
20261082,2.0,-1.0,0.06051619445351524,0.9166765813999603,7.657021019627644,50,1681
20261082,2.0,0.0,0.12820579255195566,1.3853875733657155,8.070181212828185,50,1647
20261082,2.0,1.0,0.27378492641350605,2.785394581861013,24.817407401413078,50,1415
20261083,0.5,-1.0,-0.07739697803467142,0.5386666666666666,13.722669289450348,50,50
20261083,0.5,0.0,-0.005816815110746603,0.6293333333333333,13.784817994078917,50,50
20261083,0.5,1.0,0.8704326791698489,36.42933333333334,83.22669081330717,50,50
20261083,1.0,-1.0,0.002119038103060941,0.5480149812734082,3.033947776984761,50,445
20261083,1.0,0.0,0.16008934297391883,0.9072856221792392,8.671600566449818,50,517
20261083,1.0,1.0,0.5601526455204381,4.185620915032679,42.23842553180147,50,510
20261083,2.0,-1.0,0.05552112016769392,0.9051342812006319,10.834111424378314,50,1688
20261083,2.0,0.0,0.11431540985212713,1.3827931172468988,12.658706128952469,50,1666
20261083,2.0,1.0,0.26450733392335474,2.834578341555086,26.125919103526588,50,1419
20261084,0.5,-1.0,-0.1674133929472668,0.5333333333333333,32.377950491360714,50,50
20261084,0.5,0.0,-0.09595545834596142,0.6076923076923076,32.43813476554663,50,52
20261084,0.5,1.0,0.9030331927301332,27.046913580246912,85.84931437740613,50,54
20261084,1.0,-1.0,0.041467232974364165,0.5811965811965811,-6.442328903762866,50,429
20261084,1.0,0.0,0.13925166492701868,0.9228915662650602,-1.4834692400536613,50,498
20261084,1.0,1.0,0.5689493566099875,4.816087252897068,32.29086839018048,50,489
20261084,2.0,-1.0,0.0562647818465697,0.8860018993352327,9.217579625728371,50,1755
20261084,2.0,0.0,0.1345588727803906,1.3528715893913374,6.524538211494164,50,1747
20261084,2.0,1.0,0.2458698057237579,2.7511348464619494,26.942192234993037,50,1498
20261085,0.5,-1.0,-0.04735452319656627,0.5359999999999999,10.351419396095384,50,50
20261085,0.5,0.0,0.04498299205160073,0.6307692307692307,10.234594349043807,50,52
20261085,0.5,1.0,0.876009218160117,34.41025641025641,82.28156537421528,50,52
20261085,1.0,-1.0,0.04867682296358359,0.5892568064753495,-7.84189311352559,50,453
20261085,1.0,0.0,0.10482484003843015,0.918019801980198,2.3540578644311476,50,505
20261085,1.0,1.0,0.5416329791948934,4.352324819908317,31.657293229221636,50,509
20261085,2.0,-1.0,0.06254178247368075,0.900747556066705,9.90135516560216,50,1739
20261085,2.0,0.0,0.14905376655896285,1.3606837606837605,11.91221707809626,50,1716
20261085,2.0,1.0,0.27033022287894654,2.6943078626799557,29.444790484518713,50,1505
20261086,0.5,-1.0,0.15822557030311246,0.530718954248366,-21.106516211353306,50,51
20261086,0.5,0.0,0.1839918678611964,0.608805031446541,-14.02649195160195,50,53
20261086,0.5,1.0,0.8412135168554348,42.84197530864198,52.63968477615826,50,54
20261086,1.0,-1.0,0.05945783992691354,0.5809290953545233,1.9118099416758978,50,409
20261086,1.0,0.0,0.19188539848824818,0.9346883468834688,4.555538538869229,50,492
20261086,1.0,1.0,0.5699390897720599,4.679776847977684,31.133242883893644,50,478
20261086,2.0,-1.0,0.06650096928602674,0.8972951936174353,2.8162103264678398,50,1713
20261086,2.0,0.0,0.12312017297601446,1.3462085308056873,6.720755652138105,50,1688
20261086,2.0,1.0,0.26409413808851645,2.6323784143904065,23.70128091350947,50,1501
20261087,0.5,-1.0,0.06665213973123008,0.538562091503268,-11.200682422700098,50,51
20261087,0.5,0.0,0.09824933048697514,0.617948717948718,-5.999644261116621,50,52
20261087,0.5,1.0,0.8932998387304335,53.14424242424242,90.91128480352148,50,55
20261087,1.0,-1.0,0.023209229987746285,0.5878658101356175,6.901150010569679,50,467
20261087,1.0,0.0,0.11792842060531214,0.9108225108225109,6.444341090350115,50,539
20261087,1.0,1.0,0.5341426585833655,4.238676844783715,31.6550203864405,50,524
20261087,2.0,-1.0,0.056085502869105665,0.9063084112149532,7.098308925510148,50,1712
20261087,2.0,0.0,0.1349022216655008,1.3584518167456556,11.318139683121268,50,1688
20261087,2.0,1.0,0.25917578864051727,2.756769055745165,32.26752117453187,50,1465
20261088,0.5,-1.0,0.007713684427779555,0.5359477124183006,-1.0401461767747504,50,51
20261088,0.5,0.0,0.09164203440697309,0.645751633986928,1.0705507055991246,50,51
20261088,0.5,1.0,0.8454033651381155,41.257861635220124,76.08407262418197,50,53
20261088,1.0,-1.0,0.03261521995797138,0.56548463356974,11.754081289248711,50,423
20261088,1.0,0.0,0.16762911498701838,0.903973063973064,0.7506114704395387,50,495
20261088,1.0,1.0,0.5236718799025127,4.423685961410512,45.01108814020635,50,501
20261088,2.0,-1.0,0.06810019137962652,0.9017133956386293,2.7820963654603075,50,1712
20261088,2.0,0.0,0.10529241827076634,1.3702246074339097,6.530217224066952,50,1677
20261088,2.0,1.0,0.2008666282717035,2.693937314115763,17.206995659949676,50,1457
20261089,0.5,-1.0,0.08284449569816468,0.5333333333333333,-16.44739387927561,50,50
20261089,0.5,0.0,0.1595270460168611,0.6453333333333333,-17.66375502835892,50,50
20261089,0.5,1.0,0.8602589363805508,36.36923076923077,45.56225953696262,50,52
20261089,1.0,-1.0,-0.0008746352179671578,0.5488441461595824,-0.04559090391296877,50,447
20261089,1.0,0.0,0.1264949319721057,0.931742876076872,11.284326270178065,50,503
20261089,1.0,1.0,0.5308953629941784,4.264516129032258,29.598635717934616,50,496
20261089,2.0,-1.0,0.07734291215137228,0.8842512077294685,6.810447285933696,50,1725
20261089,2.0,0.0,0.1456514048392811,1.3549763033175355,8.076486659303367,50,1688
20261089,2.0,1.0,0.2485228502390219,2.7516784869976356,26.55042167784252,50,1410
20261090,0.5,-1.0,-0.05544978791544594,0.5333333333333333,10.015893124365235,50,52
20261090,0.5,0.0,0.11413688459793789,0.741025641025641,16.815546773937218,50,52
20261090,0.5,1.0,0.8573829607118223,28.335897435897436,75.99943961216219,50,52
20261090,1.0,-1.0,0.03430961657896193,0.5466666666666666,-10.275601342839002,50,430
20261090,1.0,0.0,0.16090111486101866,0.9534540576794098,-1.8340031052666734,50,497
20261090,1.0,1.0,0.5603579180999668,4.62989417989418,27.69117381397199,50,504
20261090,2.0,-1.0,0.07662485145278489,0.9184506773516504,-1.2974203399209137,50,1747
20261090,2.0,0.0,0.13833881034153064,1.3714615829000578,8.559930226345594,50,1731
20261090,2.0,1.0,0.2575830521783434,2.799541494727189,22.35939362543877,50,1454
20261091,0.5,-1.0,0.011780858888793698,0.5257861635220126,1.4204015250969382,50,53
20261091,0.5,0.0,0.11006144263082421,0.6593939393939394,3.131601982010865,50,55
20261091,0.5,1.0,0.8615122135078676,38.32380952380952,84.11687492636797,50,56
20261091,1.0,-1.0,0.05034550286815409,0.5835257890685142,12.826317711914314,50,433
20261091,1.0,0.0,0.13056771607750486,0.87984496124031,15.624313129217315,50,516
20261091,1.0,1.0,0.5836612270572255,4.8115032679738565,42.23630949329997,50,510
20261091,2.0,-1.0,0.05540995473471536,0.9031699153376649,3.82899461007566,50,1693
20261091,2.0,0.0,0.10548502243697447,1.341301775147929,11.940782872550125,50,1690
20261091,2.0,1.0,0.2498353397845473,2.745525649873476,26.373819252009838,50,1449
20261092,0.5,-1.0,0.008036088505420008,0.5413333333333332,-3.706475460303418,50,50
20261092,0.5,0.0,0.01231475756867417,0.6039215686274509,-1.9912485395195636,50,51
20261092,0.5,1.0,0.8677116852139427,49.97987421383648,84.3930921723688,50,53
20261092,1.0,-1.0,0.05149529771056754,0.5505376344086022,-11.824419935405585,50,403
20261092,1.0,0.0,0.16034819332368916,0.9199709513435003,13.206401757341466,50,459
20261092,1.0,1.0,0.5656125386563667,4.8235294117647065,35.87052644525746,50,442
20261092,2.0,-1.0,0.07303394726003905,0.8683720007931787,1.5809263745514803,50,1681
20261092,2.0,0.0,0.13229495474565178,1.321402660217654,6.591669559126987,50,1654
20261092,2.0,1.0,0.27345769541340037,2.771794871794872,25.543010716655214,50,1404
20261093,0.5,-1.0,-0.05607604831324565,0.5307692307692308,12.093644544283404,50,52
20261093,0.5,0.0,-0.014030484393508838,0.5696969696969697,11.378588511993426,50,55
20261093,0.5,1.0,0.872337975675463,32.404848484848486,77.15028984946582,50,55
20261093,1.0,-1.0,0.0308495551657227,0.5416282642089094,1.9188703155939726,50,434
20261093,1.0,0.0,0.19013465498108842,0.8952380952380953,-5.898720000076337,50,504
20261093,1.0,1.0,0.639920014070953,5.307117688513037,43.33190397374352,50,473
20261093,2.0,-1.0,0.05877280238667984,0.9019108280254776,1.7183033672634789,50,1727
20261093,2.0,0.0,0.12575896569811487,1.3801376597836774,12.387310241742547,50,1695
20261093,2.0,1.0,0.22153881066238543,2.7342003194159252,20.374900308806367,50,1461
20261094,0.5,-1.0,0.04650423308504761,0.5359999999999999,-14.588389490081664,50,50
20261094,0.5,0.0,0.10952496036132256,0.6196078431372549,-18.159937092865512,50,51
20261094,0.5,1.0,0.8688993073718997,40.75393939393939,71.51712713555229,50,55
20261094,1.0,-1.0,0.05374690850979097,0.5682326621923938,2.564033596938353,50,447
20261094,1.0,0.0,0.13879131724417293,0.876116504854369,9.866463769815828,50,515
20261094,1.0,1.0,0.5968710500072341,4.479594423320659,38.843573328006165,50,526
20261094,2.0,-1.0,0.04499131533957356,0.891089108910891,3.7087283446519232,50,1717
20261094,2.0,0.0,0.10844028995256565,1.315664526172407,9.33336282919321,50,1713
20261094,2.0,1.0,0.24785099408784964,2.689194139194139,25.628975516036306,50,1456
20261095,0.5,-1.0,0.18447415718798454,0.530718954248366,-32.06583976948953,50,51
20261095,0.5,0.0,0.1969535512575512,0.608805031446541,-25.7654383817908,50,53
20261095,0.5,1.0,0.8689245185345277,54.528395061728396,67.4706179006986,50,54
20261095,1.0,-1.0,0.04979434791305627,0.5578865578865579,-9.291798870869275,50,429
20261095,1.0,0.0,0.15386295715740664,0.9314439946018893,1.2711806713419604,50,494
20261095,1.0,1.0,0.5560900659362407,4.537440109514032,26.847864525686486,50,487
20261095,2.0,-1.0,0.06274801575440257,0.8972142170989433,-0.9958146555925694,50,1735
20261095,2.0,0.0,0.13841874374720908,1.366802562609202,4.625130514642759,50,1717
20261095,2.0,1.0,0.26143407075759995,2.7461012311901505,23.100840899072566,50,1462
20261096,0.5,-1.0,-0.020915509969702255,0.5256410256410257,1.0398087461271266,50,52
20261096,0.5,0.0,0.02120658643835337,0.6076923076923076,2.8379850278762695,50,52
20261096,0.5,1.0,0.8695902355828239,31.986928104575163,55.1013093511791,50,51
20261096,1.0,-1.0,0.02177489384760448,0.5459176029962547,-4.719816053372324,50,445
20261096,1.0,0.0,0.14272272287799445,0.9073859987154784,8.392059514486526,50,519
20261096,1.0,1.0,0.5709761834478179,4.485549132947977,50.56415246604486,50,519
20261096,2.0,-1.0,0.07294645150126158,0.9048671708357572,3.056690149033687,50,1719
20261096,2.0,0.0,0.1380930683330729,1.3454053008318823,12.864822988212381,50,1723
20261096,2.0,1.0,0.2277649215670366,2.6716279069767443,27.74502443928431,50,1505
20261097,0.5,-1.0,-0.0849180257953326,0.5333333333333333,17.9303408314125,50,51
20261097,0.5,0.0,-0.05187320764149083,0.5769230769230769,19.075221447000168,50,52
20261097,0.5,1.0,0.7868033879971017,23.25090909090909,55.13353314892054,50,55
20261097,1.0,-1.0,0.049484978092013764,0.5730829420970267,4.630858229491073,50,426
20261097,1.0,0.0,0.2069365204327554,0.9695978186775732,3.690041436395096,50,489
20261097,1.0,1.0,0.5021165585911054,3.798263193052772,30.377128073132944,50,499
20261097,2.0,-1.0,0.07417280087609293,0.911138014527845,2.1771575118196456,50,1652
20261097,2.0,0.0,0.11338830253874466,1.3446464646464644,12.964305791692547,50,1650
20261097,2.0,1.0,0.2527237826874783,2.710267229254571,20.963912688479176,50,1422
20261098,0.5,-1.0,-0.11891360515807868,0.5333333333333333,20.591631894371876,50,51
20261098,0.5,0.0,-0.06844731481478886,0.6051282051282051,18.295937816779926,50,52
20261098,0.5,1.0,0.8886603925708445,32.02962962962963,95.9446531660228,50,54
20261098,1.0,-1.0,0.010934334474400273,0.59584229390681,6.416692538084727,50,465
20261098,1.0,0.0,0.11803480512524259,0.9621966794380588,15.487603983308246,50,522
20261098,1.0,1.0,0.50709566577097,4.5542268041237115,38.39427933801526,50,485
20261098,2.0,-1.0,0.049883354738093154,0.916146752991956,6.268492546780335,50,1699
20261098,2.0,0.0,0.13309316408959004,1.3871948779511805,9.266357135059355,50,1666
20261098,2.0,1.0,0.25507577010627236,2.7303344867358708,24.425400780704404,50,1445
20261099,0.5,-1.0,0.0027244651871510327,0.5333333333333333,5.3082189359805385,50,52
20261099,0.5,0.0,0.0774370892423882,0.6794871794871794,17.355796883131003,50,52
20261099,0.5,1.0,0.8364817591617547,46.10864197530864,90.55743643413503,50,54
20261099,1.0,-1.0,0.0634017240696374,0.5891067538126362,-2.0847980026067834,50,459
20261099,1.0,0.0,0.19929920700374154,1.0173308032890576,2.078013777603126,50,527
20261099,1.0,1.0,0.576971147011842,4.87138304652645,36.626383560810524,50,523
20261099,2.0,-1.0,0.06351279518024551,0.9233725490196079,11.242216912633705,50,1700
20261099,2.0,0.0,0.13458234169976863,1.3977482911137917,12.737257225668543,50,1658
20261099,2.0,1.0,0.25899552916629326,2.840596167494677,28.640628262252136,50,1409
20261100,0.5,-1.0,-0.010008891567293367,0.5256410256410257,2.664962662455969,50,52
20261100,0.5,0.0,0.061462310744704735,0.6435897435897435,10.275168462658945,50,52
20261100,0.5,1.0,0.8720130071635696,31.325641025641023,70.32795936514381,50,52
20261100,1.0,-1.0,0.013207178512768253,0.5778816199376946,25.18690909460521,50,428
20261100,1.0,0.0,0.11574657311028558,0.9013112491373361,16.981520387076806,50,483
20261100,1.0,1.0,0.5593369911137267,4.400271554650374,39.35143222422418,50,491
20261100,2.0,-1.0,0.058505770488374687,0.8782336850332161,3.8148854961519643,50,1706
20261100,2.0,0.0,0.13512842461955668,1.314821323960164,10.084471471153684,50,1707
20261100,2.0,1.0,0.2498738824208677,2.6609890109890113,26.83374665077837,50,1456
