task_seed,delay,arm,train_episodes,test_episodes,accuracy,cross_entropy
100,4,ELIGIBILITY_TRACE,500,250,0.408,1.3460428700203309
100,4,NO_TRACE,500,250,0.408,1.3472155094398517
100,4,BPTT,500,250,0.408,1.3461813197602355
100,16,ELIGIBILITY_TRACE,500,250,0.344,1.3748165094779299
100,16,NO_TRACE,500,250,0.348,1.3753352389109677
100,16,BPTT,500,250,0.344,1.3748854157815362
100,64,ELIGIBILITY_TRACE,500,250,0.252,1.3863220883159593
100,64,NO_TRACE,500,250,0.272,1.3850909293587628
100,64,BPTT,500,250,0.26,1.3857805062882045
101,4,ELIGIBILITY_TRACE,500,250,0.54,1.340360507985422
101,4,NO_TRACE,500,250,0.512,1.341805623787236
101,4,BPTT,500,250,0.532,1.3404864160961765
101,16,ELIGIBILITY_TRACE,500,250,0.24,1.3889547642770494
101,16,NO_TRACE,500,250,0.24,1.389288545731914
101,16,BPTT,500,250,0.24,1.3884173956950099
101,64,ELIGIBILITY_TRACE,500,250,0.272,1.3854267028506042
101,64,NO_TRACE,500,250,0.268,1.3840461230433105
101,64,BPTT,500,250,0.276,1.3852009962457024
102,4,ELIGIBILITY_TRACE,500,250,0.26,1.3609589975213212
102,4,NO_TRACE,500,250,0.26,1.3616461292215436
102,4,BPTT,500,250,0.26,1.3610834904844626
102,16,ELIGIBILITY_TRACE,500,250,0.324,1.3759492902232588
102,16,NO_TRACE,500,250,0.328,1.3762445791381828
102,16,BPTT,500,250,0.328,1.375984468618323
102,64,ELIGIBILITY_TRACE,500,250,0.276,1.385787951621298
102,64,NO_TRACE,500,250,0.276,1.3857141993111655
102,64,BPTT,500,250,0.276,1.3856455270176813
103,4,ELIGIBILITY_TRACE,500,250,0.4,1.3644121553901147
103,4,NO_TRACE,500,250,0.4,1.36504809669927
103,4,BPTT,500,250,0.4,1.3645129734976784
103,16,ELIGIBILITY_TRACE,500,250,0.244,1.382369229895922
103,16,NO_TRACE,500,250,0.252,1.3824033701527774
103,16,BPTT,500,250,0.244,1.382320487204389
103,64,ELIGIBILITY_TRACE,500,250,0.308,1.3788465060775488
103,64,NO_TRACE,500,250,0.308,1.3790742603569721
103,64,BPTT,500,250,0.308,1.378962088322804
104,4,ELIGIBILITY_TRACE,500,250,0.268,1.356845446841945
104,4,NO_TRACE,500,250,0.268,1.3578641118085037
104,4,BPTT,500,250,0.268,1.3569768406742173
104,16,ELIGIBILITY_TRACE,500,250,0.3,1.3790223457458268
104,16,NO_TRACE,500,250,0.296,1.3793676845967866
104,16,BPTT,500,250,0.3,1.3790148588985875
104,64,ELIGIBILITY_TRACE,500,250,0.292,1.3847524586666464
104,64,NO_TRACE,500,250,0.308,1.3848323158428704
104,64,BPTT,500,250,0.308,1.3848950317829383
105,4,ELIGIBILITY_TRACE,500,250,0.304,1.3565301890556072
105,4,NO_TRACE,500,250,0.304,1.3573000519722296
105,4,BPTT,500,250,0.304,1.3566227853974937
105,16,ELIGIBILITY_TRACE,500,250,0.272,1.3892426815567382
105,16,NO_TRACE,500,250,0.26,1.3904050845314662
105,16,BPTT,500,250,0.272,1.3891832133731261
105,64,ELIGIBILITY_TRACE,500,250,0.236,1.386363804390181
105,64,NO_TRACE,500,250,0.236,1.3865769406527986
105,64,BPTT,500,250,0.236,1.3863463099096298
106,4,ELIGIBILITY_TRACE,500,250,0.316,1.3452793828010503
106,4,NO_TRACE,500,250,0.316,1.3468976610955745
106,4,BPTT,500,250,0.316,1.3454495028497135
106,16,ELIGIBILITY_TRACE,500,250,0.24,1.388333614212024
106,16,NO_TRACE,500,250,0.24,1.3881908060026198
106,16,BPTT,500,250,0.24,1.388124714119613
106,64,ELIGIBILITY_TRACE,500,250,0.3,1.4013715228589787
106,64,NO_TRACE,500,250,0.3,1.4016298842758506
106,64,BPTT,500,250,0.3,1.4019876425864342
107,4,ELIGIBILITY_TRACE,500,250,0.364,1.3628135783343505
107,4,NO_TRACE,500,250,0.364,1.3633662406274363
107,4,BPTT,500,250,0.364,1.36288205013499
107,16,ELIGIBILITY_TRACE,500,250,0.232,1.384233158050727
107,16,NO_TRACE,500,250,0.232,1.3844148111767307
107,16,BPTT,500,250,0.232,1.3842742226866782
107,64,ELIGIBILITY_TRACE,500,250,0.252,1.4018003557731498
107,64,NO_TRACE,500,250,0.252,1.4011031889213592
107,64,BPTT,500,250,0.252,1.4013098550387002
108,4,ELIGIBILITY_TRACE,500,250,0.524,1.3565145971704382
108,4,NO_TRACE,500,250,0.52,1.3571381814942096
108,4,BPTT,500,250,0.524,1.3566047146365912
108,16,ELIGIBILITY_TRACE,500,250,0.284,1.383495695072112
108,16,NO_TRACE,500,250,0.276,1.3838039923869871
108,16,BPTT,500,250,0.284,1.383468884111307
108,64,ELIGIBILITY_TRACE,500,250,0.34,1.374122279158514
108,64,NO_TRACE,500,250,0.34,1.3746823290999208
108,64,BPTT,500,250,0.34,1.3745639957091556
109,4,ELIGIBILITY_TRACE,500,250,0.24,1.3691583188486993
109,4,NO_TRACE,500,250,0.236,1.3698580263342774
109,4,BPTT,500,250,0.24,1.3692410951954876
109,16,ELIGIBILITY_TRACE,500,250,0.272,1.37424352913259
109,16,NO_TRACE,500,250,0.272,1.3749402528735246
109,16,BPTT,500,250,0.272,1.3742134507999644
109,64,ELIGIBILITY_TRACE,500,250,0.26,1.3867826807563088
109,64,NO_TRACE,500,250,0.268,1.3867609191936199
109,64,BPTT,500,250,0.264,1.386822125786802
110,4,ELIGIBILITY_TRACE,500,250,0.312,1.350650905023541
110,4,NO_TRACE,500,250,0.312,1.3515390349643457
110,4,BPTT,500,250,0.312,1.3507476086053223
110,16,ELIGIBILITY_TRACE,500,250,0.264,1.3976006260751406
110,16,NO_TRACE,500,250,0.264,1.397660473209026
110,16,BPTT,500,250,0.264,1.3975403374414086
110,64,ELIGIBILITY_TRACE,500,250,0.24,1.3948196055264592
110,64,NO_TRACE,500,250,0.24,1.3946830827158065
110,64,BPTT,500,250,0.24,1.3947634754215423
111,4,ELIGIBILITY_TRACE,500,250,0.332,1.3517241249402214
111,4,NO_TRACE,500,250,0.332,1.3525700684176587
111,4,BPTT,500,250,0.332,1.3518267133965403
111,16,ELIGIBILITY_TRACE,500,250,0.248,1.3798923523090154
111,16,NO_TRACE,500,250,0.256,1.3800399163286503
111,16,BPTT,500,250,0.252,1.379856407013343
111,64,ELIGIBILITY_TRACE,500,250,0.272,1.392964961385762
111,64,NO_TRACE,500,250,0.272,1.3925383412577252
111,64,BPTT,500,250,0.272,1.3929330153973647
112,4,ELIGIBILITY_TRACE,500,250,0.344,1.3536743269967764
112,4,NO_TRACE,500,250,0.344,1.3544411023895493
112,4,BPTT,500,250,0.344,1.3537853388960457
112,16,ELIGIBILITY_TRACE,500,250,0.252,1.3812957825979981
112,16,NO_TRACE,500,250,0.252,1.381573684407831
112,16,BPTT,500,250,0.252,1.381205497368681
112,64,ELIGIBILITY_TRACE,500,250,0.22,1.4053182627093737
112,64,NO_TRACE,500,250,0.224,1.4030576023734471
112,64,BPTT,500,250,0.22,1.4044509492772204
113,4,ELIGIBILITY_TRACE,500,250,0.272,1.3531568946752424
113,4,NO_TRACE,500,250,0.272,1.354027245568887
113,4,BPTT,500,250,0.272,1.3532962265748005
113,16,ELIGIBILITY_TRACE,500,250,0.244,1.3835861788237451
113,16,NO_TRACE,500,250,0.244,1.3837238023401701
113,16,BPTT,500,250,0.244,1.3836197097755614
113,64,ELIGIBILITY_TRACE,500,250,0.296,1.3816548640082533
113,64,NO_TRACE,500,250,0.296,1.3816845414237386
113,64,BPTT,500,250,0.296,1.3817850625985413
114,4,ELIGIBILITY_TRACE,500,250,0.308,1.3456935184004073
114,4,NO_TRACE,500,250,0.308,1.3466359974663242
114,4,BPTT,500,250,0.308,1.345831618333755
114,16,ELIGIBILITY_TRACE,500,250,0.26,1.3902631588740064
114,16,NO_TRACE,500,250,0.26,1.3905273887359872
114,16,BPTT,500,250,0.26,1.390172388822031
114,64,ELIGIBILITY_TRACE,500,250,0.224,1.38714062277869
114,64,NO_TRACE,500,250,0.224,1.386908601126625
114,64,BPTT,500,250,0.224,1.3870422486221332
115,4,ELIGIBILITY_TRACE,500,250,0.224,1.3660297566782391
115,4,NO_TRACE,500,250,0.224,1.3668222391362572
115,4,BPTT,500,250,0.224,1.3661491965352144
115,16,ELIGIBILITY_TRACE,500,250,0.284,1.3807763372901705
115,16,NO_TRACE,500,250,0.284,1.380990764448344
115,16,BPTT,500,250,0.284,1.3808016625153523
115,64,ELIGIBILITY_TRACE,500,250,0.28,1.3823698376966425
115,64,NO_TRACE,500,250,0.28,1.3822788622483881
115,64,BPTT,500,250,0.28,1.3823529372391175
116,4,ELIGIBILITY_TRACE,500,250,0.476,1.350487886504139
116,4,NO_TRACE,500,250,0.472,1.3513249134725627
116,4,BPTT,500,250,0.476,1.3505918267351464
116,16,ELIGIBILITY_TRACE,500,250,0.252,1.3935945665852087
116,16,NO_TRACE,500,250,0.252,1.3933966590119935
116,16,BPTT,500,250,0.252,1.3934804872269846
116,64,ELIGIBILITY_TRACE,500,250,0.244,1.3865193930544177
116,64,NO_TRACE,500,250,0.248,1.38593555190896
116,64,BPTT,500,250,0.244,1.3862616227757734
117,4,ELIGIBILITY_TRACE,500,250,0.528,1.3506591647326565
117,4,NO_TRACE,500,250,0.512,1.3517206755662992
117,4,BPTT,500,250,0.524,1.350795182814774
117,16,ELIGIBILITY_TRACE,500,250,0.22,1.3914339141634777
117,16,NO_TRACE,500,250,0.22,1.3914399027039248
117,16,BPTT,500,250,0.22,1.3913916222657488
117,64,ELIGIBILITY_TRACE,500,250,0.2,1.4076881668663717
117,64,NO_TRACE,500,250,0.2,1.406728084615499
117,64,BPTT,500,250,0.2,1.406837358244854
118,4,ELIGIBILITY_TRACE,500,250,0.368,1.3590423997870393
118,4,NO_TRACE,500,250,0.368,1.359882486755273
118,4,BPTT,500,250,0.368,1.3591645025642205
118,16,ELIGIBILITY_TRACE,500,250,0.212,1.386041798284321
118,16,NO_TRACE,500,250,0.212,1.3862482032507721
118,16,BPTT,500,250,0.212,1.3860081969661946
118,64,ELIGIBILITY_TRACE,500,250,0.276,1.3792343039260462
118,64,NO_TRACE,500,250,0.292,1.3792978521508255
118,64,BPTT,500,250,0.296,1.379274378469976
119,4,ELIGIBILITY_TRACE,500,250,0.26,1.3623714218874998
119,4,NO_TRACE,500,250,0.256,1.3630131858284766
119,4,BPTT,500,250,0.26,1.3624567625473114
119,16,ELIGIBILITY_TRACE,500,250,0.232,1.392394912948584
119,16,NO_TRACE,500,250,0.232,1.3926538803718158
119,16,BPTT,500,250,0.232,1.3923527869830148
119,64,ELIGIBILITY_TRACE,500,250,0.256,1.3886635416692508
119,64,NO_TRACE,500,250,0.24,1.3885602896475655
119,64,BPTT,500,250,0.228,1.388700519981797
120,4,ELIGIBILITY_TRACE,500,250,0.524,1.3630956122603175
120,4,NO_TRACE,500,250,0.516,1.3636533166470788
120,4,BPTT,500,250,0.52,1.3631618378396442
120,16,ELIGIBILITY_TRACE,500,250,0.272,1.3818409292104459
120,16,NO_TRACE,500,250,0.28,1.3822620079735468
120,16,BPTT,500,250,0.272,1.38182264638567
120,64,ELIGIBILITY_TRACE,500,250,0.284,1.3831510860355944
120,64,NO_TRACE,500,250,0.292,1.3833350407330296
120,64,BPTT,500,250,0.284,1.3830708934586995
121,4,ELIGIBILITY_TRACE,500,250,0.312,1.3523217858695147
121,4,NO_TRACE,500,250,0.304,1.3536139977238104
121,4,BPTT,500,250,0.312,1.3524412878792889
121,16,ELIGIBILITY_TRACE,500,250,0.3,1.3764204643293732
121,16,NO_TRACE,500,250,0.316,1.3768633646217623
121,16,BPTT,500,250,0.3,1.3764086732268284
121,64,ELIGIBILITY_TRACE,500,250,0.212,1.4034920675733258
121,64,NO_TRACE,500,250,0.208,1.4024978726318764
121,64,BPTT,500,250,0.212,1.4025803359317122
122,4,ELIGIBILITY_TRACE,500,250,0.344,1.359334395902688
122,4,NO_TRACE,500,250,0.316,1.3600989123090619
122,4,BPTT,500,250,0.344,1.3594169800971925
122,16,ELIGIBILITY_TRACE,500,250,0.268,1.385278508683541
122,16,NO_TRACE,500,250,0.264,1.3850800834429933
122,16,BPTT,500,250,0.272,1.3852253826049592
122,64,ELIGIBILITY_TRACE,500,250,0.224,1.4028113526127386
122,64,NO_TRACE,500,250,0.224,1.401489279588724
122,64,BPTT,500,250,0.224,1.402101087857221
123,4,ELIGIBILITY_TRACE,500,250,0.248,1.3654805853015892
123,4,NO_TRACE,500,250,0.248,1.3660760078656318
123,4,BPTT,500,250,0.248,1.3655592395057503
123,16,ELIGIBILITY_TRACE,500,250,0.296,1.3852749552682337
123,16,NO_TRACE,500,250,0.3,1.3854967389559278
123,16,BPTT,500,250,0.296,1.3852318621799975
123,64,ELIGIBILITY_TRACE,500,250,0.28,1.3859500085500709
123,64,NO_TRACE,500,250,0.28,1.3859536616997503
123,64,BPTT,500,250,0.28,1.385925360268856
124,4,ELIGIBILITY_TRACE,500,250,0.564,1.3493019601730798
124,4,NO_TRACE,500,250,0.556,1.3503059202540453
124,4,BPTT,500,250,0.564,1.3494122794671453
124,16,ELIGIBILITY_TRACE,500,250,0.356,1.3743513659130657
124,16,NO_TRACE,500,250,0.348,1.3751188617579502
124,16,BPTT,500,250,0.356,1.3744483531050466
124,64,ELIGIBILITY_TRACE,500,250,0.3,1.3837721239882677
124,64,NO_TRACE,500,250,0.296,1.3836759354260757
124,64,BPTT,500,250,0.292,1.383697509486213
125,4,ELIGIBILITY_TRACE,500,250,0.524,1.3433456953452705
125,4,NO_TRACE,500,250,0.52,1.3445633650414754
125,4,BPTT,500,250,0.524,1.3434807455046034
125,16,ELIGIBILITY_TRACE,500,250,0.244,1.3885330824606748
125,16,NO_TRACE,500,250,0.24,1.3873924915649103
125,16,BPTT,500,250,0.244,1.3881150607245185
125,64,ELIGIBILITY_TRACE,500,250,0.276,1.3833513528110488
125,64,NO_TRACE,500,250,0.276,1.3831536958410537
125,64,BPTT,500,250,0.276,1.3830451707846505
126,4,ELIGIBILITY_TRACE,500,250,0.284,1.3502024399368397
126,4,NO_TRACE,500,250,0.284,1.3515349893078148
126,4,BPTT,500,250,0.284,1.3502871382817123
126,16,ELIGIBILITY_TRACE,500,250,0.324,1.3814099820337926
126,16,NO_TRACE,500,250,0.308,1.3828710222755984
126,16,BPTT,500,250,0.32,1.3814841492733894
126,64,ELIGIBILITY_TRACE,500,250,0.264,1.3902618123185804
126,64,NO_TRACE,500,250,0.264,1.386409379551383
126,64,BPTT,500,250,0.264,1.3887603764696037
127,4,ELIGIBILITY_TRACE,500,250,0.48,1.3454837445653547
127,4,NO_TRACE,500,250,0.476,1.3463116355738907
127,4,BPTT,500,250,0.476,1.3455764713945586
127,16,ELIGIBILITY_TRACE,500,250,0.216,1.3932470898312395
127,16,NO_TRACE,500,250,0.216,1.3925999624338592
127,16,BPTT,500,250,0.216,1.3931827828987353
127,64,ELIGIBILITY_TRACE,500,250,0.188,1.398299080425355
127,64,NO_TRACE,500,250,0.2,1.3983349456246335
127,64,BPTT,500,250,0.192,1.3984590809124284
128,4,ELIGIBILITY_TRACE,500,250,0.4,1.3343272459685491
128,4,NO_TRACE,500,250,0.396,1.335351859690654
128,4,BPTT,500,250,0.4,1.3344922034793951
128,16,ELIGIBILITY_TRACE,500,250,0.252,1.3960950659481877
128,16,NO_TRACE,500,250,0.256,1.3955595024171852
128,16,BPTT,500,250,0.256,1.3959495746935446
128,64,ELIGIBILITY_TRACE,500,250,0.304,1.3858210887971731
128,64,NO_TRACE,500,250,0.304,1.3851882591336147
128,64,BPTT,500,250,0.304,1.3851605190857292
129,4,ELIGIBILITY_TRACE,500,250,0.532,1.3508578115686238
129,4,NO_TRACE,500,250,0.52,1.3519244477022414
129,4,BPTT,500,250,0.532,1.3510207472493212
129,16,ELIGIBILITY_TRACE,500,250,0.34,1.3800548764774416
129,16,NO_TRACE,500,250,0.332,1.3804547887343384
129,16,BPTT,500,250,0.336,1.3800767841051904
129,64,ELIGIBILITY_TRACE,500,250,0.284,1.3869272345979102
129,64,NO_TRACE,500,250,0.288,1.3869353668656212
129,64,BPTT,500,250,0.288,1.3868608507411295
