seed_block,arm,sensory_site_feedback,motor_only_feedback,warm_direction_index,mean_forward_run_s,mean_final_warm_displacement,n_agents,n_forward_runs
203000,SENSORY_SITE_FB,1.0,0.0,0.6035227689474505,4.842461122379986,29.931571176226008,50,493
203000,MOTOR_ONLY_0.0,0.0,0.0,0.16995385673711158,0.9392354124748491,0.20835305946960558,50,497
203000,MOTOR_ONLY_0.1,0.0,0.1,0.1967094009506653,1.0366088631984587,-1.1604301923789295,50,519
203000,MOTOR_ONLY_0.2,0.0,0.2,0.2006892501086732,1.1655913978494623,-0.11307167475576194,50,527
203000,MOTOR_ONLY_0.3,0.0,0.3,0.23695364435634694,1.3135980746089049,0.9464304231914114,50,554
203000,MOTOR_ONLY_0.4,0.0,0.4,0.26986380253570036,1.5809863339275103,6.72544735117233,50,561
203000,MOTOR_ONLY_0.5,0.0,0.5,0.3089849092126626,1.9147956246401843,8.723819531913927,50,579
203000,MOTOR_ONLY_0.6,0.0,0.6,0.3878986780613497,2.6011862396204033,10.42233632119403,50,562
203000,MOTOR_ONLY_0.7,0.0,0.7,0.461574895241657,3.9364602876798,17.106187589588203,50,533
203000,MOTOR_ONLY_0.8,0.0,0.8,0.6278248080586577,9.819953596287702,58.26648893202598,50,431
203000,MOTOR_ONLY_0.9,0.0,0.9,0.6513046517331675,54.932467532467534,116.55342389399664,50,154
203000,MOTOR_ONLY_1.0,0.0,1.0,0.028222537854082925,200.0,5.64074456576976,50,50
203001,SENSORY_SITE_FB,1.0,0.0,0.5142809508917736,3.4383035122597745,22.717395868043504,50,503
203001,MOTOR_ONLY_0.0,0.0,0.0,0.15955883751329397,0.8932748538011697,3.605847719605248,50,456
203001,MOTOR_ONLY_0.1,0.0,0.1,0.17491549827575809,1.0053445850914204,0.21208011664850054,50,474
203001,MOTOR_ONLY_0.2,0.0,0.2,0.1926056328013346,1.1035230352303524,-2.8520254524757234,50,492
203001,MOTOR_ONLY_0.3,0.0,0.3,0.20769757676706652,1.2406472491909386,3.7351053174750932,50,515
203001,MOTOR_ONLY_0.4,0.0,0.4,0.2371136346788621,1.4626716604244694,6.244413623419849,50,534
203001,MOTOR_ONLY_0.5,0.0,0.5,0.25150295890705854,1.7472118959107807,4.119002061574592,50,538
203001,MOTOR_ONLY_0.6,0.0,0.6,0.3478219747151888,2.439598997493734,7.6167923283501535,50,532
203001,MOTOR_ONLY_0.7,0.0,0.7,0.46475057639616074,3.917399617590822,16.784020096731066,50,523
203001,MOTOR_ONLY_0.8,0.0,0.8,0.5780883035894583,8.147747747747747,47.16650905252027,50,444
203001,MOTOR_ONLY_0.9,0.0,0.9,0.7096613517161009,62.749758454106285,127.72952677627129,50,138
203001,MOTOR_ONLY_1.0,0.0,1.0,0.09297377124687145,200.0,18.58235774654114,50,50
203002,SENSORY_SITE_FB,1.0,0.0,0.5403956560432678,4.081540504648074,19.54238804964016,50,502
203002,MOTOR_ONLY_0.0,0.0,0.0,0.13926769146577955,0.8958500669344043,0.8565020153117817,50,498
203002,MOTOR_ONLY_0.1,0.0,0.1,0.171334834703353,0.9941475826972009,-2.1357985347791724,50,524
203002,MOTOR_ONLY_0.2,0.0,0.2,0.18268275022700178,1.0997530864197531,-1.8051579634853272,50,540
203002,MOTOR_ONLY_0.3,0.0,0.3,0.21513906079204106,1.2843488649940262,3.8655178646126336,50,558
203002,MOTOR_ONLY_0.4,0.0,0.4,0.24768407883638474,1.5431616341030194,-2.3884537223331077,50,563
203002,MOTOR_ONLY_0.5,0.0,0.5,0.32774034394009943,1.9888111888111888,6.448152847252494,50,572
203002,MOTOR_ONLY_0.6,0.0,0.6,0.36071225707306087,2.5539543057996488,4.951375900896253,50,569
203002,MOTOR_ONLY_0.7,0.0,0.7,0.49224871606012227,4.224923265807244,21.695750190151834,50,543
203002,MOTOR_ONLY_0.8,0.0,0.8,0.6067050786157251,9.066061980347694,51.240600654193315,50,441
203002,MOTOR_ONLY_0.9,0.0,0.9,0.657489903912629,54.970464135021096,120.52501022420728,50,158
203002,MOTOR_ONLY_1.0,0.0,1.0,0.04594493570114037,200.0,9.18286114880153,50,50
203003,SENSORY_SITE_FB,1.0,0.0,0.5772141848932313,5.019592875318066,40.17255685054019,50,524
203003,MOTOR_ONLY_0.0,0.0,0.0,0.15344287616989305,0.9153086419753086,4.098667890463521,50,540
203003,MOTOR_ONLY_0.1,0.0,0.1,0.17630682302914719,1.0266429840142095,3.9754376782347847,50,563
203003,MOTOR_ONLY_0.2,0.0,0.2,0.19678012897992614,1.1498866213151928,7.344541222303118,50,588
203003,MOTOR_ONLY_0.3,0.0,0.3,0.23923059411646727,1.373913043478261,7.428934591952034,50,598
203003,MOTOR_ONLY_0.4,0.0,0.4,0.27536347737127254,1.6722595078299776,6.686871393713066,50,596
203003,MOTOR_ONLY_0.5,0.0,0.5,0.33134963343584417,2.0862876254180605,15.007984598754952,50,598
203003,MOTOR_ONLY_0.6,0.0,0.6,0.35911727112320513,2.7025041736227045,18.006716507427043,50,599
203003,MOTOR_ONLY_0.7,0.0,0.7,0.4812504421744542,4.259871118922085,32.78188416051328,50,569
203003,MOTOR_ONLY_0.8,0.0,0.8,0.581781161504475,9.140902474526929,62.4025713317676,50,458
203003,MOTOR_ONLY_0.9,0.0,0.9,0.6157870807954939,49.08771929824561,114.53662940570848,50,171
203003,MOTOR_ONLY_1.0,0.0,1.0,-0.07826448978905605,200.0,-15.642462692506177,50,50
203004,SENSORY_SITE_FB,1.0,0.0,0.5595721491044193,4.331733333333333,37.229639666290254,50,500
203004,MOTOR_ONLY_0.0,0.0,0.0,0.22044016767749766,0.9557865557865558,-1.0213828385305148,50,481
203004,MOTOR_ONLY_0.1,0.0,0.1,0.2380948618234645,1.0461942257217849,-0.9289079758717236,50,508
203004,MOTOR_ONLY_0.2,0.0,0.2,0.24602265362270262,1.1463235294117646,2.3416993212661166,50,544
203004,MOTOR_ONLY_0.3,0.0,0.3,0.2627725474569324,1.3431127012522361,4.768796598596502,50,559
203004,MOTOR_ONLY_0.4,0.0,0.4,0.34616053013077663,1.670855774985039,0.9117661070576483,50,557
203004,MOTOR_ONLY_0.5,0.0,0.5,0.39947491134121155,2.0782096584216725,-1.4871759188036757,50,566
203004,MOTOR_ONLY_0.6,0.0,0.6,0.4099093119449912,2.54168115942029,1.6777200704442785,50,575
203004,MOTOR_ONLY_0.7,0.0,0.7,0.45037476163998613,3.716121212121212,20.603853656269973,50,550
203004,MOTOR_ONLY_0.8,0.0,0.8,0.6353390270427138,9.318725718725718,52.397786117829895,50,429
203004,MOTOR_ONLY_0.9,0.0,0.9,0.677098844357033,53.010126582278474,128.1754740519014,50,158
203004,MOTOR_ONLY_1.0,0.0,1.0,-0.02918406436309611,200.0,-5.832921664036693,50,50
203005,SENSORY_SITE_FB,1.0,0.0,0.5675667572343246,4.321325051759834,34.59282946108219,50,483
203005,MOTOR_ONLY_0.0,0.0,0.0,0.13287348568179275,0.9283848797250859,9.089008040028219,50,485
203005,MOTOR_ONLY_0.1,0.0,0.1,0.14264555275848606,1.0188034188034187,5.906704233182528,50,507
203005,MOTOR_ONLY_0.2,0.0,0.2,0.15936778156037676,1.1455938697318009,6.702176429989699,50,522
203005,MOTOR_ONLY_0.3,0.0,0.3,0.19180278580151172,1.3278091650973005,14.727144030897971,50,531
203005,MOTOR_ONLY_0.4,0.0,0.4,0.25724748343480053,1.598526703499079,2.5044509676346935,50,543
203005,MOTOR_ONLY_0.5,0.0,0.5,0.3085411217033185,1.9701848539057842,6.923007660651474,50,559
203005,MOTOR_ONLY_0.6,0.0,0.6,0.3465085099996754,2.5220058997050145,11.765725796155722,50,565
203005,MOTOR_ONLY_0.7,0.0,0.7,0.43636794474466156,3.849566294919455,17.79921548745211,50,538
203005,MOTOR_ONLY_0.8,0.0,0.8,0.6136995372662601,9.459125188536953,61.48773418603252,50,442
203005,MOTOR_ONLY_0.9,0.0,0.9,0.7055179366832867,56.847682119205295,130.30344015778877,50,151
203005,MOTOR_ONLY_1.0,0.0,1.0,-0.028660284923806255,200.0,-5.728235613437814,50,50
203006,SENSORY_SITE_FB,1.0,0.0,0.5991634041764529,4.796747967479675,30.245874865029013,50,492
203006,MOTOR_ONLY_0.0,0.0,0.0,0.20617116720413986,0.9478835978835979,4.775371883358591,50,504
203006,MOTOR_ONLY_0.1,0.0,0.1,0.21091087808831085,1.059384808537351,8.493361577759407,50,531
203006,MOTOR_ONLY_0.2,0.0,0.2,0.22570398474676298,1.150151240169389,5.351150823792865,50,551
203006,MOTOR_ONLY_0.3,0.0,0.3,0.2722773573598029,1.4016969696969699,2.825197365232007,50,550
203006,MOTOR_ONLY_0.4,0.0,0.4,0.28337418901518036,1.6160383004189107,16.398549514150258,50,557
203006,MOTOR_ONLY_0.5,0.0,0.5,0.322196628393308,1.988031119090365,9.579276604201864,50,557
203006,MOTOR_ONLY_0.6,0.0,0.6,0.36613031046025885,2.570878459687124,15.785774724790258,50,554
203006,MOTOR_ONLY_0.7,0.0,0.7,0.41955232794258035,3.7582255083179295,21.7080298843778,50,541
203006,MOTOR_ONLY_0.8,0.0,0.8,0.6426787043786394,9.879936808846761,58.62792336008175,50,422
203006,MOTOR_ONLY_0.9,0.0,0.9,0.6802680646445248,57.7351598173516,125.16092529878513,50,146
203006,MOTOR_ONLY_1.0,0.0,1.0,-0.02084926055612841,200.0,-4.1670722098176505,50,50
203007,SENSORY_SITE_FB,1.0,0.0,0.5575110069348641,4.407235142118863,32.2251190436062,50,516
203007,MOTOR_ONLY_0.0,0.0,0.0,0.11837986243843304,0.9020064724919094,3.854472935107432,50,515
203007,MOTOR_ONLY_0.1,0.0,0.1,0.14869906895003476,1.0160493827160493,9.311793296153485,50,540
203007,MOTOR_ONLY_0.2,0.0,0.2,0.16333746171266672,1.1205673758865247,14.359230052685703,50,564
203007,MOTOR_ONLY_0.3,0.0,0.3,0.19053132630891606,1.3113475177304965,11.183707083109658,50,564
203007,MOTOR_ONLY_0.4,0.0,0.4,0.25188570725328374,1.5750433275563258,10.513799298431563,50,577
203007,MOTOR_ONLY_0.5,0.0,0.5,0.3024663082702306,1.9415244596131966,2.784252721816133,50,586
203007,MOTOR_ONLY_0.6,0.0,0.6,0.3922829346989267,2.7462478184991275,9.5926624540313,50,573
203007,MOTOR_ONLY_0.7,0.0,0.7,0.4047982589404001,4.006691449814126,22.839613290141184,50,538
203007,MOTOR_ONLY_0.8,0.0,0.8,0.6022302758346805,9.567434715821813,54.98402171374794,50,434
203007,MOTOR_ONLY_0.9,0.0,0.9,0.7058230373212784,60.27034482758621,131.26727021886379,50,145
203007,MOTOR_ONLY_1.0,0.0,1.0,-0.07337029132094144,200.0,-14.664275558678215,50,50
203008,SENSORY_SITE_FB,1.0,0.0,0.5431304060179184,3.84431295200526,32.27792726828045,50,507
203008,MOTOR_ONLY_0.0,0.0,0.0,0.13470801581158431,0.9163481953290871,10.105015120727783,50,471
203008,MOTOR_ONLY_0.1,0.0,0.1,0.14144638051555292,0.9974615898463594,8.932846961542745,50,499
203008,MOTOR_ONLY_0.2,0.0,0.2,0.1424268033181255,1.105019305019305,12.553583603048377,50,518
203008,MOTOR_ONLY_0.3,0.0,0.3,0.17350941794152208,1.2543859649122806,11.305357723102077,50,532
203008,MOTOR_ONLY_0.4,0.0,0.4,0.21080388315921117,1.494132334581773,13.051634234174742,50,534
203008,MOTOR_ONLY_0.5,0.0,0.5,0.24105529267128298,1.8003656307129798,17.79492500815533,50,547
203008,MOTOR_ONLY_0.6,0.0,0.6,0.3156009408904223,2.3522424242424242,17.047954813209028,50,550
203008,MOTOR_ONLY_0.7,0.0,0.7,0.43042449772671487,3.81398865784499,29.201344209256018,50,529
203008,MOTOR_ONLY_0.8,0.0,0.8,0.5599710168732468,7.8540823970037446,50.30437679495725,50,445
203008,MOTOR_ONLY_0.9,0.0,0.9,0.6814290726951813,54.52368421052631,124.4063052641763,50,152
203008,MOTOR_ONLY_1.0,0.0,1.0,-0.006594509016559292,200.0,-1.3180225354429824,50,50
203009,SENSORY_SITE_FB,1.0,0.0,0.5181051316052918,4.246441947565543,35.3871607220803,50,534
203009,MOTOR_ONLY_0.0,0.0,0.0,0.15188523078799016,0.9122012578616352,16.671201260122572,50,530
203009,MOTOR_ONLY_0.1,0.0,0.1,0.1869878018620562,1.0148148148148148,12.345065138772243,50,558
203009,MOTOR_ONLY_0.2,0.0,0.2,0.1956254995208462,1.147086247086247,15.341640282347111,50,572
203009,MOTOR_ONLY_0.3,0.0,0.3,0.23642288641559764,1.374799541809851,9.450901853693777,50,582
203009,MOTOR_ONLY_0.4,0.0,0.4,0.24193312570288816,1.566833611574847,12.03249237119929,50,599
203009,MOTOR_ONLY_0.5,0.0,0.5,0.2941994860772474,1.9560706401766004,12.147647176988688,50,604
203009,MOTOR_ONLY_0.6,0.0,0.6,0.3355419592130679,2.503532008830022,23.497003246749276,50,604
203009,MOTOR_ONLY_0.7,0.0,0.7,0.4238380354870245,3.903875968992248,29.44402322266352,50,559
203009,MOTOR_ONLY_0.8,0.0,0.8,0.631171047747543,10.504057279236276,68.4354108344753,50,419
203009,MOTOR_ONLY_0.9,0.0,0.9,0.6585651051337723,71.90370370370371,127.13839731912358,50,126
203009,MOTOR_ONLY_1.0,0.0,1.0,0.07858742809415803,200.0,15.707007295085859,50,50
203010,SENSORY_SITE_FB,1.0,0.0,0.5630931758192343,4.203094233473981,44.71812301579215,50,474
203010,MOTOR_ONLY_0.0,0.0,0.0,0.20741732118042774,0.976461655277145,16.582104122850183,50,439
203010,MOTOR_ONLY_0.1,0.0,0.1,0.17959903657874995,1.062840323767476,17.024322313362937,50,453
203010,MOTOR_ONLY_0.2,0.0,0.2,0.2243315029176352,1.1988555078683834,19.47211722588657,50,466
203010,MOTOR_ONLY_0.3,0.0,0.3,0.24502792028936476,1.3758211041229909,19.974058529358334,50,477
203010,MOTOR_ONLY_0.4,0.0,0.4,0.27062226867393424,1.6231884057971016,15.230642110542352,50,483
203010,MOTOR_ONLY_0.5,0.0,0.5,0.31554826573221034,1.9775132275132274,20.868849195026076,50,504
203010,MOTOR_ONLY_0.6,0.0,0.6,0.40155933327538224,2.798692810457516,35.55569893736813,50,510
203010,MOTOR_ONLY_0.7,0.0,0.7,0.47608058054712454,4.2037634408602145,42.353140097453846,50,496
203010,MOTOR_ONLY_0.8,0.0,0.8,0.6280498469587393,9.850454921422664,63.13583782917947,50,403
203010,MOTOR_ONLY_0.9,0.0,0.9,0.6894679002927184,60.20093896713615,128.43581834952548,50,142
203010,MOTOR_ONLY_1.0,0.0,1.0,-0.017173241439946633,200.0,-3.432358522463736,50,50
203011,SENSORY_SITE_FB,1.0,0.0,0.49893804777087847,4.062064431295201,31.21568833708562,50,507
203011,MOTOR_ONLY_0.0,0.0,0.0,0.13235484176127552,0.9225296442687747,-5.370109410415543,50,506
203011,MOTOR_ONLY_0.1,0.0,0.1,0.13183673423375505,1.0100250626566416,-3.557100699076585,50,532
203011,MOTOR_ONLY_0.2,0.0,0.2,0.17293424014659958,1.1902803738317758,1.3429397356112838,50,535
203011,MOTOR_ONLY_0.3,0.0,0.3,0.1813801947123316,1.3096774193548386,2.2719660834690734,50,558
203011,MOTOR_ONLY_0.4,0.0,0.4,0.19145410795652573,1.4959349593495934,10.911173196523754,50,574
203011,MOTOR_ONLY_0.5,0.0,0.5,0.25273817086289835,1.8832469775474958,11.560936323729097,50,579
203011,MOTOR_ONLY_0.6,0.0,0.6,0.2876179016563318,2.4038159371492704,22.700204148085003,50,594
203011,MOTOR_ONLY_0.7,0.0,0.7,0.41587509733607675,3.8306049822064057,26.313833173040624,50,562
203011,MOTOR_ONLY_0.8,0.0,0.8,0.5962933375107478,9.092121212121212,60.54828615239344,50,440
203011,MOTOR_ONLY_0.9,0.0,0.9,0.7001368660199946,62.397122302158266,131.77747306673865,50,139
203011,MOTOR_ONLY_1.0,0.0,1.0,-0.07883314149938757,200.0,-15.756117214343792,50,50
203012,SENSORY_SITE_FB,1.0,0.0,0.5461739344172961,4.394033722438392,44.355607206896664,50,514
203012,MOTOR_ONLY_0.0,0.0,0.0,0.15454503422032098,0.9376344086021505,9.753657841298006,50,496
203012,MOTOR_ONLY_0.1,0.0,0.1,0.17935352266415353,1.056685860524632,14.059771530378711,50,521
203012,MOTOR_ONLY_0.2,0.0,0.2,0.18368861434045627,1.1649122807017542,11.0333411558933,50,532
203012,MOTOR_ONLY_0.3,0.0,0.3,0.21352478191549412,1.3442822384428224,12.269095285015444,50,548
203012,MOTOR_ONLY_0.4,0.0,0.4,0.2452147495316462,1.6085714285714285,21.506861406753547,50,560
203012,MOTOR_ONLY_0.5,0.0,0.5,0.26848806370735995,1.9220657276995303,25.860325486440374,50,568
203012,MOTOR_ONLY_0.6,0.0,0.6,0.3119014586440891,2.4588928150765605,29.772833653882188,50,566
203012,MOTOR_ONLY_0.7,0.0,0.7,0.41433432292579875,3.961904761904762,34.19777106993913,50,532
203012,MOTOR_ONLY_0.8,0.0,0.8,0.6369163210448173,10.281116584564861,65.71337549836254,50,406
203012,MOTOR_ONLY_0.9,0.0,0.9,0.6415571431284146,67.6888888888889,122.11286248869109,50,129
203012,MOTOR_ONLY_1.0,0.0,1.0,0.08150565939947377,200.0,16.29026445864162,50,50
203013,SENSORY_SITE_FB,1.0,0.0,0.6335581562254478,5.6353623188405795,24.678746175886126,50,460
203013,MOTOR_ONLY_0.0,0.0,0.0,0.15832071358465744,0.9169312169312169,-3.3268625491578474,50,504
203013,MOTOR_ONLY_0.1,0.0,0.1,0.16549806524586397,1.0284615384615383,0.10652909357408273,50,520
203013,MOTOR_ONLY_0.2,0.0,0.2,0.22418449349274858,1.168746061751733,-10.381327851634383,50,529
203013,MOTOR_ONLY_0.3,0.0,0.3,0.23659501052689466,1.3220216606498196,-4.754459189997447,50,554
203013,MOTOR_ONLY_0.4,0.0,0.4,0.26295239195237524,1.535632183908046,9.602713119593085,50,580
203013,MOTOR_ONLY_0.5,0.0,0.5,0.32726398060566947,1.989761489237929,12.936116527273516,50,573
203013,MOTOR_ONLY_0.6,0.0,0.6,0.3801451065003189,2.608480565371025,12.800214760539049,50,566
203013,MOTOR_ONLY_0.7,0.0,0.7,0.4920489816600362,4.321062618595825,22.20751024364431,50,527
203013,MOTOR_ONLY_0.8,0.0,0.8,0.6512477541138639,10.85922165820643,61.04204682674859,50,394
203013,MOTOR_ONLY_0.9,0.0,0.9,0.690711714247503,68.81375661375661,129.13798963832295,50,126
203013,MOTOR_ONLY_1.0,0.0,1.0,0.08537956315468397,200.0,17.064528689182787,50,50
203014,SENSORY_SITE_FB,1.0,0.0,0.5563380724978215,4.321693121693121,29.681587669450952,50,504
203014,MOTOR_ONLY_0.0,0.0,0.0,0.17835796273992383,0.9201916495550992,8.64177521961529,50,487
203014,MOTOR_ONLY_0.1,0.0,0.1,0.196718720494689,1.0413702239789195,5.340095472115512,50,506
203014,MOTOR_ONLY_0.2,0.0,0.2,0.23263721527199976,1.1826972010178118,7.224952684020427,50,524
203014,MOTOR_ONLY_0.3,0.0,0.3,0.2284628217468907,1.3037037037037038,4.736228256445091,50,549
203014,MOTOR_ONLY_0.4,0.0,0.4,0.2804298521124273,1.57,4.6806625912317905,50,560
203014,MOTOR_ONLY_0.5,0.0,0.5,0.3020888558331936,1.9439856373429085,10.151453738954503,50,557
203014,MOTOR_ONLY_0.6,0.0,0.6,0.31075819640217767,2.3341534856473345,12.22898560589855,50,569
203014,MOTOR_ONLY_0.7,0.0,0.7,0.4449649357288411,3.905043050430504,19.374723749315248,50,542
203014,MOTOR_ONLY_0.8,0.0,0.8,0.6257782693818188,9.63996948893974,52.80056383265551,50,437
203014,MOTOR_ONLY_0.9,0.0,0.9,0.7358042318163599,65.61274509803921,135.58432180964053,50,136
203014,MOTOR_ONLY_1.0,0.0,1.0,0.10220654593189378,200.0,20.42768164692136,50,50
203015,SENSORY_SITE_FB,1.0,0.0,0.5505161022949456,4.303703703703704,37.72858158836811,50,522
203015,MOTOR_ONLY_0.0,0.0,0.0,0.1349843133620163,0.8925996204933586,7.163367288009601,50,527
203015,MOTOR_ONLY_0.1,0.0,0.1,0.15787602772426387,1.0124460874922983,1.8844787510903467,50,541
203015,MOTOR_ONLY_0.2,0.0,0.2,0.16591309470926774,1.1020648967551623,7.481513269897537,50,565
203015,MOTOR_ONLY_0.3,0.0,0.3,0.17962870567961545,1.2717770034843205,6.718214647671633,50,574
203015,MOTOR_ONLY_0.4,0.0,0.4,0.2133659867021631,1.5163218390804596,6.018290331250037,50,580
203015,MOTOR_ONLY_0.5,0.0,0.5,0.2330686488697599,1.789111111111111,6.293646660439324,50,600
203015,MOTOR_ONLY_0.6,0.0,0.6,0.3127282190923862,2.5155705452501405,17.590240177516105,50,593
203015,MOTOR_ONLY_0.7,0.0,0.7,0.4108678564090421,3.937668424135911,23.461261753160702,50,569
203015,MOTOR_ONLY_0.8,0.0,0.8,0.5737174928069633,8.986607799852832,63.53186277303261,50,453
203015,MOTOR_ONLY_0.9,0.0,0.9,0.6181781872493953,52.14560327198364,114.19049316998642,50,163
203015,MOTOR_ONLY_1.0,0.0,1.0,-0.03484282816077861,200.0,-6.963919921733784,50,50
203016,SENSORY_SITE_FB,1.0,0.0,0.5478145841296065,4.2904564315352705,34.63502970045188,50,482
203016,MOTOR_ONLY_0.0,0.0,0.0,0.15208500310005782,0.9552706552706552,3.82460270050546,50,468
203016,MOTOR_ONLY_0.1,0.0,0.1,0.17134942825364474,1.0590006844626967,3.8406712440423934,50,487
203016,MOTOR_ONLY_0.2,0.0,0.2,0.18104218988310092,1.1454664057403783,3.5890632606400015,50,511
203016,MOTOR_ONLY_0.3,0.0,0.3,0.19229517710122665,1.2805452292441142,0.43159200007769966,50,538
203016,MOTOR_ONLY_0.4,0.0,0.4,0.2026096313574045,1.4532374100719425,10.315160231126102,50,556
203016,MOTOR_ONLY_0.5,0.0,0.5,0.23854965301694678,1.799407933688573,4.027755363533009,50,563
203016,MOTOR_ONLY_0.6,0.0,0.6,0.30141355229977806,2.384009406231628,10.721303156315395,50,567
203016,MOTOR_ONLY_0.7,0.0,0.7,0.4424843629413159,3.9556372549019607,22.52651809846849,50,544
203016,MOTOR_ONLY_0.8,0.0,0.8,0.5321680699817897,7.545031712473573,44.20207831199295,50,473
203016,MOTOR_ONLY_0.9,0.0,0.9,0.6080702706421722,52.50848861283644,111.20950561357513,50,161
203016,MOTOR_ONLY_1.0,0.0,1.0,-0.0042679806376520356,200.0,-0.8530270634459844,50,50
203017,SENSORY_SITE_FB,1.0,0.0,0.5505941830450243,4.341843971631206,25.683528796224838,50,470
203017,MOTOR_ONLY_0.0,0.0,0.0,0.12176136981923334,0.8988070175438596,2.1999216638272685,50,475
203017,MOTOR_ONLY_0.1,0.0,0.1,0.1436014750092208,0.9902471609886438,6.904433680753423,50,499
203017,MOTOR_ONLY_0.2,0.0,0.2,0.1662357515538989,1.1118908382066277,9.668621027651946,50,513
203017,MOTOR_ONLY_0.3,0.0,0.3,0.2149206626300785,1.2944020356234096,4.050469389580066,50,524
203017,MOTOR_ONLY_0.4,0.0,0.4,0.2583013708159493,1.5373406193078325,7.19332279570908,50,549
203017,MOTOR_ONLY_0.5,0.0,0.5,0.2592034639334073,1.8255293405928614,12.160204710572721,50,551
203017,MOTOR_ONLY_0.6,0.0,0.6,0.3557238502842962,2.437649880095923,7.656036560619366,50,556
203017,MOTOR_ONLY_0.7,0.0,0.7,0.4251203358109493,3.6902180685358257,13.937636013458889,50,535
203017,MOTOR_ONLY_0.8,0.0,0.8,0.6167441933582636,9.111523588553752,54.00413518935745,50,431
203017,MOTOR_ONLY_0.9,0.0,0.9,0.7060623825766915,58.95462962962963,128.0814326148739,50,144
203017,MOTOR_ONLY_1.0,0.0,1.0,0.020801374320248783,200.0,4.157501347472713,50,50
203018,SENSORY_SITE_FB,1.0,0.0,0.5384137945668355,4.274493361285813,16.271836766341746,50,477
203018,MOTOR_ONLY_0.0,0.0,0.0,0.18010608628878602,0.9350282485875706,4.084313125290723,50,472
203018,MOTOR_ONLY_0.1,0.0,0.1,0.16705566871198219,1.0087074829931972,4.204858499824274,50,490
203018,MOTOR_ONLY_0.2,0.0,0.2,0.2043571796094064,1.1712,7.595280010577993,50,500
203018,MOTOR_ONLY_0.3,0.0,0.3,0.20588350464142727,1.3076923076923077,5.4685110823567875,50,520
203018,MOTOR_ONLY_0.4,0.0,0.4,0.23950046728509009,1.5215831787260359,5.758660395756966,50,539
203018,MOTOR_ONLY_0.5,0.0,0.5,0.28435138991307257,1.8968369829683698,8.443178874017534,50,548
203018,MOTOR_ONLY_0.6,0.0,0.6,0.34718905758522633,2.5196581196581196,12.70506500039922,50,546
203018,MOTOR_ONLY_0.7,0.0,0.7,0.3891781182668468,3.6173027989821884,16.808720710377735,50,524
203018,MOTOR_ONLY_0.8,0.0,0.8,0.6085974639998257,8.942679127725857,48.118006376590465,50,428
203018,MOTOR_ONLY_0.9,0.0,0.9,0.6356696779942789,52.57299578059072,112.64515646402073,50,158
203018,MOTOR_ONLY_1.0,0.0,1.0,0.1489251551310106,200.0,29.765174338850546,50,50
203019,SENSORY_SITE_FB,1.0,0.0,0.5370312163420314,4.476388888888889,36.22704876760547,50,480
203019,MOTOR_ONLY_0.0,0.0,0.0,0.11204173003475872,0.8908366533864542,14.60115023894838,50,502
203019,MOTOR_ONLY_0.1,0.0,0.1,0.12454995209918195,0.9694915254237289,12.510119569667825,50,531
203019,MOTOR_ONLY_0.2,0.0,0.2,0.16338690534498107,1.1155555555555556,7.6898012874619415,50,540
203019,MOTOR_ONLY_0.3,0.0,0.3,0.1777625048171058,1.2965686274509804,13.061540404633377,50,544
203019,MOTOR_ONLY_0.4,0.0,0.4,0.20639027959325287,1.505137395459976,12.14448494149809,50,558
203019,MOTOR_ONLY_0.5,0.0,0.5,0.24513289990169393,1.8826190476190476,12.65101551190951,50,560
203019,MOTOR_ONLY_0.6,0.0,0.6,0.28390854725905174,2.435364396654719,21.00712323804068,50,558
203019,MOTOR_ONLY_0.7,0.0,0.7,0.3937993564399071,3.7775238095238093,30.61625266617027,50,525
203019,MOTOR_ONLY_0.8,0.0,0.8,0.5943154838807039,9.389644012944984,55.324072607722044,50,412
203019,MOTOR_ONLY_0.9,0.0,0.9,0.6407745739943869,52.237791932059444,117.68510048455575,50,157
203019,MOTOR_ONLY_1.0,0.0,1.0,-0.0895881359827258,200.0,-17.90568211174766,50,50
203020,SENSORY_SITE_FB,1.0,0.0,0.6047564883033179,4.776902887139107,27.06394606111178,50,508
203020,MOTOR_ONLY_0.0,0.0,0.0,0.18118122995937425,0.8977079240340536,1.8890120649068165,50,509
203020,MOTOR_ONLY_0.1,0.0,0.1,0.14809821613583185,0.9741650913673597,0.8163353171038088,50,529
203020,MOTOR_ONLY_0.2,0.0,0.2,0.1578644120480541,1.0623501199040768,7.546955009667522,50,556
203020,MOTOR_ONLY_0.3,0.0,0.3,0.1784711883801034,1.2265270506108201,5.854761763518761,50,573
203020,MOTOR_ONLY_0.4,0.0,0.4,0.23882161061895518,1.5058290888511603,7.689719285455659,50,589
203020,MOTOR_ONLY_0.5,0.0,0.5,0.2964941383721421,1.8375956284153006,7.297836520253245,50,610
203020,MOTOR_ONLY_0.6,0.0,0.6,0.3984246769868094,2.660423634336678,14.777416537754974,50,598
203020,MOTOR_ONLY_0.7,0.0,0.7,0.47316445794465006,4.1441696113074205,33.16610619873947,50,566
203020,MOTOR_ONLY_0.8,0.0,0.8,0.6115464226479762,9.30231884057971,60.839728829112644,50,460
203020,MOTOR_ONLY_0.9,0.0,0.9,0.695127702547829,64.98686131386862,132.38338402042456,50,137
203020,MOTOR_ONLY_1.0,0.0,1.0,0.1008094061693894,200.0,20.14843997972219,50,50
203021,SENSORY_SITE_FB,1.0,0.0,0.5685644677502175,4.672739820565908,39.508287592885644,50,483
203021,MOTOR_ONLY_0.0,0.0,0.0,0.1624538995578371,0.9390128465179175,14.330648421552876,50,493
203021,MOTOR_ONLY_0.1,0.0,0.1,0.18295918190100913,1.0137887413029727,12.981325646544267,50,527
203021,MOTOR_ONLY_0.2,0.0,0.2,0.20080767591143728,1.1435897435897435,7.171448498277871,50,546
203021,MOTOR_ONLY_0.3,0.0,0.3,0.22432468544650477,1.3384057971014491,5.930449430202626,50,552
203021,MOTOR_ONLY_0.4,0.0,0.4,0.25739966868615416,1.626618705035971,4.210971171300905,50,556
203021,MOTOR_ONLY_0.5,0.0,0.5,0.2917405209646155,1.935339233038348,6.372001316389443,50,565
203021,MOTOR_ONLY_0.6,0.0,0.6,0.40396805250388845,2.7406082289803217,11.033718706839247,50,559
203021,MOTOR_ONLY_0.7,0.0,0.7,0.4568732244262525,4.051111111111111,26.261540685542823,50,540
203021,MOTOR_ONLY_0.8,0.0,0.8,0.5844877100570808,8.518713450292397,58.400932088908306,50,456
203021,MOTOR_ONLY_0.9,0.0,0.9,0.6303697729248033,46.06976744186046,115.79399228870273,50,172
203021,MOTOR_ONLY_1.0,0.0,1.0,-0.12373712781025956,200.0,-24.73092727834411,50,50
203022,SENSORY_SITE_FB,1.0,0.0,0.5173029441077068,4.116469038208169,33.52314887341662,50,506
203022,MOTOR_ONLY_0.0,0.0,0.0,0.11974326152560064,0.896250852079073,0.14482790607028562,50,489
203022,MOTOR_ONLY_0.1,0.0,0.1,0.1501426943460846,1.0110236220472442,5.63772327457439,50,508
203022,MOTOR_ONLY_0.2,0.0,0.2,0.18773840120540847,1.1375939849624062,3.2261343235237145,50,532
203022,MOTOR_ONLY_0.3,0.0,0.3,0.19817722109617342,1.277167277167277,-2.2233483532737637,50,546
203022,MOTOR_ONLY_0.4,0.0,0.4,0.20634314312345303,1.448194197750148,-2.405223910157631,50,563
203022,MOTOR_ONLY_0.5,0.0,0.5,0.23954283188156075,1.7552447552447552,2.97534488811347,50,572
203022,MOTOR_ONLY_0.6,0.0,0.6,0.303014668565004,2.3485915492957745,10.506585754219351,50,568
203022,MOTOR_ONLY_0.7,0.0,0.7,0.38276453962261114,3.6444444444444444,15.900349281177293,50,540
203022,MOTOR_ONLY_0.8,0.0,0.8,0.5951029524422479,9.110907704042715,54.39318211133403,50,437
203022,MOTOR_ONLY_0.9,0.0,0.9,0.6795428649469301,55.29094922737307,127.06117336855594,50,151
203022,MOTOR_ONLY_1.0,0.0,1.0,-0.010627706945471922,200.0,-2.1241243615016225,50,50
203023,SENSORY_SITE_FB,1.0,0.0,0.5703227604319786,4.689587700908456,38.656445896719994,50,477
203023,MOTOR_ONLY_0.0,0.0,0.0,0.1462372300660999,0.9042988019732207,17.729333791761597,50,473
203023,MOTOR_ONLY_0.1,0.0,0.1,0.1794859595747859,1.0001336005344021,16.85191199619813,50,499
203023,MOTOR_ONLY_0.2,0.0,0.2,0.1889610244922926,1.1329357190192182,20.44209154508505,50,503
203023,MOTOR_ONLY_0.3,0.0,0.3,0.23029082101754247,1.3286821705426357,17.78200402655619,50,516
203023,MOTOR_ONLY_0.4,0.0,0.4,0.2539190052915158,1.5630885122410547,16.924921171129263,50,531
203023,MOTOR_ONLY_0.5,0.0,0.5,0.3188502965166441,2.020224719101124,14.788286560706172,50,534
203023,MOTOR_ONLY_0.6,0.0,0.6,0.3871873863471978,2.646629560915275,20.373569604810335,50,539
203023,MOTOR_ONLY_0.7,0.0,0.7,0.4598973255013048,4.050843060959792,30.754687734538475,50,514
203023,MOTOR_ONLY_0.8,0.0,0.8,0.6475889339151129,10.019885900570497,65.14501863209269,50,409
203023,MOTOR_ONLY_0.9,0.0,0.9,0.6888695974899003,52.47983014861996,126.64384357996914,50,157
203023,MOTOR_ONLY_1.0,0.0,1.0,-0.04910416947974806,200.0,-9.81428667335195,50,50
203024,SENSORY_SITE_FB,1.0,0.0,0.619415925684785,4.753188691650229,34.84373373181103,50,507
203024,MOTOR_ONLY_0.0,0.0,0.0,0.1633171164935898,0.8709719504240052,1.4934965971745249,50,511
203024,MOTOR_ONLY_0.1,0.0,0.1,0.19800887457044236,0.9893536121673003,4.851844470199517,50,526
203024,MOTOR_ONLY_0.2,0.0,0.2,0.23103145982947065,1.116359163591636,2.3673044469249453,50,542
203024,MOTOR_ONLY_0.3,0.0,0.3,0.22118844507286117,1.2857487922705315,4.932654120193996,50,552
203024,MOTOR_ONLY_0.4,0.0,0.4,0.24631665983045942,1.5025368731563422,7.164279503267976,50,565
203024,MOTOR_ONLY_0.5,0.0,0.5,0.2869688101176815,1.8244874048037492,5.855688106411342,50,569
203024,MOTOR_ONLY_0.6,0.0,0.6,0.33806320370349563,2.4461538461538463,12.72732541341662,50,572
203024,MOTOR_ONLY_0.7,0.0,0.7,0.4614559707903745,3.972139303482587,20.040980636455274,50,536
203024,MOTOR_ONLY_0.8,0.0,0.8,0.6263924310595409,9.945171339563863,57.348691723059545,50,428
203024,MOTOR_ONLY_0.9,0.0,0.9,0.6585909424303679,54.81196581196581,121.80902165394565,50,156
203024,MOTOR_ONLY_1.0,0.0,1.0,-0.09069687259041277,200.0,-18.12728160173687,50,50
203025,SENSORY_SITE_FB,1.0,0.0,0.5532924043375272,4.422616699539776,25.581016539976158,50,507
203025,MOTOR_ONLY_0.0,0.0,0.0,0.10264596074126074,0.8829109811565952,0.7632193642103883,50,513
203025,MOTOR_ONLY_0.1,0.0,0.1,0.15287666011718823,1.0133843212237093,2.2021936237490776,50,523
203025,MOTOR_ONLY_0.2,0.0,0.2,0.17671591484853255,1.1226911314984709,1.317476973075198,50,545
203025,MOTOR_ONLY_0.3,0.0,0.3,0.18372269121632195,1.3044722719141324,6.975410840437575,50,559
203025,MOTOR_ONLY_0.4,0.0,0.4,0.22339452569431018,1.4981067125645438,-0.5983449158286989,50,581
203025,MOTOR_ONLY_0.5,0.0,0.5,0.2794574226849644,1.9008605851979345,9.361547028506623,50,581
203025,MOTOR_ONLY_0.6,0.0,0.6,0.3524417687507661,2.5686274509803924,13.536815382164445,50,578
203025,MOTOR_ONLY_0.7,0.0,0.7,0.47953931659260296,4.358238993710692,24.954679344548694,50,530
203025,MOTOR_ONLY_0.8,0.0,0.8,0.605087618348571,9.67125382262997,54.28540913099183,50,436
203025,MOTOR_ONLY_0.9,0.0,0.9,0.6710145551512833,57.31315789473684,128.0343579218662,50,152
203025,MOTOR_ONLY_1.0,0.0,1.0,-0.08055741022976674,200.0,-16.10074105792263,50,50
203026,SENSORY_SITE_FB,1.0,0.0,0.5500007858897874,4.569211195928753,31.257510267886815,50,524
203026,MOTOR_ONLY_0.0,0.0,0.0,0.09973492550908188,0.9142857142857143,-1.6023047698907484,50,518
203026,MOTOR_ONLY_0.1,0.0,0.1,0.10850337658944706,1.011382113821138,6.7424032029934775,50,533
203026,MOTOR_ONLY_0.2,0.0,0.2,0.14193492794481258,1.1416515973477999,4.584850163551295,50,553
203026,MOTOR_ONLY_0.3,0.0,0.3,0.17033670899911624,1.2985915492957747,6.980207770102724,50,568
203026,MOTOR_ONLY_0.4,0.0,0.4,0.2082618782465649,1.5064406779661017,8.903133924337885,50,590
203026,MOTOR_ONLY_0.5,0.0,0.5,0.2577361332748111,1.8583192329385223,4.855529486472347,50,591
203026,MOTOR_ONLY_0.6,0.0,0.6,0.31882900236690415,2.4046666666666665,12.099648425726594,50,600
203026,MOTOR_ONLY_0.7,0.0,0.7,0.40997024687704225,3.8904076738609112,20.428883509878812,50,556
203026,MOTOR_ONLY_0.8,0.0,0.8,0.6227570382692994,10.079999999999998,60.17584276693797,50,430
203026,MOTOR_ONLY_0.9,0.0,0.9,0.7189821076998777,63.792380952380945,136.07321644666663,50,140
203026,MOTOR_ONLY_1.0,0.0,1.0,0.014646059420052237,200.0,2.927259076087749,50,50
203027,SENSORY_SITE_FB,1.0,0.0,0.5224551404342852,3.9366978193146416,33.319576877508766,50,535
203027,MOTOR_ONLY_0.0,0.0,0.0,0.14311680170226324,0.8966799468791501,5.621291887578561,50,502
203027,MOTOR_ONLY_0.1,0.0,0.1,0.15426241473214808,0.9862595419847329,1.1254277894064102,50,524
203027,MOTOR_ONLY_0.2,0.0,0.2,0.12946948733096794,1.0841006752608962,6.198539090149707,50,543
203027,MOTOR_ONLY_0.3,0.0,0.3,0.17468457389113465,1.2498220640569395,10.585270621873738,50,562
203027,MOTOR_ONLY_0.4,0.0,0.4,0.19344554840316897,1.4732394366197183,6.909018499440842,50,568
203027,MOTOR_ONLY_0.5,0.0,0.5,0.2550192650476794,1.875925925925926,8.6131090061487,50,576
203027,MOTOR_ONLY_0.6,0.0,0.6,0.3278636039310385,2.523606168446026,6.514316091970011,50,562
203027,MOTOR_ONLY_0.7,0.0,0.7,0.41845325127580224,3.8826273787599757,15.26151745659743,50,543
203027,MOTOR_ONLY_0.8,0.0,0.8,0.5947445535933625,9.008787878787878,50.8598363913975,50,440
203027,MOTOR_ONLY_0.9,0.0,0.9,0.6922532759291213,58.91402298850575,127.7372336897024,50,145
203027,MOTOR_ONLY_1.0,0.0,1.0,-0.01111044863371892,200.0,-2.2206083335922115,50,50
203028,SENSORY_SITE_FB,1.0,0.0,0.5782809538500541,4.432271762208067,28.892479269909355,50,471
203028,MOTOR_ONLY_0.0,0.0,0.0,0.1469601560695219,0.9509065550906556,3.292077878039813,50,478
203028,MOTOR_ONLY_0.1,0.0,0.1,0.1863421042129999,1.0511690046760187,-3.0245860590319493,50,499
203028,MOTOR_ONLY_0.2,0.0,0.2,0.221847650419093,1.166984126984127,7.217666648242632,50,525
203028,MOTOR_ONLY_0.3,0.0,0.3,0.23875454859077,1.3678460583488516,3.628017757638622,50,537
203028,MOTOR_ONLY_0.4,0.0,0.4,0.2967511623381821,1.6448529411764705,1.0443427802927638,50,544
203028,MOTOR_ONLY_0.5,0.0,0.5,0.3014454753418911,1.9731857318573185,0.7326253340384554,50,542
203028,MOTOR_ONLY_0.6,0.0,0.6,0.3711339419473713,2.595003046922608,11.660549021975879,50,547
203028,MOTOR_ONLY_0.7,0.0,0.7,0.4492836849256031,3.842125237191651,18.176737388365108,50,527
203028,MOTOR_ONLY_0.8,0.0,0.8,0.6264731737938108,9.076689445709947,48.98074334720447,50,439
203028,MOTOR_ONLY_0.9,0.0,0.9,0.7278103134522169,66.84747474747475,134.3631885627908,50,132
203028,MOTOR_ONLY_1.0,0.0,1.0,0.0844103017022497,200.0,16.870805633556138,50,50
203029,SENSORY_SITE_FB,1.0,0.0,0.6222866313260452,4.870133333333333,35.057511090957185,50,500
203029,MOTOR_ONLY_0.0,0.0,0.0,0.16074599410068716,0.9204216073781292,3.3672098206586702,50,506
203029,MOTOR_ONLY_0.1,0.0,0.1,0.16576274834908772,1.0050697084917617,2.7438611536201063,50,526
203029,MOTOR_ONLY_0.2,0.0,0.2,0.20260110022228572,1.1284132841328411,-2.453958847668783,50,542
203029,MOTOR_ONLY_0.3,0.0,0.3,0.22638464208968614,1.2898446833930706,9.540846462272736,50,558
203029,MOTOR_ONLY_0.4,0.0,0.4,0.25310668948642545,1.5427230046948357,9.52304148731638,50,568
203029,MOTOR_ONLY_0.5,0.0,0.5,0.3063569008811241,1.8949913644214162,8.551963999847546,50,579
203029,MOTOR_ONLY_0.6,0.0,0.6,0.3577081458097827,2.558508158508159,15.5682819318651,50,572
203029,MOTOR_ONLY_0.7,0.0,0.7,0.4724562454871485,4.027906976744186,25.917540671122243,50,559
203029,MOTOR_ONLY_0.8,0.0,0.8,0.6065905262288808,9.490268199233718,54.651126461338535,50,435
203029,MOTOR_ONLY_0.9,0.0,0.9,0.6969378036016238,55.44430107526881,130.43408502716355,50,155
203029,MOTOR_ONLY_1.0,0.0,1.0,-0.028402224822343208,200.0,-5.67665800115963,50,50
